Date,Open,High,Low,Close,Adj Close,Volume,Dividends,Stock Splits
2005-01-03,121.55999755859376,121.76000213623048,119.9000015258789,120.3000030517578,81.38371276855469,55748000,0.0,0.0
2005-01-04,120.45999908447266,120.54000091552734,118.44000244140624,118.83000183105467,80.38927459716797,69167600,0.0,0.0
2005-01-05,118.73999786376952,119.25,118.0,118.01000213623048,79.83452606201172,65667300,0.0,0.0
2005-01-06,118.44000244140624,119.1500015258789,118.26000213623048,118.61000061035156,80.2404556274414,47814700,0.0,0.0
2005-01-07,118.97000122070312,119.2300033569336,118.12999725341795,118.44000244140624,80.12545776367188,55847700,0.0,0.0
2005-01-10,118.33999633789062,119.45999908447266,118.33999633789062,119.0,80.50428009033203,56563300,0.0,0.0
2005-01-11,118.63999938964844,118.73999786376952,117.98999786376952,118.18000030517578,79.94952392578125,63099700,0.0,0.0
2005-01-12,118.4000015258789,118.83999633789062,117.5199966430664,118.56999969482422,80.21337127685547,72720500,0.0,0.0
2005-01-13,118.63999938964844,118.7300033569336,117.5,117.62000274658205,79.5707015991211,55537500,0.0,0.0
2005-01-14,117.97000122070312,118.52999877929688,117.76000213623048,118.23999786376952,79.99015808105469,42032500,0.0,0.0
2005-01-18,118.0500030517578,119.62000274658205,117.9499969482422,119.47000122070312,80.82222747802734,57391700,0.0,0.0
2005-01-19,119.43000030517578,119.5199966430664,118.20999908447266,118.22000122070312,79.97660827636719,54378900,0.0,0.0
2005-01-20,117.88999938964844,118.1999969482422,117.29000091552734,117.5,79.4895248413086,72049300,0.0,0.0
2005-01-21,117.79000091552734,118.0,116.6500015258789,116.77999877929688,79.00245666503906,63160400,0.0,0.0
2005-01-24,117.08999633789062,117.33999633789062,116.37000274658205,116.5500030517578,78.8468246459961,58441900,0.0,0.0
2005-01-25,116.91000366210938,117.47000122070312,116.72000122070312,116.87999725341795,79.07007598876953,68245000,0.0,0.0
2005-01-26,117.31999969482422,117.5999984741211,117.04000091552734,117.2300033569336,79.30685424804688,57195100,0.0,0.0
2005-01-27,117.19000244140624,117.75,116.9800033569336,117.43000030517578,79.44216918945312,55878800,0.0,0.0
2005-01-28,117.48999786376952,117.5500030517578,116.61000061035156,117.43000030517578,79.44216918945312,60738900,0.0,0.0
2005-01-31,117.9499969482422,118.25,117.70999908447266,118.16000366210938,79.93598937988281,52532700,0.0,0.0
2005-02-01,118.25,119.08000183105467,118.0999984741211,118.91000366210938,80.44338989257812,49841200,0.0,0.0
2005-02-02,119.05999755859376,119.58999633789062,118.9000015258789,119.2699966430664,80.68692779541016,52468900,0.0,0.0
2005-02-03,119.05999755859376,119.16000366210938,118.56999969482422,118.95999908447266,80.47718811035156,48837100,0.0,0.0
2005-02-04,119.0,120.43000030517578,118.9800033569336,120.2300033569336,81.33638000488281,50024600,0.0,0.0
2005-02-07,120.25,120.5199966430664,119.95999908447266,120.06999969482422,81.22811889648438,45412000,0.0,0.0
2005-02-08,120.16999816894533,120.6500015258789,120.06999969482422,120.20999908447266,81.3228530883789,39263500,0.0,0.0
2005-02-09,120.41999816894533,120.48999786376952,119.25,119.30999755859376,80.71394348144531,55279400,0.0,0.0
2005-02-10,119.66000366210938,120.0199966430664,119.26000213623048,119.73999786376952,81.0049057006836,45858600,0.0,0.0
2005-02-11,119.6999969482422,121.04000091552734,119.45999908447266,120.7699966430664,81.70166778564453,53133000,0.0,0.0
2005-02-14,120.69000244140624,120.86000061035156,120.4800033569336,120.68000030517578,81.64079284667969,32432100,0.0,0.0
2005-02-15,120.8000030517578,121.43000030517578,120.68000030517578,121.12999725341795,81.94525909423828,43852700,0.0,0.0
2005-02-16,120.93000030517578,121.45999908447266,120.66999816894533,121.20999908447266,81.99935150146484,55523000,0.0,0.0
2005-02-17,121.2300033569336,121.33000183105467,120.22000122070312,120.2300033569336,81.33638000488281,58124000,0.0,0.0
2005-02-18,120.23999786376952,120.4800033569336,119.9000015258789,120.38999938964844,81.44461059570312,47723300,0.0,0.0
2005-02-22,119.9000015258789,120.47000122070312,118.58000183105467,118.5999984741211,80.23368072509766,80697600,0.0,0.0
2005-02-23,118.93000030517578,119.56999969482422,118.62000274658205,119.4499969482422,80.80870819091797,68292600,0.0,0.0
2005-02-24,119.23999786376952,120.31999969482422,118.9800033569336,120.23999786376952,81.34310913085938,68563600,0.0,0.0
2005-02-25,120.2699966430664,121.66999816894533,120.18000030517578,121.43000030517578,82.148193359375,60899900,0.0,0.0
2005-02-28,121.1500015258789,121.3000030517578,120.04000091552734,120.62999725341795,81.6069564819336,69381300,0.0,0.0
2005-03-01,120.81999969482422,121.5199966430664,120.77999877929688,121.2300033569336,82.01286315917969,47294400,0.0,0.0
2005-03-02,120.76000213623048,121.93000030517578,120.6500015258789,121.16999816894533,81.9722671508789,64226500,0.0,0.0
2005-03-03,121.66000366210938,121.9000015258789,120.6999969482422,121.22000122070312,82.00611877441406,61230800,0.0,0.0
2005-03-04,122.0500030517578,122.83000183105467,121.79000091552734,122.7300033569336,83.02762603759766,56168500,0.0,0.0
2005-03-07,122.66000366210938,123.25,122.4000015258789,122.79000091552734,83.0682373046875,43442400,0.0,0.0
2005-03-08,122.66999816894533,123.0,122.11000061035156,122.33000183105467,82.75702667236328,44362000,0.0,0.0
2005-03-09,121.97000122070312,122.29000091552734,120.95999908447266,120.97000122070312,81.83698272705078,73263600,0.0,0.0
2005-03-10,121.1999969482422,121.5,120.4000015258789,121.23999786376952,82.0196533203125,65149000,0.0,0.0
2005-03-11,121.30999755859376,121.72000122070312,120.16000366210938,120.38999938964844,81.44461059570312,57976500,0.0,0.0
2005-03-14,120.61000061035156,121.16000366210938,120.27999877929688,121.13999938964844,81.95201873779297,36336400,0.0,0.0
2005-03-15,121.41999816894533,121.45999908447266,120.08000183105467,120.13999938964844,81.27548217773438,62438500,0.0,0.0
2005-03-16,119.6999969482422,120.16000366210938,118.9000015258789,119.12000274658205,80.58544158935547,74874200,0.0,0.0
2005-03-17,119.30999755859376,119.73999786376952,118.9800033569336,119.36000061035156,80.74779510498047,62584200,0.0,0.0
2005-03-18,119.11000061035156,119.52999877929688,118.1500015258789,118.54000091552734,80.50804901123047,60232000,0.467,0.0
2005-03-21,118.70999908447266,118.77999877929688,117.76000213623048,118.0999984741211,80.20922088623047,61244300,0.0,0.0
2005-03-22,118.37000274658205,118.93000030517578,116.9000015258789,116.9000015258789,79.39424133300781,92472400,0.0,0.0
2005-03-23,116.9499969482422,117.72000122070312,116.75,117.0,79.46212768554688,70817300,0.0,0.0
2005-03-24,117.45999908447266,117.98999786376952,117.05999755859376,117.13999938964844,79.5572509765625,51932500,0.0,0.0
2005-03-28,117.41999816894533,117.94000244140624,117.30999755859376,117.30999755859376,79.6727066040039,46765500,0.0,0.0
2005-03-29,117.13999938964844,117.9000015258789,116.25,116.52999877929688,79.14293670654297,71160300,0.0,0.0
2005-03-30,116.77999877929688,118.1999969482422,116.7699966430664,118.18000030517578,80.26358032226562,62002100,0.0,0.0
2005-03-31,118.19000244140624,118.45999908447266,117.87000274658205,117.95999908447266,80.1141586303711,64575400,0.0,0.0
2005-04-01,118.62999725341795,118.98999786376952,116.91000366210938,117.43000030517578,79.75418853759766,95255300,0.0,0.0
2005-04-04,117.36000061035156,117.86000061035156,116.73999786376952,117.62999725341795,79.89002227783203,71581200,0.0,0.0
2005-04-05,117.77999877929688,118.37999725341795,117.66999816894533,118.19000244140624,80.27035522460938,46853900,0.0,0.0
2005-04-06,118.4499969482422,118.9499969482422,118.18000030517578,118.5999984741211,80.54881286621094,53268200,0.0,0.0
2005-04-07,118.41000366210938,119.26000213623048,118.31999969482422,119.23999786376952,80.98345184326172,46734600,0.0,0.0
2005-04-08,119.16999816894533,119.20999908447266,118.0,118.0,80.14131927490234,63772900,0.0,0.0
2005-04-11,118.29000091552734,118.41999816894533,117.83000183105467,118.08999633789062,80.20244598388672,44945000,0.0,0.0
2005-04-12,117.88999938964844,119.05999755859376,117.06999969482422,118.6999969482422,80.61675262451172,86144800,0.0,0.0
2005-04-13,118.55999755859376,118.8000030517578,117.12999725341795,117.3000030517578,79.66588592529297,65949000,0.0,0.0
2005-04-14,117.4000015258789,117.5,115.7699966430664,115.7699966430664,78.62676239013672,96119800,0.0,0.0
2005-04-15,115.73999786376952,116.1999969482422,114.0999984741211,114.1500015258789,77.52654266357422,128677300,0.0,0.0
2005-04-18,114.12000274658205,114.95999908447266,113.95999908447266,114.5,77.76424407958984,100035200,0.0,0.0
2005-04-19,115.0999984741211,115.52999877929688,114.83000183105467,115.41000366210938,78.38228607177734,64930100,0.0,0.0
2005-04-20,115.37999725341795,115.62999725341795,113.5500030517578,113.8000030517578,77.28883361816406,107735900,0.0,0.0
2005-04-21,114.79000091552734,116.20999908447266,114.37999725341795,116.01000213623048,78.78978729248047,86952200,0.0,0.0
2005-04-22,115.73999786376952,116.5,114.2699966430664,115.56999969482422,78.4909439086914,88845800,0.0,0.0
2005-04-25,115.86000061035156,116.5,115.72000122070312,116.33000183105467,79.00711822509766,52284100,0.0,0.0
2005-04-26,115.95999908447266,116.7699966430664,115.1500015258789,115.1999969482422,78.2396240234375,72626000,0.0,0.0
2005-04-27,114.86000061035156,116.06999969482422,114.44000244140624,115.6500015258789,78.54524993896484,84131900,0.0,0.0
2005-04-28,115.2699966430664,115.68000030517578,114.1999969482422,114.1999969482422,77.56048583984375,72481500,0.0,0.0
2005-04-29,115.06999969482422,115.87000274658205,113.97000122070312,115.75,78.61320495605469,103993800,0.0,0.0
2005-05-02,116.06999969482422,116.41000366210938,115.5199966430664,116.4000015258789,79.05462646484375,56026400,0.0,0.0
2005-05-03,116.06999969482422,116.8499984741211,115.69000244140624,116.5999984741211,79.19052124023438,86000300,0.0,0.0
2005-05-04,116.6500015258789,117.75,116.27999877929688,117.5,79.8017349243164,81055700,0.0,0.0
2005-05-05,117.66999816894533,118.0,116.73999786376952,117.45999908447266,79.77455139160156,96906700,0.0,0.0
2005-05-06,117.93000030517578,117.98999786376952,117.05999755859376,117.08999633789062,79.52326202392578,67415400,0.0,0.0
2005-05-09,117.20999908447266,118.08000183105467,117.0500030517578,117.81999969482422,80.01907348632812,43750500,0.0,0.0
2005-05-10,117.36000061035156,117.5,116.38999938964844,116.5999984741211,79.19052124023438,74613500,0.0,0.0
2005-05-11,116.93000030517578,117.4000015258789,115.8499984741211,117.23999786376952,79.62515258789062,91647400,0.0,0.0
2005-05-12,117.31999969482422,117.58999633789062,115.9499969482422,115.9499969482422,78.7490463256836,95086800,0.0,0.0
2005-05-13,116.3000030517578,116.62000274658205,114.8000030517578,115.72000122070312,78.59282684326172,85267000,0.0,0.0
2005-05-16,115.6999969482422,116.83999633789062,115.66000366210938,116.8000030517578,79.3263168334961,49207000,0.0,0.0
2005-05-17,116.41000366210938,117.6999969482422,116.16000366210938,117.58000183105467,79.85606384277344,61071800,0.0,0.0
2005-05-18,118.08999633789062,119.08000183105467,118.01000213623048,118.79000091552734,80.67784881591797,77944900,0.0,0.0
2005-05-19,119.0199966430664,119.41000366210938,118.6999969482422,119.29000091552734,81.01744079589844,61768100,0.0,0.0
2005-05-20,119.33999633789062,119.38999938964844,118.73999786376952,119.12000274658205,80.9019775390625,46345500,0.0,0.0
2005-05-23,119.20999908447266,120.04000091552734,119.19000244140624,119.77999877929688,81.35026550292969,51047900,0.0,0.0
2005-05-24,119.44000244140624,119.83000183105467,119.1999969482422,119.5,81.1600570678711,50654100,0.0,0.0
2005-05-25,119.3499984741211,119.87000274658205,118.83000183105467,119.41000366210938,81.09894561767578,47608800,0.0,0.0
2005-05-26,119.79000091552734,120.20999908447266,119.62000274658205,120.0500030517578,81.53362274169922,43256200,0.0,0.0
2005-05-27,120.05999755859376,120.25,119.8000030517578,120.25,81.66943359375,24596100,0.0,0.0
2005-05-31,120.08000183105467,120.16999816894533,119.4000015258789,119.4800033569336,81.146484375,43377200,0.0,0.0
2005-06-01,119.5199966430664,120.91999816894533,119.4499969482422,120.5,81.83919525146484,69611000,0.0,0.0
2005-06-02,120.2300033569336,120.83999633789062,120.0999984741211,120.76000213623048,82.01580047607422,39704500,0.0,0.0
2005-06-03,120.5500030517578,120.88999938964844,119.7300033569336,120.1500015258789,81.60151672363281,60999400,0.0,0.0
2005-06-06,119.9499969482422,120.1999969482422,119.5500030517578,120.04000091552734,81.52684020996094,36046400,0.0,0.0
2005-06-07,120.38999938964844,121.25,120.01000213623048,120.12999725341795,81.58790588378906,66501300,0.0,0.0
2005-06-08,120.43000030517578,120.58999633789062,119.66999816894533,119.91000366210938,81.43852233886719,46881200,0.0,0.0
2005-06-09,119.73999786376952,120.58000183105467,119.44000244140624,120.4800033569336,81.8256607055664,56653300,0.0,0.0
2005-06-10,120.55999755859376,120.6500015258789,119.5999984741211,120.1999969482422,81.63545989990234,36465300,0.0,0.0
2005-06-13,119.94000244140624,121.08000183105467,119.80999755859376,120.58000183105467,81.89358520507812,49383200,0.0,0.0
2005-06-14,120.4499969482422,121.1999969482422,120.37999725341795,120.86000061035156,82.0837173461914,33857100,0.0,0.0
2005-06-15,121.16000366210938,121.23999786376952,120.2300033569336,121.08999633789062,82.23992156982422,53195600,0.0,0.0
2005-06-16,121.05999755859376,121.63999938964844,120.91999816894533,121.4000015258789,82.45050811767578,46564500,0.0,0.0
2005-06-17,121.54000091552734,121.9000015258789,121.22000122070312,121.36000061035156,82.75595092773438,51529400,0.488,0.0
2005-06-20,121.08000183105467,121.83999633789062,120.94000244140624,121.4000015258789,82.78323364257812,41019400,0.0,0.0
2005-06-21,121.5,121.6500015258789,121.02999877929688,121.47000122070312,82.83099365234375,39879800,0.0,0.0
2005-06-22,121.68000030517578,121.94000244140624,121.06999969482422,121.56999969482422,82.89917755126953,46310100,0.0,0.0
2005-06-23,121.31999969482422,121.5999984741211,119.83000183105467,119.86000061035156,81.73311614990234,62185600,0.0,0.0
2005-06-24,119.87999725341795,120.01000213623048,118.83999633789062,118.9800033569336,81.13302612304688,58572500,0.0,0.0
2005-06-27,118.97000122070312,119.41000366210938,118.75,119.1500015258789,81.24897003173828,48183800,0.0,0.0
2005-06-28,119.4000015258789,120.23999786376952,119.37000274658205,120.1500015258789,81.93086242675781,41174200,0.0,0.0
2005-06-29,120.37000274658205,120.4000015258789,119.76000213623048,119.83000183105467,81.712646484375,42316500,0.0,0.0
2005-06-30,120.22000122070312,120.31999969482422,118.9499969482422,119.18000030517578,81.2694320678711,62288800,0.0,0.0
2005-07-01,119.4499969482422,119.8000030517578,119.20999908447266,119.52999877929688,81.50807189941406,49737500,0.0,0.0
2005-07-05,119.25,120.6500015258789,119.19000244140624,120.48999786376952,82.16272735595703,51549000,0.0,0.0
2005-07-06,120.38999938964844,120.6500015258789,119.41000366210938,119.4800033569336,81.47400665283203,52363600,0.0,0.0
2005-07-07,118.29000091552734,119.9499969482422,118.26000213623048,119.9499969482422,81.79450988769531,103268800,0.0,0.0
2005-07-08,119.97000122070312,121.31999969482422,119.72000122070312,121.31999969482422,82.72869110107422,64491200,0.0,0.0
2005-07-11,121.33000183105467,122.0999984741211,121.30999755859376,121.94000244140624,83.15147399902344,49688300,0.0,0.0
2005-07-12,121.98999786376952,122.62999725341795,121.63999938964844,122.26000213623048,83.36965942382812,51871100,0.0,0.0
2005-07-13,122.2699966430664,122.5199966430664,121.98999786376952,122.43000030517578,83.48562622070312,41182300,0.0,0.0
2005-07-14,122.9800033569336,123.44000244140624,122.48999786376952,122.91000366210938,83.81291961669922,63638800,0.0,0.0
2005-07-15,122.79000091552734,123.04000091552734,122.36000061035156,122.83999633789062,83.76518249511719,56075900,0.0,0.0
2005-07-18,122.5,122.62999725341795,122.0500030517578,122.3499984741211,83.43106079101562,56598400,0.0,0.0
2005-07-19,122.70999908447266,123.11000061035156,122.41000366210938,123.0199966430664,83.88793182373047,59165700,0.0,0.0
2005-07-20,122.58999633789062,123.7300033569336,122.3000030517578,123.44000244140624,84.17433166503906,69477000,0.0,0.0
2005-07-21,123.5500030517578,123.61000061035156,122.47000122070312,122.72000122070312,83.68331909179688,101110900,0.0,0.0
2005-07-22,122.87999725341795,123.55999755859376,122.62999725341795,123.54000091552734,84.2425308227539,52607100,0.0,0.0
2005-07-25,123.41000366210938,123.9499969482422,122.8499984741211,123.19000244140624,84.00382995605469,57301600,0.0,0.0
2005-07-26,123.2300033569336,123.52999877929688,122.9499969482422,123.33999633789062,84.10614776611328,42758800,0.0,0.0
2005-07-27,123.5,123.88999938964844,123.0500030517578,123.79000091552734,84.41300964355469,43181600,0.0,0.0
2005-07-28,123.95999908447266,124.63999938964844,123.63999938964844,124.56999969482422,84.94490814208984,47880700,0.0,0.0
2005-07-29,124.41000366210938,124.62999725341795,123.5,123.73999786376952,84.37889099121094,62358100,0.0,0.0
2005-08-01,123.83000183105467,124.04000091552734,123.4499969482422,123.6500015258789,84.3175277709961,40418200,0.0,0.0
2005-08-02,123.87000274658205,124.5999984741211,123.73999786376952,124.38999938964844,84.82213592529297,45147400,0.0,0.0
2005-08-03,124.25,124.73999786376952,124.12000274658205,124.72000122070312,85.04719543457031,36837200,0.0,0.0
2005-08-04,124.2300033569336,124.30999755859376,123.56999969482422,123.72000122070312,84.36527252197266,50855600,0.0,0.0
2005-08-05,123.4499969482422,123.9800033569336,122.66999816894533,122.87999725341795,83.79246520996094,53595500,0.0,0.0
2005-08-08,123.1500015258789,123.41000366210938,122.37999725341795,122.6500015258789,83.63562774658203,47616000,0.0,0.0
2005-08-09,123.05999755859376,123.58999633789062,122.87000274658205,123.38999938964844,84.14024353027344,47170000,0.0,0.0
2005-08-10,123.81999969482422,124.5,122.81999969482422,123.33000183105467,84.09929656982422,72863700,0.0,0.0
2005-08-11,123.2699966430664,124.02999877929688,123.01000213623048,123.81999969482422,84.43346405029297,58570200,0.0,0.0
2005-08-12,123.56999969482422,123.69000244140624,122.75,123.05999755859376,83.91522979736328,54776900,0.0,0.0
2005-08-15,123.22000122070312,123.87000274658205,122.83000183105467,123.81999969482422,84.43346405029297,36208500,0.0,0.0
2005-08-16,123.44000244140624,123.5199966430664,122.08999633789062,122.20999908447266,83.3355712890625,71942100,0.0,0.0
2005-08-17,122.19000244140624,122.87000274658205,122.02999877929688,122.1999969482422,83.3287582397461,62275100,0.0,0.0
2005-08-18,122.0500030517578,122.55999755859376,121.83999633789062,122.19000244140624,83.32192993164062,53388600,0.0,0.0
2005-08-19,122.62999725341795,122.81999969482422,122.1999969482422,122.47000122070312,83.51289367675781,39842100,0.0,0.0
2005-08-22,122.58000183105467,123.2300033569336,121.87999725341795,122.47000122070312,83.51289367675781,69912000,0.0,0.0
2005-08-23,122.5,122.61000061035156,121.1500015258789,122.23999786376952,83.35604858398438,55168600,0.0,0.0
2005-08-24,121.94000244140624,122.7300033569336,121.08999633789062,121.1500015258789,82.6127700805664,79104600,0.0,0.0
2005-08-25,121.3499984741211,121.66999816894533,121.20999908447266,121.58999633789062,82.91278839111328,35631100,0.0,0.0
2005-08-26,121.4800033569336,121.48999786376952,120.68000030517578,120.76000213623048,82.3468017578125,61956800,0.0,0.0
2005-08-29,120.41000366210938,121.77999877929688,120.37999725341795,121.69000244140624,82.98100280761719,56179200,0.0,0.0
2005-08-30,121.25,121.3000030517578,120.38999938964844,121.0500030517578,82.54458618164062,74160200,0.0,0.0
2005-08-31,121.19000244140624,122.66000366210938,120.73999786376952,122.58000183105467,83.58787536621094,102945200,0.0,0.0
2005-09-01,122.5199966430664,123.1500015258789,121.13999938964844,122.48999786376952,83.52651977539062,74578700,0.0,0.0
2005-09-02,122.8499984741211,122.87999725341795,122.04000091552734,122.2699966430664,83.37650299072266,47653400,0.0,0.0
2005-09-06,122.66000366210938,123.8000030517578,122.6500015258789,123.6999969482422,84.35162353515625,57251300,0.0,0.0
2005-09-07,123.62999725341795,124.12999725341795,123.45999908447266,123.91000366210938,84.49480438232422,41749700,0.0,0.0
2005-09-08,123.66000366210938,124.0,123.30999755859376,123.5,84.21521759033203,39068700,0.0,0.0
2005-09-09,123.83000183105467,124.73999786376952,123.8000030517578,124.5999984741211,84.96532440185547,43093900,0.0,0.0
2005-09-12,124.4499969482422,124.66999816894533,124.2699966430664,124.3499984741211,84.79487609863281,33017600,0.0,0.0
2005-09-13,124.12999725341795,124.41999816894533,123.5199966430664,123.66000366210938,84.3243408203125,58427500,0.0,0.0
2005-09-14,123.73999786376952,123.91999816894533,123.0199966430664,123.20999908447266,84.01749420166016,57694600,0.0,0.0
2005-09-15,123.58999633789062,123.6500015258789,122.9000015258789,123.1500015258789,83.97657775878906,73156900,0.0,0.0
2005-09-16,123.3000030517578,123.73999786376952,122.87000274658205,123.5,84.57371520996094,75424100,0.522,0.0
2005-09-19,123.47000122070312,123.5500030517578,122.63999938964844,123.08999633789062,84.29296112060547,53355300,0.0,0.0
2005-09-20,123.1999969482422,123.61000061035156,121.87000274658205,122.0500030517578,83.58077239990234,84480300,0.0,0.0
2005-09-21,121.79000091552734,121.87000274658205,120.77999877929688,120.91000366210938,82.80010986328125,94469100,0.0,0.0
2005-09-22,120.9499969482422,121.66000366210938,120.44000244140624,121.33999633789062,83.09452056884766,84597200,0.0,0.0
2005-09-23,121.23999786376952,121.88999938964844,120.9000015258789,121.44000244140624,83.16304779052734,59368100,0.0,0.0
2005-09-26,122.0199966430664,122.23999786376952,121.08000183105467,121.58000183105467,83.2588882446289,70415400,0.0,0.0
2005-09-27,121.5199966430664,121.98999786376952,121.0199966430664,121.5500030517578,83.23835754394531,66150800,0.0,0.0
2005-09-28,121.93000030517578,122.12000274658205,121.1999969482422,121.66999816894533,83.32052612304688,58620500,0.0,0.0
2005-09-29,121.5500030517578,122.86000061035156,121.08000183105467,122.66000366210938,83.99849700927734,66607700,0.0,0.0
2005-09-30,122.62000274658205,123.04000091552734,121.73999786376952,123.04000091552734,84.25871276855469,47824200,0.0,0.0
2005-10-03,122.95999908447266,123.33999633789062,122.4499969482422,122.5999984741211,83.95742797851562,50994800,0.0,0.0
2005-10-04,122.79000091552734,123.02999877929688,121.16000366210938,121.22000122070312,83.01234436035156,60776300,0.0,0.0
2005-10-05,121.25,121.30999755859376,119.56999969482422,119.62999725341795,81.92350006103516,106052100,0.0,0.0
2005-10-06,119.77999877929688,120.26000213623048,118.16999816894533,119.1999969482422,81.62904357910156,140941800,0.0,0.0
2005-10-07,119.6999969482422,120.0500030517578,119.12999725341795,119.61000061035156,81.90980529785156,75661400,0.0,0.0
2005-10-10,119.68000030517578,119.70999908447266,118.3000030517578,118.5999984741211,81.2181625366211,52677000,0.0,0.0
2005-10-11,118.98999786376952,119.38999938964844,118.31999969482422,118.43000030517578,81.10174560546875,75629800,0.0,0.0
2005-10-12,118.38999938964844,119.12999725341795,117.41000366210938,117.5,80.46488189697266,100510400,0.0,0.0
2005-10-13,117.45999908447266,118.08000183105467,116.87999725341795,117.43000030517578,80.4169692993164,99052900,0.0,0.0
2005-10-14,118.12000274658205,118.80999755859376,117.55999755859376,118.66999816894533,81.26609802246094,88651000,0.0,0.0
2005-10-17,118.8000030517578,119.2699966430664,118.4499969482422,119.11000061035156,81.56742858886719,68109300,0.0,0.0
2005-10-18,118.94000244140624,118.95999908447266,117.8000030517578,117.81999969482422,80.68402099609375,74996900,0.0,0.0
2005-10-19,117.5,119.8000030517578,117.12000274658205,119.77999877929688,82.02621459960938,116563800,0.0,0.0
2005-10-20,119.48999786376952,119.80999755859376,117.3000030517578,117.66999816894533,80.58129119873047,131966700,0.0,0.0
2005-10-21,118.29000091552734,118.77999877929688,117.51000213623048,118.12999725341795,80.89630889892578,96579500,0.0,0.0
2005-10-24,118.44000244140624,120.08999633789062,118.41000366210938,119.95999908447266,82.14948272705078,71308400,0.0,0.0
2005-10-25,119.72000122070312,120.23999786376952,118.94000244140624,119.72000122070312,81.98516845703125,76594500,0.0,0.0
2005-10-26,119.51000213623048,120.54000091552734,119.19000244140624,119.37000274658205,81.74549865722656,80855800,0.0,0.0
2005-10-27,119.1999969482422,119.37000274658205,117.93000030517578,118.0999984741211,80.87576293945312,66623100,0.0,0.0
2005-10-28,118.43000030517578,119.9499969482422,118.0999984741211,119.8000030517578,82.03996276855469,72322000,0.0,0.0
2005-10-31,120.29000091552734,121.3000030517578,120.12999725341795,120.12999725341795,82.26593017578125,77698900,0.0,0.0
2005-11-01,120.58000183105467,120.9000015258789,120.22000122070312,120.48999786376952,82.51245880126953,66365100,0.0,0.0
2005-11-02,120.16999816894533,121.75,120.12999725341795,121.75,83.37532806396484,74012300,0.0,0.0
2005-11-03,122.1500015258789,122.66000366210938,121.75,122.2699966430664,83.73140716552734,84897600,0.0,0.0
2005-11-04,122.4000015258789,122.45999908447266,121.5500030517578,122.11000061035156,83.6218490600586,59156000,0.0,0.0
2005-11-07,122.37000274658205,122.62000274658205,121.8499984741211,122.2300033569336,83.70404052734375,46765400,0.0,0.0
2005-11-08,121.93000030517578,122.41999816894533,121.79000091552734,122.2300033569336,83.70404052734375,42152800,0.0,0.0
2005-11-09,122.08000183105467,122.9499969482422,121.86000061035156,122.38999938964844,83.81356048583984,57666800,0.0,0.0
2005-11-10,122.33999633789062,123.5199966430664,121.75,123.33999633789062,84.46418762207031,79048100,0.0,0.0
2005-11-11,123.3499984741211,123.83999633789062,122.43000030517578,123.76000213623048,84.7518081665039,34867000,0.0,0.0
2005-11-14,123.79000091552734,124.0199966430664,123.37999725341795,123.69000244140624,84.7038345336914,45092200,0.0,0.0
2005-11-15,123.5500030517578,124.08999633789062,122.86000061035156,123.23999786376952,84.39566802978516,69592500,0.0,0.0
2005-11-16,123.37000274658205,123.5500030517578,122.9800033569336,123.48999786376952,84.56687927246094,51133000,0.0,0.0
2005-11-17,123.68000030517578,124.6500015258789,123.13999938964844,124.63999938964844,85.35442352294922,55717500,0.0,0.0
2005-11-18,125.05999755859376,125.27999877929688,124.33000183105467,125.12999725341795,85.68997955322266,72437200,0.0,0.0
2005-11-21,125.1500015258789,125.91000366210938,124.9800033569336,125.76000213623048,86.12139129638672,50021200,0.0,0.0
2005-11-22,125.55999755859376,126.5199966430664,125.41999816894533,126.3000030517578,86.49118041992188,66438800,0.0,0.0
2005-11-23,126.25,127.41000366210938,126.20999908447266,127.02999877929688,86.99107360839844,50854700,0.0,0.0
2005-11-25,126.9800033569336,127.22000122070312,126.80999755859376,127.12999725341795,87.05960083007812,15270000,0.0,0.0
2005-11-28,127.25,127.2699966430664,126.04000091552734,126.2300033569336,86.44324493408203,54498500,0.0,0.0
2005-11-29,126.6500015258789,126.9800033569336,126.08999633789062,126.08999633789062,86.34740447998047,51738900,0.0,0.0
2005-11-30,126.16000366210938,126.5199966430664,125.29000091552734,125.41000366210938,85.8817138671875,56007200,0.0,0.0
2005-12-01,126.0199966430664,127.02999877929688,125.9800033569336,126.69000244140624,86.75824737548828,65468200,0.0,0.0
2005-12-02,126.7699966430664,127.08000183105467,126.5,126.8499984741211,86.86783599853516,46699400,0.0,0.0
2005-12-05,126.6999969482422,126.7300033569336,126.18000030517578,126.58000183105467,86.68293762207031,59273400,0.0,0.0
2005-12-06,127.0500030517578,127.73999786376952,126.62999725341795,126.81999969482422,86.8472900390625,57935200,0.0,0.0
2005-12-07,126.7699966430664,126.87000274658205,125.68000030517578,126.08000183105467,86.34053039550781,66816500,0.0,0.0
2005-12-08,126.22000122070312,126.81999969482422,125.4800033569336,126.0,86.28575134277344,62608600,0.0,0.0
2005-12-09,126.16000366210938,126.77999877929688,125.81999969482422,126.33000183105467,86.51172637939453,50744500,0.0,0.0
2005-12-12,126.70999908447266,126.86000061035156,125.95999908447266,126.4499969482422,86.59395599365234,48389900,0.0,0.0
2005-12-13,126.41999816894533,127.6999969482422,126.29000091552734,127.30999755859376,87.18285369873047,88630900,0.0,0.0
2005-12-14,127.19000244140624,128.08999633789062,127.13999938964844,127.80999755859376,87.52526092529297,64375000,0.0,0.0
2005-12-15,127.83999633789062,128.0,127.18000030517578,127.44000244140624,87.27189636230469,55900300,0.0,0.0
2005-12-16,127.27999877929688,127.36000061035156,126.36000061035156,126.36000061035156,86.9909896850586,46238300,0.672,0.0
2005-12-19,126.7300033569336,126.87000274658205,125.69000244140624,125.70999908447266,86.54351806640625,48733000,0.0,0.0
2005-12-20,125.86000061035156,126.58999633789062,125.4800033569336,125.83000183105467,86.6260986328125,46603200,0.0,0.0
2005-12-21,126.22000122070312,126.76000213623048,125.8000030517578,126.02999877929688,86.76377868652344,51806900,0.0,0.0
2005-12-22,126.30999755859376,126.69000244140624,126.08000183105467,126.69000244140624,87.21817779541016,32247900,0.0,0.0
2005-12-23,126.77999877929688,126.86000061035156,126.41999816894533,126.76000213623048,87.266357421875,27977300,0.0,0.0
2005-12-27,126.95999908447266,127.0500030517578,125.37999725341795,125.47000122070312,86.37830352783203,44499500,0.0,0.0
2005-12-28,125.73999786376952,125.98999786376952,125.5,125.75,86.57105255126953,30764300,0.0,0.0
2005-12-29,125.72000122070312,125.95999908447266,125.05999755859376,125.19000244140624,86.18550872802734,32788900,0.0,0.0
2005-12-30,124.8000030517578,125.05999755859376,124.36000061035156,124.51000213623048,85.71735382080078,44645600,0.0,0.0
2006-01-03,125.19000244140624,127.0,124.38999938964844,126.6999969482422,87.22505187988281,73256700,0.0,0.0
2006-01-04,126.86000061035156,127.48999786376952,126.6999969482422,127.3000030517578,87.63807678222656,51899600,0.0,0.0
2006-01-05,127.1500015258789,127.58999633789062,126.87999725341795,127.37999725341795,87.69319152832031,47307500,0.0,0.0
2006-01-06,128.02000427246094,128.5800018310547,127.36000061035156,128.44000244140625,88.42292785644531,62885900,0.0,0.0
2006-01-09,128.4199981689453,129.05999755859375,128.3800048828125,128.77000427246094,88.65011596679688,43527400,0.0,0.0
2006-01-10,128.38999938964844,128.97999572753906,128.25999450683594,128.89999389648438,88.7396469116211,44960800,0.0,0.0
2006-01-11,129.02000427246094,129.44000244140625,128.72999572753906,129.30999755859375,89.02185821533203,49598900,0.0,0.0
2006-01-12,129.0800018310547,129.27999877929688,128.44000244140625,128.8000030517578,88.67076110839844,40509200,0.0,0.0
2006-01-13,128.57000732421875,128.89999389648438,128.1999969482422,128.67999267578125,88.58811950683594,44856700,0.0,0.0
2006-01-17,128.1999969482422,128.4199981689453,127.80999755859376,128.3300018310547,88.34719848632812,52066600,0.0,0.0
2006-01-18,127.58000183105467,128.89999389648438,127.16000366210938,127.81999969482422,87.99612426757812,75067600,0.0,0.0
2006-01-19,128.1300048828125,128.77000427246094,127.80999755859376,128.30999755859375,88.33342742919922,81530400,0.0,0.0
2006-01-20,128.27999877929688,128.30999755859375,125.97000122070312,125.97000122070312,86.72247314453125,114957800,0.0,0.0
2006-01-23,126.20999908447266,126.81999969482422,126.12999725341795,126.41999816894533,87.03227233886719,67017400,0.0,0.0
2006-01-24,126.62999725341795,127.1500015258789,126.41999816894533,126.5500030517578,87.12179565429688,53008800,0.0,0.0
2006-01-25,127.04000091552734,127.18000030517578,125.83999633789062,126.66000366210938,87.19752502441406,87747700,0.0,0.0
2006-01-26,127.25,127.66999816894533,126.76000213623048,127.36000061035156,87.67942810058594,71294000,0.0,0.0
2006-01-27,127.66000366210938,128.66000366210938,127.4499969482422,128.5399932861328,88.4917984008789,65771200,0.0,0.0
2006-01-30,128.44000244140625,128.80999755859375,128.35000610351562,128.44000244140625,88.42292785644531,33709600,0.0,0.0
2006-01-31,128.32000732421875,128.5399932861328,127.48999786376952,127.5,87.77580261230469,72937000,0.0,0.0
2006-02-01,127.81999969482422,128.42999267578125,127.72000122070312,128.38999938964844,88.38849639892578,63561000,0.0,0.0
2006-02-02,128.10000610351562,128.13999938964844,126.8000030517578,126.9000015258789,87.36274719238281,83626900,0.0,0.0
2006-02-03,126.58000183105467,128.38999938964844,126.13999938964844,126.2699966430664,86.92899322509766,86040400,0.0,0.0
2006-02-06,126.44000244140624,126.8000030517578,126.16999816894533,126.5999984741211,87.15620422363281,45511900,0.0,0.0
2006-02-07,126.37999725341795,126.66000366210938,125.4000015258789,125.4800033569336,86.3851547241211,71208100,0.0,0.0
2006-02-08,125.8499984741211,128.10000610351562,125.5999984741211,126.62000274658205,87.16995239257812,59422200,0.0,0.0
2006-02-09,126.91999816894533,127.5999984741211,126.37000274658205,126.41000366210938,87.02542114257812,62023300,0.0,0.0
2006-02-10,126.43000030517578,127.12999725341795,125.4499969482422,126.63999938964844,87.1837387084961,64508700,0.0,0.0
2006-02-13,126.5999984741211,126.79000091552734,125.9499969482422,126.41000366210938,87.02542114257812,52308700,0.0,0.0
2006-02-14,126.45999908447266,128.02999877929688,126.20999908447266,127.75,87.94791412353516,90964400,0.0,0.0
2006-02-15,127.68000030517578,128.32000732421875,127.23999786376952,128.1999969482422,88.2577133178711,85471300,0.0,0.0
2006-02-16,128.33999633789062,129.2100067138672,128.17999267578125,129.16000366210938,88.91864013671875,61017900,0.0,0.0
2006-02-17,129.0500030517578,129.16000366210938,128.5800018310547,128.80999755859375,88.67765045166016,40342600,0.0,0.0
2006-02-21,129.11000061035156,129.39999389648438,128.2899932861328,128.49000549316406,88.4573745727539,46456300,0.0,0.0
2006-02-22,128.77000427246094,129.64999389648438,128.64999389648438,129.27000427246094,88.99433135986328,42326700,0.0,0.0
2006-02-23,129.27000427246094,129.63999938964844,128.27999877929688,129.0800018310547,88.8635482788086,43423200,0.0,0.0
2006-02-24,129.11000061035156,129.47999572753906,128.75999450683594,129.41000366210938,89.09070587158203,36777400,0.0,0.0
2006-02-27,129.39999389648438,130.0399932861328,129.27999877929688,129.4600067138672,89.12512969970703,35858600,0.0,0.0
2006-02-28,129.1999969482422,129.91000366210938,128.1300048828125,128.22999572753906,88.27835845947266,74394800,0.0,0.0
2006-03-01,128.60000610351562,129.49000549316406,128.5,129.3699951171875,89.06317901611328,48641600,0.0,0.0
2006-03-02,128.89999389648438,129.4199981689453,128.61000061035156,129.36000061035156,89.0562973022461,60642300,0.0,0.0
2006-03-03,128.6699981689453,130.07000732421875,128.64999389648438,128.75999450683594,88.64321899414062,73402500,0.0,0.0
2006-03-06,129.13999938964844,129.17999267578125,127.8499984741211,128.1699981689453,88.2370834350586,57478400,0.0,0.0
2006-03-07,127.86000061035156,128.05999755859375,127.4000015258789,127.97000122070312,88.099365234375,61780800,0.0,0.0
2006-03-08,127.6999969482422,128.44000244140625,127.18000030517578,128.24000549316406,88.2852783203125,66692400,0.0,0.0
2006-03-09,128.27999877929688,128.67999267578125,127.37999725341795,127.37999725341795,87.69319152832031,56313600,0.0,0.0
2006-03-10,127.70999908447266,128.83999633789062,127.44000244140624,128.58999633789062,88.52619934082031,60490800,0.0,0.0
2006-03-13,128.83999633789062,129.16000366210938,128.52999877929688,128.8300018310547,88.6914291381836,45479100,0.0,0.0
2006-03-14,128.7100067138672,130.22999572753906,128.61000061035156,130.17999267578125,89.62081909179688,69877300,0.0,0.0
2006-03-15,130.14999389648438,130.86000061035156,129.85000610351562,130.75999450683594,90.02009582519531,53398900,0.0,0.0
2006-03-16,131.00999450683594,131.47000122070312,130.83999633789062,131.02999877929688,90.2060089111328,65526400,0.0,0.0
2006-03-17,130.67999267578125,130.89999389648438,130.3800048828125,130.6199951171875,90.28134155273438,47286800,0.519,0.0
2006-03-20,130.63999938964844,130.89999389648438,130.2100067138672,130.41000366210938,90.13616180419922,45538500,0.0,0.0
2006-03-21,130.3699951171875,130.99000549316406,129.4499969482422,129.58999633789062,89.56941223144531,87102700,0.0,0.0
2006-03-22,129.50999450683594,130.50999450683594,129.4499969482422,130.3800048828125,90.11546325683594,51605700,0.0,0.0
2006-03-23,130.25999450683594,130.38999938964844,129.66000366210938,130.11000061035156,89.92884826660156,46704200,0.0,0.0
2006-03-24,129.99000549316406,130.57000732421875,129.74000549316406,130.2100067138672,89.99796295166016,43209200,0.0,0.0
2006-03-27,130.02999877929688,130.27999877929688,129.74000549316406,130.02000427246094,89.86661529541016,32523000,0.0,0.0
2006-03-28,129.92999267578125,130.52999877929688,129.0500030517578,129.22000122070312,89.31369018554688,82079900,0.0,0.0
2006-03-29,129.41000366210938,130.5,129.2899932861328,130.02999877929688,89.87350463867188,61505700,0.0,0.0
2006-03-30,130.11000061035156,130.97999572753906,129.5500030517578,129.8000030517578,89.71453094482422,70571700,0.0,0.0
2006-03-31,130.02000427246094,130.24000549316406,129.3699951171875,129.8300018310547,89.73529815673828,62925600,0.0,0.0
2006-04-03,130.07000732421875,130.8699951171875,129.49000549316406,129.72999572753906,89.6661605834961,61624700,0.0,0.0
2006-04-04,129.72999572753906,130.72999572753906,129.36000061035156,130.55999755859375,90.23986053466795,54809300,0.0,0.0
2006-04-05,130.61000061035156,131.27999877929688,130.3800048828125,131.00999450683594,90.55089569091795,50607200,0.0,0.0
2006-04-06,130.85000610351562,131.2100067138672,130.19000244140625,130.8699951171875,90.4541244506836,57906200,0.0,0.0
2006-04-07,131.05999755859375,131.39999389648438,129.35000610351562,129.5399932861328,89.53485107421875,80180900,0.0,0.0
2006-04-10,129.74000549316406,130.0800018310547,129.25999450683594,129.74000549316406,89.67311096191406,41496500,0.0,0.0
2006-04-11,129.85000610351562,130.05999755859375,128.25,128.63999938964844,88.91278839111328,72799400,0.0,0.0
2006-04-12,128.77000427246094,129.1300048828125,128.61000061035156,128.8800048828125,89.07867431640625,43033700,0.0,0.0
2006-04-13,128.58999633789062,129.25,128.30999755859375,128.7100067138672,88.96119689941406,51051800,0.0,0.0
2006-04-17,128.8300018310547,129.30999755859375,128.02000427246094,128.66000366210938,88.92664337158203,64167700,0.0,0.0
2006-04-18,128.92999267578125,130.94000244140625,128.92999267578125,130.6999969482422,90.33663177490234,92531800,0.0,0.0
2006-04-19,130.75,131.07000732421875,130.24000549316406,130.9499969482422,90.50943756103516,87269000,0.0,0.0
2006-04-20,131.0,131.86000061035156,130.60000610351562,131.1300048828125,90.63382720947266,86005500,0.0,0.0
2006-04-21,131.69000244140625,131.7899932861328,130.6199951171875,131.14999389648438,90.64762878417967,72342600,0.0,0.0
2006-04-24,130.88999938964844,131.07000732421875,130.3800048828125,130.91000366210938,90.48177337646484,52546400,0.0,0.0
2006-04-25,131.0399932861328,131.1199951171875,129.9199981689453,130.3699951171875,90.10852813720705,84359800,0.0,0.0
2006-04-26,130.5,131.13999938964844,130.3000030517578,130.39999389648438,90.12924194335938,67262400,0.0,0.0
2006-04-27,129.89999389648438,131.6300048828125,129.58999633789062,131.02999877929688,90.5647430419922,124478600,0.0,0.0
2006-04-28,130.7899932861328,131.75,130.7100067138672,131.47000122070312,90.86882781982422,55854400,0.0,0.0
2006-05-01,131.47000122070312,131.8000030517578,130.32000732421875,130.39999389648438,90.12924194335938,64990300,0.0,0.0
2006-05-02,131.00999450683594,131.4600067138672,130.74000549316406,131.3800048828125,90.80662536621094,49063500,0.0,0.0
2006-05-03,131.14999389648438,131.32000732421875,130.4499969482422,130.88999938964844,90.46794128417967,60821300,0.0,0.0
2006-05-04,131.0800018310547,131.6199951171875,130.97000122070312,131.36000061035156,90.79279327392578,42921400,0.0,0.0
2006-05-05,132.0500030517578,132.8000030517578,131.85000610351562,132.52000427246094,91.59453582763672,62588200,0.0,0.0
2006-05-08,132.50999450683594,132.77000427246094,132.36000061035156,132.36000061035156,91.48397827148438,30016700,0.0,0.0
2006-05-09,132.4199981689453,132.77000427246094,132.30999755859375,132.6199951171875,91.6636962890625,29864000,0.0,0.0
2006-05-10,132.41000366210938,132.75,131.88999938964844,132.5500030517578,91.61530303955078,64378200,0.0,0.0
2006-05-11,132.50999450683594,132.5500030517578,130.52000427246094,130.9499969482422,90.50943756103516,80626900,0.0,0.0
2006-05-12,130.36000061035156,130.72000122070312,129.19000244140625,129.24000549316406,89.32750701904297,91726500,0.0,0.0
2006-05-15,128.7899932861328,129.74000549316406,128.61000061035156,129.5,89.50720977783203,84029300,0.0,0.0
2006-05-16,129.75999450683594,130.0,129.00999450683594,129.30999755859375,89.37590789794922,62137600,0.0,0.0
2006-05-17,128.6699981689453,129.10000610351562,126.7699966430664,126.8499984741211,87.67562866210938,144789500,0.0,0.0
2006-05-18,127.3499984741211,127.75,126.11000061035156,126.20999908447266,87.23324584960938,87906300,0.0,0.0
2006-05-19,126.87000274658205,127.48999786376952,125.8000030517578,127.0999984741211,87.84838104248047,124309400,0.0,0.0
2006-05-22,126.27999877929688,127.16999816894533,125.5,126.12999725341795,87.17789459228516,110852800,0.0,0.0
2006-05-23,127.18000030517578,127.62999725341795,125.16999816894533,125.16999816894533,86.51441955566406,92006500,0.0,0.0
2006-05-24,125.68000030517578,126.88999938964844,124.76000213623048,126.16999816894533,87.20559692382812,168405000,0.0,0.0
2006-05-25,126.91999816894533,127.7300033569336,126.43000030517578,127.7300033569336,88.28382110595703,78977900,0.0,0.0
2006-05-26,128.00999450683594,128.3800048828125,127.51000213623048,128.3800048828125,88.73310089111328,62989700,0.0,0.0
2006-05-30,127.97000122070312,128.0,126.0500030517578,126.0999984741211,87.15721130371094,72419900,0.0,0.0
2006-05-31,126.62000274658205,127.51000213623048,126.1999969482422,127.51000213623048,88.13179016113281,86926200,0.0,0.0
2006-06-01,127.37999725341795,128.94000244140625,127.2699966430664,128.72999572753906,88.9749984741211,73721700,0.0,0.0
2006-06-02,129.25,129.42999267578125,128.32000732421875,129.0,89.16163635253906,91702600,0.0,0.0
2006-06-05,128.85000610351562,128.86000061035156,126.7699966430664,127.12000274658205,87.86223602294922,86105100,0.0,0.0
2006-06-06,127.20999908447266,127.37999725341795,125.76000213623048,126.80999755859376,87.64793395996094,130498600,0.0,0.0
2006-06-07,126.91000366210938,127.6500015258789,125.79000091552734,125.86000061035156,86.99131774902344,108599400,0.0,0.0
2006-06-08,125.58000183105467,126.5,123.87000274658205,125.75,86.91529846191406,204957200,0.0,0.0
2006-06-09,126.36000061035156,126.95999908447266,125.29000091552734,125.3499984741211,86.63882446289062,94972200,0.0,0.0
2006-06-12,125.87999725341795,125.93000030517578,123.81999969482422,123.98999786376952,85.6988296508789,95815900,0.0,0.0
2006-06-13,123.73999786376952,124.83999633789062,122.5500030517578,122.5500030517578,84.70355987548828,185688800,0.0,0.0
2006-06-14,122.83999633789062,123.62999725341795,122.33999633789062,123.5,85.36016082763672,163566400,0.0,0.0
2006-06-15,123.9499969482422,126.36000061035156,123.86000061035156,126.12000274658205,87.17102813720703,134057000,0.0,0.0
2006-06-16,125.29000091552734,125.55999755859376,124.45999908447266,124.6500015258789,86.53581237792969,94253500,0.555,0.0
2006-06-19,125.4000015258789,125.4800033569336,123.5500030517578,123.66999816894533,85.85548400878906,95804400,0.0,0.0
2006-06-20,124.01000213623048,124.80999755859376,123.72000122070312,124.08999633789062,86.14703369140625,65494700,0.0,0.0
2006-06-21,124.0,125.6999969482422,123.95999908447266,125.01000213623048,86.78575897216797,75008200,0.0,0.0
2006-06-22,124.9499969482422,125.05999755859376,124.04000091552734,124.45999908447266,86.4039306640625,74566100,0.0,0.0
2006-06-23,124.33000183105467,125.3000030517578,124.02999877929688,124.44000244140624,86.3899917602539,54107000,0.0,0.0
2006-06-26,124.54000091552734,125.05999755859376,124.25,124.98999786376952,86.77186584472656,37899600,0.0,0.0
2006-06-27,125.01000213623048,125.29000091552734,123.7699966430664,123.91000366210938,86.02208709716797,69780200,0.0,0.0
2006-06-28,124.19000244140624,124.7699966430664,123.6500015258789,124.75,86.60523986816406,62368100,0.0,0.0
2006-06-29,125.1999969482422,127.3499984741211,125.16999816894533,127.2699966430664,88.35469818115234,110634800,0.0,0.0
2006-06-30,127.54000091552734,127.66000366210938,126.95999908447266,127.27999877929688,88.36161804199219,54227800,0.0,0.0
2006-07-03,127.43000030517578,128.00999450683594,127.30999755859376,127.8000030517578,88.72261810302734,23914000,0.0,0.0
2006-07-05,127.29000091552734,127.4499969482422,126.5199966430664,127.06999969482422,88.21588897705078,69653400,0.0,0.0
2006-07-06,127.1999969482422,127.8499984741211,127.08000183105467,127.44000244140624,88.47274017333984,50100300,0.0,0.0
2006-07-07,127.19000244140624,127.55999755859376,126.29000091552734,126.61000061035156,87.89653778076172,81626500,0.0,0.0
2006-07-10,126.94000244140624,127.43000030517578,126.41000366210938,126.8499984741211,88.06314086914062,60964100,0.0,0.0
2006-07-11,126.61000061035156,127.41000366210938,125.94000244140624,127.41000366210938,88.45193481445312,73640800,0.0,0.0
2006-07-12,127.1500015258789,127.4000015258789,125.72000122070312,126.0500030517578,87.50774383544922,82561300,0.0,0.0
2006-07-13,125.4499969482422,125.68000030517578,124.0,124.0,86.08454132080078,102405700,0.0,0.0
2006-07-14,124.12999725341795,124.26000213623048,122.83000183105467,123.5199966430664,85.7513198852539,103242500,0.0,0.0
2006-07-17,123.5199966430664,124.0999984741211,123.1500015258789,123.33999633789062,85.62640380859375,81159000,0.0,0.0
2006-07-18,123.70999908447266,124.0500030517578,122.38999938964844,123.97000122070312,86.06375885009766,122771000,0.0,0.0
2006-07-19,124.18000030517578,126.26000213623048,123.72000122070312,125.69000244140624,87.2578125,133565300,0.0,0.0
2006-07-20,126.12000274658205,126.3000030517578,124.66000366210938,124.83000183105467,86.66079711914062,112259800,0.0,0.0
2006-07-21,125.1500015258789,125.19000244140624,123.81999969482422,123.9499969482422,86.04984283447266,101560000,0.0,0.0
2006-07-24,124.44000244140624,126.31999969482422,124.44000244140624,126.20999908447266,87.61882781982422,92884000,0.0,0.0
2006-07-25,125.9800033569336,127.3000030517578,125.72000122070312,126.66000366210938,87.93122100830078,95480700,0.0,0.0
2006-07-26,126.58999633789062,127.4499969482422,126.18000030517578,126.83000183105467,88.04924011230469,84525800,0.0,0.0
2006-07-27,127.37999725341795,127.69000244140624,126.1999969482422,126.70999908447266,87.96593475341797,87257100,0.0,0.0
2006-07-28,127.04000091552734,128.13999938964844,126.86000061035156,127.9800033569336,88.84759521484375,82137000,0.0,0.0
2006-07-31,127.66000366210938,127.95999908447266,127.4499969482422,127.8499984741211,88.75736236572266,49593100,0.0,0.0
2006-08-01,127.33999633789062,127.37999725341795,126.5999984741211,127.22000122070312,88.31999969482422,65225600,0.0,0.0
2006-08-02,127.58000183105467,128.4600067138672,127.5500030517578,128.0800018310547,88.9170150756836,64770900,0.0,0.0
2006-08-03,127.33999633789062,128.5500030517578,127.1500015258789,128.4199981689453,89.1530532836914,63693800,0.0,0.0
2006-08-04,129.0800018310547,129.42999267578125,127.4800033569336,128.1999969482422,89.0003433227539,96294200,0.0,0.0
2006-08-07,127.9000015258789,128.0800018310547,127.4000015258789,127.9000015258789,88.79206848144531,45377300,0.0,0.0
2006-08-08,128.08999633789062,128.4600067138672,126.9499969482422,127.41000366210938,88.45193481445312,90901300,0.0,0.0
2006-08-09,128.17999267578125,128.60000610351562,126.61000061035156,126.9800033569336,88.15338134765625,78910600,0.0,0.0
2006-08-10,126.58000183105467,127.5,126.27999877929688,127.37000274658205,88.42415618896484,69322300,0.0,0.0
2006-08-11,127.16999816894533,127.1999969482422,126.38999938964844,127.01000213623048,88.17422485351562,47482200,0.0,0.0
2006-08-14,127.62999725341795,128.16000366210938,126.91999816894533,127.11000061035156,88.24364471435547,57839000,0.0,0.0
2006-08-15,128.25,128.8699951171875,127.9000015258789,128.6300048828125,89.298828125,68143000,0.0,0.0
2006-08-16,129.32000732421875,129.88999938964844,129.0399932861328,129.6999969482422,90.04167175292969,71737600,0.0,0.0
2006-08-17,129.5800018310547,130.3699951171875,129.49000549316406,130.02999877929688,90.27074432373048,70992800,0.0,0.0
2006-08-18,130.19000244140625,130.69000244140625,129.58999633789062,130.69000244140625,90.72894287109376,58288400,0.0,0.0
2006-08-21,130.17999267578125,130.27999877929688,129.8000030517578,130.1300048828125,90.34020233154295,42133600,0.0,0.0
2006-08-22,129.99000549316406,130.52000427246094,129.67999267578125,130.1199951171875,90.3332290649414,60839900,0.0,0.0
2006-08-23,130.17999267578125,130.44000244140625,129.19000244140625,129.75999450683594,90.08330535888672,66592100,0.0,0.0
2006-08-24,129.99000549316406,130.10000610351562,129.39999389648438,129.64999389648438,90.0069808959961,57983000,0.0,0.0
2006-08-25,129.63999938964844,130.25,129.5500030517578,129.80999755859375,90.11804962158205,41756000,0.0,0.0
2006-08-28,129.64999389648438,130.82000732421875,129.63999938964844,130.42999267578125,90.5484619140625,52681500,0.0,0.0
2006-08-29,130.49000549316406,130.8300018310547,129.80999755859375,130.5800018310547,90.65258026123048,61817800,0.0,0.0
2006-08-30,130.8699951171875,131.0399932861328,130.5500030517578,130.66000366210938,90.70814514160156,50052200,0.0,0.0
2006-08-31,130.85000610351562,130.99000549316406,130.5800018310547,130.63999938964844,90.69419860839844,37510300,0.0,0.0
2006-09-01,131.13999938964844,131.5800018310547,130.83999633789062,131.4199981689453,91.23576354980467,48794500,0.0,0.0
2006-09-05,131.50999450683594,131.85000610351562,131.1999969482422,131.6699981689453,91.40933990478516,52348300,0.0,0.0
2006-09-06,131.11000061035156,131.16000366210938,130.3300018310547,130.50999450683594,90.6040267944336,53795600,0.0,0.0
2006-09-07,130.05999755859375,130.57000732421875,129.35000610351562,129.91000366210938,90.1874771118164,86269400,0.0,0.0
2006-09-08,130.0800018310547,130.4600067138672,129.8300018310547,130.27999877929688,90.44429779052734,45096300,0.0,0.0
2006-09-11,129.86000061035156,130.69000244140625,129.47999572753906,130.41000366210938,90.5345687866211,68496600,0.0,0.0
2006-09-12,130.55999755859375,131.83999633789062,130.3699951171875,131.69000244140625,91.42320251464844,69875600,0.0,0.0
2006-09-13,131.63999938964844,132.4499969482422,131.52000427246094,132.22000122070312,91.79114532470705,62898400,0.0,0.0
2006-09-14,131.9600067138672,132.24000549316406,131.75,132.22999572753906,91.79808807373048,57805400,0.0,0.0
2006-09-15,132.30999755859375,132.38999938964844,131.67999267578125,131.9600067138672,92.01355743408205,76703100,0.579,0.0
2006-09-18,131.7899932861328,132.38999938964844,131.64999389648438,132.13999938964844,92.1390380859375,64154100,0.0,0.0
2006-09-19,132.1199951171875,132.1300048828125,131.07000732421875,131.80999755859375,91.9089584350586,92089100,0.0,0.0
2006-09-20,132.25,132.77000427246094,132.05999755859375,132.50999450683594,92.39703369140624,75204100,0.0,0.0
2006-09-21,132.61000061035156,132.75,131.4199981689453,131.8699951171875,91.9507827758789,88932500,0.0,0.0
2006-09-22,131.6699981689453,131.67999267578125,131.0,131.47000122070312,91.67185974121094,65966800,0.0,0.0
2006-09-25,131.72999572753906,132.85000610351562,131.0500030517578,132.47999572753906,92.37612915039062,92299100,0.0,0.0
2006-09-26,132.5,133.60000610351562,132.39999389648438,133.5800018310547,93.14314270019533,73962700,0.0,0.0
2006-09-27,133.49000549316406,133.97000122070312,133.27000427246094,133.74000549316406,93.25472259521484,82432200,0.0,0.0
2006-09-28,133.74000549316406,133.99000549316406,133.27999877929688,133.69000244140625,93.21986389160156,58597500,0.0,0.0
2006-09-29,133.8000030517578,133.94000244140625,133.47999572753906,133.5800018310547,93.14314270019533,47966600,0.0,0.0
2006-10-02,133.5399932861328,133.8300018310547,132.9499969482422,133.0800018310547,92.79451751708984,51687400,0.0,0.0
2006-10-03,132.88999938964844,133.8699951171875,132.64999389648438,133.36000061035156,92.9897689819336,73108100,0.0,0.0
2006-10-04,133.22999572753906,135.0,133.0800018310547,134.9199981689453,94.0774917602539,80890500,0.0,0.0
2006-10-05,134.9199981689453,135.41000366210938,134.75,135.17999267578125,94.25879669189452,60505900,0.0,0.0
2006-10-06,134.9499969482422,135.10000610351562,134.39999389648438,135.00999450683594,94.14027404785156,64983600,0.0,0.0
2006-10-09,134.85000610351562,135.3000030517578,134.63999938964844,135.08999633789062,94.19605255126952,41176800,0.0,0.0
2006-10-10,135.10000610351562,135.4499969482422,134.83999633789062,135.27000427246094,94.3215789794922,56403700,0.0,0.0
2006-10-11,134.83999633789062,135.42999267578125,134.3000030517578,135.11000061035156,94.20999908447266,104071800,0.0,0.0
2006-10-12,135.4499969482422,136.38999938964844,135.39999389648438,136.27999877929688,95.02581787109376,59158600,0.0,0.0
2006-10-13,136.16000366210938,136.7100067138672,136.0399932861328,136.6300048828125,95.26983642578124,53944000,0.0,0.0
2006-10-16,136.52000427246094,137.0500030517578,136.4199981689453,136.83999633789062,95.4162826538086,42273000,0.0,0.0
2006-10-17,136.47000122070312,136.6999969482422,135.6699981689453,136.41000366210938,95.116455078125,90500600,0.0,0.0
2006-10-18,137.0399932861328,137.3699951171875,136.10000610351562,136.58999633789062,95.2419662475586,86848600,0.0,0.0
2006-10-19,136.38999938964844,136.8800048828125,136.22999572753906,136.80999755859375,95.3953628540039,64063200,0.0,0.0
2006-10-20,136.83999633789062,136.9499969482422,136.3300018310547,136.83999633789062,95.4162826538086,48094500,0.0,0.0
2006-10-23,136.55999755859375,137.8000030517578,136.38999938964844,137.47000122070312,95.8555679321289,66219900,0.0,0.0
2006-10-24,137.27999877929688,137.92999267578125,137.22000122070312,137.8800048828125,96.14148712158205,53234900,0.0,0.0
2006-10-25,137.74000549316406,138.41000366210938,137.50999450683594,138.35000610351562,96.4691925048828,78105400,0.0,0.0
2006-10-26,138.66000366210938,139.0,137.97999572753906,138.77999877929688,96.76903533935548,66843700,0.0,0.0
2006-10-27,138.61000061035156,138.75,137.6300048828125,137.91000366210938,96.16239166259766,80238000,0.0,0.0
2006-10-30,137.66000366210938,138.1999969482422,137.39999389648438,137.80999755859375,96.09268188476562,49717800,0.0,0.0
2006-10-31,138.07000732421875,138.25999450683594,137.25,137.7899932861328,96.0787124633789,71274100,0.0,0.0
2006-11-01,138.22000122070312,138.30999755859375,136.72000122070312,136.86000061035156,95.43023681640624,83005600,0.0,0.0
2006-11-02,136.50999450683594,137.00999450683594,136.36000061035156,136.77999877929688,95.37447357177734,60693100,0.0,0.0
2006-11-03,137.27000427246094,137.38999938964844,135.6199951171875,136.5399932861328,95.20709991455078,71346400,0.0,0.0
2006-11-06,136.9600067138672,138.27999877929688,136.9499969482422,138.0800018310547,96.28092956542967,63303300,0.0,0.0
2006-11-07,138.1999969482422,138.97999572753906,138.0,138.61000061035156,96.65047454833984,63318900,0.0,0.0
2006-11-08,138.0,139.0500030517578,136.86000061035156,138.91000366210938,96.8596420288086,87517800,0.0,0.0
2006-11-09,139.00999450683594,139.13999938964844,137.89999389648438,138.17999267578125,96.35065460205078,95916300,0.0,0.0
2006-11-10,138.13999938964844,138.33999633789062,137.72000122070312,138.24000549316406,96.39251708984376,48991500,0.0,0.0
2006-11-13,138.17999267578125,139.0399932861328,138.07000732421875,138.5800018310547,96.6295166015625,59398200,0.0,0.0
2006-11-14,138.97000122070312,139.74000549316406,138.1199951171875,139.6199951171875,97.3547134399414,96704000,0.0,0.0
2006-11-15,139.57000732421875,140.4499969482422,139.52999877929688,140.02000427246094,97.63365173339844,76509600,0.0,0.0
2006-11-16,140.44000244140625,140.67999267578125,139.49000549316406,140.3800048828125,97.88465118408205,76728800,0.0,0.0
2006-11-17,139.92999267578125,140.42999267578125,139.72999572753906,140.4199981689453,97.91254425048828,56353800,0.0,0.0
2006-11-20,140.3000030517578,140.74000549316406,139.94000244140625,140.5,97.9683837890625,69174200,0.0,0.0
2006-11-21,140.49000549316406,140.6699981689453,140.2899932861328,140.63999938964844,98.06599426269533,51367900,0.0,0.0
2006-11-22,140.75,141.16000366210938,140.5,140.9199981689453,98.26119232177734,45505300,0.0,0.0
2006-11-24,140.24000549316406,140.83999633789062,140.1999969482422,140.35000610351562,97.86377716064452,30998000,0.0,0.0
2006-11-27,140.27999877929688,140.35000610351562,138.3800048828125,138.4199981689453,96.51799011230467,84545100,0.0,0.0
2006-11-28,138.24000549316406,139.16000366210938,138.11000061035156,139.02000427246094,96.93636322021484,106652900,0.0,0.0
2006-11-29,139.47000122070312,140.52999877929688,139.0800018310547,140.47000122070312,97.94744873046876,90034900,0.0,0.0
2006-11-30,140.44000244140625,141.0500030517578,139.75999450683594,140.52999877929688,97.98928833007812,83994300,0.0,0.0
2006-12-01,140.52999877929688,140.66000366210938,138.97000122070312,140.22000122070312,97.77308654785156,126080000,0.0,0.0
2006-12-04,140.25,141.5500030517578,140.22999572753906,141.2899932861328,98.51921081542967,87813200,0.0,0.0
2006-12-05,141.55999755859375,141.9600067138672,141.25999450683594,141.89999389648438,98.9445571899414,73374400,0.0,0.0
2006-12-06,141.8699951171875,142.07000732421875,141.5,141.77999877929688,98.8608856201172,53253200,0.0,0.0
2006-12-07,142.02999877929688,142.3000030517578,141.11000061035156,141.16000366210938,98.42853546142578,62857400,0.0,0.0
2006-12-08,141.1300048828125,141.89999389648438,140.77999877929688,141.4199981689453,98.60986328125,79625500,0.0,0.0
2006-12-11,141.4199981689453,142.08999633789062,141.33999633789062,141.8300018310547,98.89575958251952,39779400,0.0,0.0
2006-12-12,141.69000244140625,141.8699951171875,140.88999938964844,141.72000122070312,98.81900787353516,77451600,0.0,0.0
2006-12-13,142.22999572753906,142.33999633789062,141.55999755859375,141.8699951171875,98.92359924316406,55520200,0.0,0.0
2006-12-14,141.86000061035156,143.24000549316406,141.83999633789062,143.1199951171875,99.79524230957033,64755200,0.0,0.0
2006-12-15,142.63999938964844,142.88999938964844,142.24000549316406,142.33999633789062,99.80431365966795,70857400,0.793,0.0
2006-12-18,142.5399932861328,142.8800048828125,141.75,141.9499969482422,99.53084564208984,48954600,0.0,0.0
2006-12-19,141.5500030517578,142.55999755859375,141.19000244140625,142.22000122070312,99.72018432617188,65023600,0.0,0.0
2006-12-20,142.27999877929688,142.66000366210938,142.00999450683594,142.13999938964844,99.6640853881836,41469600,0.0,0.0
2006-12-21,142.27000427246094,142.42999267578125,141.32000732421875,141.6199951171875,99.29949951171876,48698400,0.0,0.0
2006-12-22,141.63999938964844,141.64999389648438,140.6699981689453,140.75,98.68948364257812,62069100,0.0,0.0
2006-12-26,140.80999755859375,141.61000061035156,140.77999877929688,141.5800018310547,99.27143096923828,32696900,0.0,0.0
2006-12-27,141.8699951171875,142.60000610351562,141.8300018310547,142.50999450683594,99.92352294921876,39727100,0.0,0.0
2006-12-28,142.41000366210938,142.6999969482422,141.99000549316406,142.2100067138672,99.71320343017578,37288800,0.0,0.0
2006-12-29,142.05999755859375,142.5399932861328,141.42999267578125,141.6199951171875,99.29949951171876,45461200,0.0,0.0
2007-01-03,142.25,142.86000061035156,140.57000732421875,141.3699951171875,99.12420654296876,94807600,0.0,0.0
2007-01-04,141.22999572753906,142.0500030517578,140.61000061035156,141.6699981689453,99.33455657958984,69620600,0.0,0.0
2007-01-05,141.3300018310547,141.39999389648438,140.3800048828125,140.5399932861328,98.5422592163086,76645300,0.0,0.0
2007-01-08,140.82000732421875,141.41000366210938,140.25,141.19000244140625,98.99805450439452,71655000,0.0,0.0
2007-01-09,141.30999755859375,141.60000610351562,140.39999389648438,141.07000732421875,98.91385650634766,75680100,0.0,0.0
2007-01-10,140.5800018310547,141.57000732421875,140.3000030517578,141.5399932861328,99.243408203125,72428000,0.0,0.0
2007-01-11,141.5800018310547,142.6199951171875,141.5,142.16000366210938,99.67813873291016,54476800,0.0,0.0
2007-01-12,142.14999389648438,143.24000549316406,142.11000061035156,143.24000549316406,100.43536376953124,55370600,0.0,0.0
2007-01-16,143.07000732421875,143.44000244140625,142.72999572753906,142.9600067138672,100.2391128540039,44871300,0.0,0.0
2007-01-17,142.85000610351562,143.4600067138672,142.72999572753906,143.02000427246094,100.28116607666016,50241400,0.0,0.0
2007-01-18,143.1699981689453,143.25999450683594,142.30999755859375,142.5399932861328,99.9445571899414,68177300,0.0,0.0
2007-01-19,142.5399932861328,143.10000610351562,142.4600067138672,142.82000732421875,100.14093780517578,56973000,0.0,0.0
2007-01-22,143.07000732421875,143.10000610351562,141.92999267578125,142.3800048828125,99.83240509033205,60253600,0.0,0.0
2007-01-23,142.25999450683594,143.0800018310547,142.05999755859375,142.8000030517578,100.12689208984376,54064400,0.0,0.0
2007-01-24,142.97000122070312,143.97999572753906,142.91000366210938,143.9499969482422,100.9332046508789,55834700,0.0,0.0
2007-01-25,143.86000061035156,143.9199981689453,142.00999450683594,142.25999450683594,99.74821472167967,73583800,0.0,0.0
2007-01-26,142.57000732421875,142.64999389648438,141.5800018310547,142.1300048828125,99.65709686279295,67255600,0.0,0.0
2007-01-29,142.19000244140625,142.8000030517578,141.74000549316406,142.0500030517578,99.60099792480467,66114600,0.0,0.0
2007-01-30,142.35000610351562,142.86000061035156,142.05999755859375,142.7899932861328,100.11986541748048,70407600,0.0,0.0
2007-01-31,142.6300048828125,144.1300048828125,142.39999389648438,143.75,100.79299926757812,91868600,0.0,0.0
2007-02-01,144.14999389648438,144.66000366210938,143.91000366210938,144.61000061035156,101.3960189819336,69312400,0.0,0.0
2007-02-02,144.72999572753906,144.9499969482422,144.3800048828125,144.80999755859375,101.5362319946289,49607000,0.0,0.0
2007-02-05,144.6999969482422,144.94000244140625,144.33999633789062,144.85000610351562,101.56428527832033,45705300,0.0,0.0
2007-02-06,144.97000122070312,145.02999877929688,144.3300018310547,144.88999938964844,101.59232330322266,57081300,0.0,0.0
2007-02-07,145.1199951171875,145.36000061035156,144.57000732421875,145.2100067138672,101.81673431396484,55669700,0.0,0.0
2007-02-08,144.77999877929688,145.1199951171875,144.27000427246094,145.02000427246094,101.68348693847656,70641000,0.0,0.0
2007-02-09,145.05999755859375,145.3300018310547,143.38999938964844,143.94000244140625,100.92620849609376,79084400,0.0,0.0
2007-02-12,143.94000244140625,144.0399932861328,143.19000244140625,143.4499969482422,100.58263397216795,65657000,0.0,0.0
2007-02-13,143.77000427246094,144.89999389648438,143.75999450683594,144.66000366210938,101.43104553222656,64081800,0.0,0.0
2007-02-14,144.8000030517578,145.89999389648438,144.77999877929688,145.61000061035156,102.0971450805664,66039400,0.0,0.0
2007-02-15,145.6699981689453,145.9499969482422,145.42999267578125,145.8000030517578,102.23038482666016,38715200,0.0,0.0
2007-02-16,145.44000244140625,145.75999450683594,145.22999572753906,145.72999572753906,102.18125915527344,39841800,0.0,0.0
2007-02-20,145.55999755859375,146.1999969482422,145.0,146.0399932861328,102.39864349365234,56911800,0.0,0.0
2007-02-21,145.61000061035156,146.07000732421875,145.35000610351562,145.97999572753906,102.3565902709961,63971600,0.0,0.0
2007-02-22,146.0500030517578,146.4199981689453,145.1699981689453,145.8699951171875,102.27950286865234,79067400,0.0,0.0
2007-02-23,145.74000549316406,145.7899932861328,145.02999877929688,145.3000030517578,101.8797836303711,71966200,0.0,0.0
2007-02-26,145.8300018310547,145.9499969482422,144.75,145.1699981689453,101.7886199951172,69192800,0.0,0.0
2007-02-27,143.8800048828125,144.1999969482422,139.0,139.5,97.81302642822266,274466500,0.0,0.0
2007-02-28,140.38999938964844,141.97999572753906,139.8000030517578,140.92999267578125,98.81565856933594,177536300,0.0,0.0
2007-03-01,139.33999633789062,141.25,138.0500030517578,140.50999450683594,98.52117156982422,212828600,0.0,0.0
2007-03-02,140.0500030517578,140.66000366210938,138.66000366210938,138.6699981689453,97.23102569580078,162574000,0.0,0.0
2007-03-05,137.92999267578125,139.5800018310547,137.3300018310547,137.35000610351562,96.30552673339844,143750400,0.0,0.0
2007-03-06,138.77999877929688,140.1199951171875,137.72000122070312,139.6999969482422,97.95321655273438,143333300,0.0,0.0
2007-03-07,139.58999633789062,140.4600067138672,139.39999389648438,139.55999755859375,97.8551025390625,115144900,0.0,0.0
2007-03-08,140.5399932861328,141.16000366210938,140.07000732421875,140.74000549316406,98.68248748779295,117891600,0.0,0.0
2007-03-09,141.30999755859375,141.4199981689453,140.0800018310547,140.77999877929688,98.71050262451172,107765100,0.0,0.0
2007-03-12,140.4199981689453,141.33999633789062,140.16000366210938,140.99000549316406,98.85775756835938,80366900,0.0,0.0
2007-03-13,140.17999267578125,140.77000427246094,138.0399932861328,138.25,96.93657684326172,190605200,0.0,0.0
2007-03-14,138.42999267578125,139.36000061035156,136.75,139.27999877929688,97.65877532958984,231853800,0.0,0.0
2007-03-15,138.97000122070312,139.99000549316406,138.8000030517578,139.47000122070312,97.7919921875,132435900,0.0,0.0
2007-03-16,139.30999755859375,139.6300048828125,138.1199951171875,138.52999877929688,97.51815795898438,121531600,0.551,0.0
2007-03-19,139.25999450683594,140.3300018310547,139.14999389648438,140.1999969482422,98.69375610351562,96161200,0.0,0.0
2007-03-20,140.0800018310547,141.0500030517578,139.9600067138672,140.97000122070312,99.2358169555664,82147400,0.0,0.0
2007-03-21,141.10000610351562,143.64999389648438,140.82000732421875,143.2899932861328,100.8689193725586,152368700,0.0,0.0
2007-03-22,143.47999572753906,143.67999267578125,142.7899932861328,143.17999267578125,100.79151153564452,118942200,0.0,0.0
2007-03-23,143.27999877929688,143.80999755859375,143.14999389648438,143.38999938964844,100.93931579589844,74416800,0.0,0.0
2007-03-26,143.5,143.64999389648438,142.08999633789062,143.1999969482422,100.80554962158205,113787500,0.0,0.0
2007-03-27,143.1199951171875,143.16000366210938,142.38999938964844,142.86000061035156,100.56625366210938,99864600,0.0,0.0
2007-03-28,142.13999938964844,142.47000122070312,141.25999450683594,141.82000732421875,99.83415222167967,152907900,0.0,0.0
2007-03-29,142.5399932861328,142.61000061035156,141.19000244140625,141.97000122070312,99.9397430419922,139432700,0.0,0.0
2007-03-30,142.24000549316406,142.83999633789062,140.55999755859375,142.0,99.96087646484376,128194100,0.0,0.0
2007-04-02,142.16000366210938,142.4600067138672,141.47999572753906,142.16000366210938,100.073486328125,79416400,0.0,0.0
2007-04-03,142.97000122070312,143.97999572753906,142.91000366210938,143.69000244140625,101.1505126953125,82417800,0.0,0.0
2007-04-04,143.69000244140625,143.9499969482422,143.16000366210938,143.85000610351562,101.2631607055664,63995200,0.0,0.0
2007-04-05,143.6699981689453,144.44000244140625,143.61000061035156,144.24000549316406,101.53770446777344,46822800,0.0,0.0
2007-04-09,144.64999389648438,144.8000030517578,144.14999389648438,144.44000244140625,101.67850494384766,50967400,0.0,0.0
2007-04-10,144.3300018310547,144.85000610351562,144.27000427246094,144.61000061035156,101.79813385009766,56620000,0.0,0.0
2007-04-11,144.82000732421875,144.86000061035156,143.5399932861328,144.02000427246094,101.3828353881836,106365700,0.0,0.0
2007-04-12,143.74000549316406,144.9199981689453,143.33999633789062,144.66000366210938,101.83332061767578,115534400,0.0,0.0
2007-04-13,144.89999389648438,145.32000732421875,144.36000061035156,145.32000732421875,102.29793548583984,84287000,0.0,0.0
2007-04-16,145.8300018310547,146.86000061035156,145.82000732421875,146.6999969482422,103.26941680908205,83064600,0.0,0.0
2007-04-17,146.97000122070312,147.39999389648438,146.64999389648438,147.08999633789062,103.54395294189452,108424100,0.0,0.0
2007-04-18,146.60000610351562,147.6999969482422,146.57000732421875,147.27000427246094,103.67066955566406,88345300,0.0,0.0
2007-04-19,146.5500030517578,147.39999389648438,146.36000061035156,147.22999572753906,103.64249420166016,102947700,0.0,0.0
2007-04-20,148.22000122070312,148.6199951171875,147.0399932861328,148.6199951171875,104.62101745605467,124114100,0.0,0.0
2007-04-23,148.3699951171875,148.72999572753906,147.97000122070312,148.05999755859375,104.2267837524414,77270800,0.0,0.0
2007-04-24,148.22999572753906,148.39999389648438,147.32000732421875,148.1199951171875,104.2690658569336,114471000,0.0,0.0
2007-04-25,148.72999572753906,149.66000366210938,148.02000427246094,149.47999572753906,105.22637939453124,108418800,0.0,0.0
2007-04-26,149.49000549316406,149.8000030517578,149.10000610351562,149.64999389648438,105.34601593017578,88741600,0.0,0.0
2007-04-27,149.08999633789062,149.74000549316406,148.83999633789062,149.52999877929688,105.26158142089844,108191100,0.0,0.0
2007-04-30,149.63999938964844,149.74000549316406,148.2100067138672,148.2899932861328,104.388671875,100874100,0.0,0.0
2007-05-01,148.4199981689453,149.47000122070312,147.6699981689453,148.6699981689453,104.65621185302734,134342700,0.0,0.0
2007-05-02,148.89999389648438,149.9499969482422,148.75,149.5399932861328,105.26861572265624,87129800,0.0,0.0
2007-05-03,149.97000122070312,150.39999389648438,149.72999572753906,150.35000610351562,105.83885955810548,86569700,0.0,0.0
2007-05-04,150.75,151.1199951171875,150.22000122070312,150.9199981689453,106.24005126953124,96409000,0.0,0.0
2007-05-07,150.8800048828125,151.1999969482422,150.80999755859375,150.9499969482422,106.2612075805664,63461400,0.0,0.0
2007-05-08,150.5800018310547,150.9199981689453,150.1300048828125,150.75,106.12039947509766,80584000,0.0,0.0
2007-05-09,150.63999938964844,152.82000732421875,150.3699951171875,151.16000366210938,106.40901184082033,102070100,0.0,0.0
2007-05-10,150.72999572753906,151.02000427246094,149.27000427246094,149.5800018310547,105.29680633544922,153617800,0.0,0.0
2007-05-11,149.75,150.92999267578125,149.72000122070312,150.86000061035156,106.19786834716795,113408900,0.0,0.0
2007-05-14,150.86000061035156,151.3000030517578,149.7899932861328,150.52999877929688,105.96556854248048,108027500,0.0,0.0
2007-05-15,150.6999969482422,151.66000366210938,150.19000244140625,150.57000732421875,105.99371337890624,180673300,0.0,0.0
2007-05-16,150.8000030517578,151.6300048828125,150.3800048828125,151.60000610351562,106.71880340576172,114166500,0.0,0.0
2007-05-17,151.3800048828125,151.9600067138672,151.11000061035156,151.3000030517578,106.5075912475586,101132800,0.0,0.0
2007-05-18,152.00999450683594,152.6199951171875,151.80999755859375,152.6199951171875,107.4367904663086,99182000,0.0,0.0
2007-05-21,152.5800018310547,153.22999572753906,152.5,152.5399932861328,107.38050079345705,174664600,0.0,0.0
2007-05-22,152.6999969482422,153.16000366210938,152.3800048828125,152.4199981689453,107.29600524902344,82148800,0.0,0.0
2007-05-23,152.9499969482422,153.5,152.36000061035156,152.44000244140625,107.31005859375,133786600,0.0,0.0
2007-05-24,152.52999877929688,153.2100067138672,150.74000549316406,151.05999755859375,106.33865356445312,187593000,0.0,0.0
2007-05-25,151.5,152.02000427246094,151.17999267578125,151.69000244140625,106.78213500976562,83309200,0.0,0.0
2007-05-29,151.94000244140625,152.5,151.4499969482422,152.24000549316406,107.1693115234375,82020000,0.0,0.0
2007-05-30,151.4600067138672,153.5399932861328,151.33999633789062,153.47999572753906,108.04218292236328,129013600,0.0,0.0
2007-05-31,153.6699981689453,153.88999938964844,153.1199951171875,153.32000732421875,107.92952728271484,114866700,0.0,0.0
2007-06-01,153.8800048828125,154.39999389648438,153.50999450683594,154.0800018310547,108.46459197998048,107771700,0.0,0.0
2007-06-04,153.5399932861328,154.38999938964844,153.47999572753906,154.10000610351562,108.47865295410156,78008800,0.0,0.0
2007-06-05,153.74000549316406,153.89999389648438,152.86000061035156,153.49000549316406,108.04922485351562,126917900,0.0,0.0
2007-06-06,152.86000061035156,152.9499969482422,151.75,151.83999633789062,106.88773345947266,164096800,0.0,0.0
2007-06-07,151.55999755859375,152.5,149.05999755859375,149.10000610351562,104.9588623046875,232414600,0.0,0.0
2007-06-08,149.5800018310547,151.19000244140625,149.08999633789062,151.0399932861328,106.3245849609375,175886000,0.0,0.0
2007-06-11,150.92999267578125,151.9499969482422,150.6999969482422,151.3000030517578,106.5075912475586,102015600,0.0,0.0
2007-06-12,150.6699981689453,151.5399932861328,149.5500030517578,149.64999389648438,105.34601593017578,233898000,0.0,0.0
2007-06-13,150.5,152.07000732421875,149.72000122070312,151.88999938964844,106.92292785644533,193208200,0.0,0.0
2007-06-14,152.05999755859375,153.1199951171875,152.02999877929688,152.86000061035156,107.6057357788086,146396500,0.0,0.0
2007-06-15,153.13999938964844,153.66000366210938,152.92999267578125,153.07000732421875,108.21798706054688,154030800,0.656,0.0
2007-06-18,153.3800048828125,153.38999938964844,152.66000366210938,152.88999938964844,108.09075164794922,88537500,0.0,0.0
2007-06-19,152.5500030517578,153.3800048828125,152.36000061035156,153.27000427246094,108.35935974121094,110851700,0.0,0.0
2007-06-20,153.5800018310547,153.5800018310547,150.9600067138672,151.13999938964844,106.85350799560548,177119700,0.0,0.0
2007-06-21,151.0800018310547,152.11000061035156,150.25,151.97999572753906,107.44738006591795,205262000,0.0,0.0
2007-06-22,151.52000427246094,151.77000427246094,149.85000610351562,150.5500030517578,106.4363784790039,204964700,0.0,0.0
2007-06-25,150.24000549316406,151.25,149.02000427246094,149.8300018310547,105.9273681640625,232014400,0.0,0.0
2007-06-26,150.2100067138672,150.4600067138672,148.27999877929688,148.2899932861328,104.838623046875,198445700,0.0,0.0
2007-06-27,148.1300048828125,150.57000732421875,148.05999755859375,150.39999389648438,106.33033752441406,213638000,0.0,0.0
2007-06-28,150.3800048828125,151.41000366210938,149.6699981689453,150.3800048828125,106.31621551513672,157705000,0.0,0.0
2007-06-29,150.89999389648438,151.64999389648438,149.14999389648438,150.42999267578125,106.35152435302734,199701800,0.0,0.0
2007-07-02,150.8699951171875,151.9199981689453,150.77000427246094,151.7899932861328,107.31304168701172,103357000,0.0,0.0
2007-07-03,152.17999267578125,152.5,151.99000549316406,152.33999633789062,107.70194244384766,54048400,0.0,0.0
2007-07-05,152.39999389648438,152.55999755859375,151.6300048828125,152.17999267578125,107.58880615234376,89279000,0.0,0.0
2007-07-06,152.3800048828125,153.1699981689453,151.92999267578125,152.97999572753906,108.15437316894533,81109000,0.0,0.0
2007-07-09,153.16000366210938,153.36000061035156,152.6199951171875,153.10000610351562,108.2392349243164,72348100,0.0,0.0
2007-07-10,152.2899932861328,152.61000061035156,150.77000427246094,150.9199981689453,106.69798278808594,180362600,0.0,0.0
2007-07-11,150.75,152.0500030517578,150.52000427246094,151.99000549316406,107.45447540283205,175607600,0.0,0.0
2007-07-12,152.3699951171875,154.75,152.33999633789062,154.38999938964844,109.15119934082033,133882500,0.0,0.0
2007-07-13,154.57000732421875,155.4600067138672,154.38999938964844,154.85000610351562,109.4764175415039,111794300,0.0,0.0
2007-07-16,154.99000549316406,155.52999877929688,154.5800018310547,154.8300018310547,109.4623031616211,98378700,0.0,0.0
2007-07-17,154.92999267578125,155.47999572753906,154.67999267578125,154.75,109.40574645996094,126201300,0.0,0.0
2007-07-18,154.22999572753906,154.8000030517578,153.3000030517578,154.47000122070312,109.207763671875,237887400,0.0,0.0
2007-07-19,155.1999969482422,155.52999877929688,154.75,155.07000732421875,109.63196563720705,145212700,0.0,0.0
2007-07-20,154.88999938964844,154.99000549316406,152.8300018310547,153.5,108.5220184326172,245502500,0.0,0.0
2007-07-23,154.17999267578125,154.72000122070312,153.3000030517578,153.97000122070312,108.85427856445312,121183900,0.0,0.0
2007-07-24,153.1199951171875,154.27999877929688,150.75999450683594,151.3000030517578,106.96663665771484,256732400,0.0,0.0
2007-07-25,152.02000427246094,152.38999938964844,150.25,151.61000061035156,107.18579864501952,265214500,0.0,0.0
2007-07-26,150.19000244140625,150.8000030517578,146.38999938964844,148.02000427246094,104.64774322509766,467592500,0.0,0.0
2007-07-27,148.2100067138672,148.8699951171875,145.0500030517578,145.11000061035156,102.59043884277344,422987600,0.0,0.0
2007-07-30,145.92999267578125,147.80999755859375,145.2899932861328,147.3800048828125,104.19525909423828,283017500,0.0,0.0
2007-07-31,148.3300018310547,149.4600067138672,145.0399932861328,145.72000122070312,103.02164459228516,316976700,0.0,0.0
2007-08-01,145.17999267578125,147.00999450683594,143.9499969482422,146.42999267578125,103.52361297607422,467670000,0.0,0.0
2007-08-02,146.75999450683594,147.75999450683594,145.25999450683594,147.60000610351562,104.35082244873048,294758400,0.0,0.0
2007-08-03,147.27999877929688,147.5800018310547,143.1999969482422,143.8000030517578,101.66423797607422,359398200,0.0,0.0
2007-08-06,144.2100067138672,146.8300018310547,142.52999877929688,146.2100067138672,103.3680648803711,324980000,0.0,0.0
2007-08-07,145.94000244140625,149.0,145.22999572753906,147.77000427246094,104.47096252441406,232568700,0.0,0.0
2007-08-08,148.41000366210938,150.58999633789062,147.33999633789062,149.8300018310547,105.9273681640625,274930600,0.0,0.0
2007-08-09,147.42999267578125,148.9499969482422,145.2899932861328,145.38999938964844,102.78836059570312,357622100,0.0,0.0
2007-08-10,144.38999938964844,146.5,143.1199951171875,144.7100067138672,102.30760192871094,411018400,0.0,0.0
2007-08-13,146.5,146.88999938964844,145.02000427246094,145.22999572753906,102.67523956298828,181917200,0.0,0.0
2007-08-14,145.6999969482422,146.05999755859375,142.72000122070312,143.00999450683594,101.10575103759766,264134500,0.0,0.0
2007-08-15,142.72000122070312,144.4600067138672,140.6199951171875,141.0399932861328,99.71298217773438,323834000,0.0,0.0
2007-08-16,139.7899932861328,142.94000244140625,137.0,142.10000610351562,100.46237182617188,546743700,0.0,0.0
2007-08-17,145.5,145.80999755859375,141.38999938964844,144.7100067138672,102.30760192871094,388218100,0.0,0.0
2007-08-20,145.1699981689453,145.47000122070312,143.2899932861328,144.63999938964844,102.25813293457033,187320400,0.0,0.0
2007-08-21,144.60000610351562,145.97000122070312,144.13999938964844,144.92999267578125,102.46318817138672,157066400,0.0,0.0
2007-08-22,146.00999450683594,146.8000030517578,145.3300018310547,146.64999389648438,103.67916107177734,173156700,0.0,0.0
2007-08-23,147.33999633789062,147.64999389648438,145.61000061035156,146.52000427246094,103.58731842041016,203915300,0.0,0.0
2007-08-24,146.47999572753906,148.3300018310547,146.27999877929688,148.3300018310547,104.86690521240234,128901900,0.0,0.0
2007-08-27,147.85000610351562,148.3300018310547,146.72999572753906,146.9499969482422,103.89124298095705,113024300,0.0,0.0
2007-08-28,146.16000366210938,146.25,143.4600067138672,143.72000122070312,101.60767364501952,219790700,0.0,0.0
2007-08-29,144.3699951171875,146.74000549316406,143.9600067138672,146.5399932861328,103.60138702392578,207654200,0.0,0.0
2007-08-30,145.4499969482422,147.19000244140625,145.30999755859375,146.14999389648438,103.32567596435548,191817300,0.0,0.0
2007-08-31,147.64999389648438,148.5,146.8300018310547,147.58999633789062,104.34371948242188,185477500,0.0,0.0
2007-09-04,147.4499969482422,149.97999572753906,147.39999389648438,149.0800018310547,105.39710235595705,120062000,0.0,0.0
2007-09-05,148.1999969482422,148.36000061035156,147.0,147.7899932861328,104.48509216308594,166261800,0.0,0.0
2007-09-06,147.9499969482422,148.61000061035156,147.1199951171875,148.1300048828125,104.72550201416016,127878400,0.0,0.0
2007-09-07,146.47999572753906,146.88999938964844,145.25999450683594,146.07000732421875,103.26913452148438,235447600,0.0,0.0
2007-09-10,146.52000427246094,146.72000122070312,144.3300018310547,145.7899932861328,103.07115173339844,192305900,0.0,0.0
2007-09-11,146.24000549316406,147.6999969482422,146.1300048828125,147.49000549316406,104.27303314208984,162081900,0.0,0.0
2007-09-12,147.2899932861328,148.44000244140625,146.97999572753906,147.8699951171875,104.54167175292967,149554600,0.0,0.0
2007-09-13,148.5500030517578,149.4499969482422,148.1999969482422,148.91000366210938,105.27696228027344,154079000,0.0,0.0
2007-09-14,147.9600067138672,149.08999633789062,147.74000549316406,148.89999389648438,105.26985168457033,121911000,0.0,0.0
2007-09-17,148.30999755859375,148.64999389648438,147.6300048828125,148.10000610351562,104.70429229736328,109870800,0.0,0.0
2007-09-18,148.8300018310547,152.5,148.1300048828125,152.4600067138672,107.78671264648438,263759500,0.0,0.0
2007-09-19,153.41000366210938,154.38999938964844,152.7100067138672,153.36000061035156,108.42302703857422,193779900,0.0,0.0
2007-09-20,153.33999633789062,153.42999267578125,152.11000061035156,152.27999877929688,107.65947723388672,175186800,0.0,0.0
2007-09-21,152.7100067138672,153.1199951171875,151.74000549316406,151.97000122070312,107.95001220703124,141457500,0.719,0.0
2007-09-24,152.4199981689453,152.82000732421875,151.36000061035156,151.69000244140625,107.7511215209961,139450200,0.0,0.0
2007-09-25,150.80999755859375,151.66000366210938,150.47000122070312,151.38999938964844,107.53800201416016,142289900,0.0,0.0
2007-09-26,152.25,152.77000427246094,151.38999938964844,152.19000244140625,108.10626220703124,135547000,0.0,0.0
2007-09-27,152.91000366210938,153.10000610351562,152.19000244140625,153.08999633789062,108.74560546875,102713300,0.0,0.0
2007-09-28,152.85000610351562,153.19000244140625,151.97999572753906,152.5800018310547,108.3833236694336,133372100,0.0,0.0
2007-10-01,152.60000610351562,154.75,152.5,154.3000030517578,109.60507202148438,148162300,0.0,0.0
2007-10-02,154.61000061035156,154.64999389648438,153.80999755859375,154.08999633789062,109.45590209960938,112978800,0.0,0.0
2007-10-03,153.80999755859375,154.41000366210938,153.00999450683594,153.77999877929688,109.2357177734375,119055900,0.0,0.0
2007-10-04,154.11000061035156,154.25999450683594,153.58999633789062,154.02000427246094,109.40618133544922,76864400,0.0,0.0
2007-10-05,155.02999877929688,156.10000610351562,154.6300048828125,155.85000610351562,110.70613098144533,134579700,0.0,0.0
2007-10-08,155.38999938964844,155.49000549316406,154.77000427246094,155.02000427246094,110.11651611328124,71280400,0.0,0.0
2007-10-09,155.60000610351562,156.5,155.02999877929688,156.47999572753906,111.15365600585938,94054300,0.0,0.0
2007-10-10,156.0399932861328,156.44000244140625,155.41000366210938,156.22000122070312,110.96892547607422,101711100,0.0,0.0
2007-10-11,156.92999267578125,157.52000427246094,154.5399932861328,155.47000122070312,110.4361801147461,233529100,0.0,0.0
2007-10-12,155.4600067138672,156.35000610351562,155.27000427246094,156.3300018310547,111.04708099365234,124546700,0.0,0.0
2007-10-15,156.27000427246094,156.36000061035156,153.94000244140625,155.00999450683594,110.10944366455078,161151900,0.0,0.0
2007-10-16,154.41000366210938,154.52000427246094,153.47000122070312,153.77999877929688,109.2357177734375,166525700,0.0,0.0
2007-10-17,154.97999572753906,155.08999633789062,152.47000122070312,154.25,109.56958770751952,216687300,0.0,0.0
2007-10-18,153.4499969482422,154.19000244140625,153.0800018310547,153.69000244140625,109.17176818847656,148367500,0.0,0.0
2007-10-19,153.08999633789062,156.47999572753906,149.66000366210938,149.6699981689453,106.3162612915039,297169900,0.0,0.0
2007-10-22,148.86000061035156,150.75999450683594,148.66000366210938,150.5399932861328,106.9342041015625,261989800,0.0,0.0
2007-10-23,151.4600067138672,151.9499969482422,150.25,151.75999450683594,107.80083465576172,180085100,0.0,0.0
2007-10-24,151.2100067138672,151.74000549316406,148.83999633789062,151.47999572753906,107.60194396972656,326694200,0.0,0.0
2007-10-25,151.64999389648438,152.2899932861328,149.8800048828125,151.83999633789062,107.85767364501952,237374500,0.0,0.0
2007-10-26,153.05999755859375,153.6199951171875,151.89999389648438,153.6199951171875,109.12207794189452,176484000,0.0,0.0
2007-10-29,153.92999267578125,154.44000244140625,153.5500030517578,154.1300048828125,109.48434448242188,106841000,0.0,0.0
2007-10-30,153.4499969482422,153.75,152.8699951171875,153.05999755859375,108.72428894042967,132981600,0.0,0.0
2007-10-31,153.97999572753906,155.27000427246094,152.83999633789062,154.64999389648438,109.85370635986328,220954400,0.0,0.0
2007-11-01,153.2899932861328,153.41000366210938,150.58999633789062,151.02999877929688,107.28231048583984,333040800,0.0,0.0
2007-11-02,151.52999877929688,152.0,149.2100067138672,151.1999969482422,107.40306091308594,331228200,0.0,0.0
2007-11-05,149.63999938964844,151.16000366210938,148.97000122070312,150.0500030517578,106.58614349365234,226841000,0.0,0.0
2007-11-06,150.86000061035156,152.11000061035156,149.89999389648438,152.07000732421875,108.02106475830078,177800500,0.0,0.0
2007-11-07,150.44000244140625,151.1300048828125,147.5500030517578,147.91000366210938,105.06603240966795,306639700,0.0,0.0
2007-11-08,147.99000549316406,148.39999389648438,145.07000732421875,147.16000366210938,104.53325653076172,374509900,0.0,0.0
2007-11-09,145.69000244140625,147.5399932861328,144.88999938964844,145.13999938964844,103.098388671875,277745100,0.0,0.0
2007-11-12,145.2100067138672,146.61000061035156,143.6999969482422,143.6999969482422,102.07554626464844,243087800,0.0,0.0
2007-11-13,145.3699951171875,148.30999755859375,145.22000122070312,148.0800018310547,105.18682098388672,191117400,0.0,0.0
2007-11-14,149.22000122070312,149.39999389648438,146.77999877929688,147.6699981689453,104.8955535888672,230558800,0.0,0.0
2007-11-15,146.57000732421875,147.49000549316406,144.52000427246094,145.5399932861328,103.38253784179688,263111100,0.0,0.0
2007-11-16,146.30999755859375,146.47000122070312,144.57000732421875,145.7899932861328,103.56011962890624,308770600,0.0,0.0
2007-11-19,145.27999877929688,145.36000061035156,143.19000244140625,143.75999450683594,102.11812591552734,267746000,0.0,0.0
2007-11-20,144.02000427246094,145.52999877929688,142.11000061035156,144.63999938964844,102.74324798583984,414767500,0.0,0.0
2007-11-21,143.0800018310547,143.91000366210938,141.6699981689453,141.67999267578125,100.6406478881836,259012400,0.0,0.0
2007-11-23,143.07000732421875,144.33999633789062,142.6999969482422,144.1300048828125,102.38094329833984,77688400,0.0,0.0
2007-11-26,144.42999267578125,144.8800048828125,140.66000366210938,140.9499969482422,100.1220932006836,214232000,0.0,0.0
2007-11-27,141.74000549316406,143.22999572753906,140.9499969482422,142.57000732421875,101.2728500366211,293897900,0.0,0.0
2007-11-28,144.19000244140625,147.47000122070312,144.13999938964844,147.1300048828125,104.51203918457033,258596900,0.0,0.0
2007-11-29,146.6199951171875,147.72000122070312,146.10000610351562,147.17999267578125,104.54745483398438,199409900,0.0,0.0
2007-11-30,149.0399932861328,149.8699951171875,147.3300018310547,148.66000366210938,105.59880065917967,222908000,0.0,0.0
2007-12-03,148.19000244140625,148.4499969482422,147.2899932861328,147.67999267578125,104.90264892578124,146430400,0.0,0.0
2007-12-04,146.66000366210938,147.5399932861328,146.30999755859375,146.36000061035156,103.96500396728516,136533900,0.0,0.0
2007-12-05,147.92999267578125,149.1999969482422,147.8300018310547,148.80999755859375,105.7053451538086,171130000,0.0,0.0
2007-12-06,148.6300048828125,151.2100067138672,148.57000732421875,150.94000244140625,107.21839904785156,154457400,0.0,0.0
2007-12-07,151.4199981689453,151.5,150.5500030517578,150.91000366210938,107.1970672607422,148980100,0.0,0.0
2007-12-10,151.27999877929688,152.25,150.86000061035156,152.0800018310547,108.02814483642578,123914300,0.0,0.0
2007-12-11,152.13999938964844,152.88999938964844,147.8300018310547,147.91000366210938,105.06603240966795,250346400,0.0,0.0
2007-12-12,151.05999755859375,151.77000427246094,147.1999969482422,149.3699951171875,106.1031494140625,322435600,0.0,0.0
2007-12-13,148.32000732421875,149.38999938964844,147.3000030517578,149.05999755859375,105.88289642333984,237551300,0.0,0.0
2007-12-14,147.92999267578125,149.10000610351562,147.10000610351562,147.1699981689453,104.5403823852539,159152900,0.0,0.0
2007-12-17,146.61000061035156,146.8699951171875,144.86000061035156,145.07000732421875,103.04867553710938,177269400,0.0,0.0
2007-12-18,146.10000610351562,146.47999572753906,143.9600067138672,145.8800048828125,103.62406158447266,245569300,0.0,0.0
2007-12-19,145.94000244140625,146.88999938964844,144.94000244140625,145.8800048828125,103.62406158447266,198917200,0.0,0.0
2007-12-20,146.83999633789062,146.86000061035156,145.17999267578125,146.8000030517578,104.27754974365234,214813800,0.0,0.0
2007-12-21,147.3699951171875,148.4199981689453,147.08999633789062,148.1300048828125,105.78079986572266,146084400,0.775,0.0
2007-12-24,148.82000732421875,149.47999572753906,148.47999572753906,149.22999572753906,106.56629180908205,45601400,0.0,0.0
2007-12-26,148.64999389648438,149.67999267578125,148.5,149.5500030517578,106.79483032226562,67093100,0.0,0.0
2007-12-27,149.02000427246094,149.02999877929688,147.32000732421875,147.6699981689453,105.45225524902344,122981700,0.0,0.0
2007-12-28,148.5399932861328,148.61000061035156,146.89999389648438,147.3000030517578,105.18804168701172,116398100,0.0,0.0
2007-12-31,147.10000610351562,147.61000061035156,146.05999755859375,146.2100067138672,104.4096908569336,108126800,0.0,0.0
2008-01-02,146.52999877929688,146.99000549316406,143.8800048828125,144.92999267578125,103.49562072753906,204935600,0.0,0.0
2008-01-03,144.91000366210938,145.49000549316406,144.07000732421875,144.86000061035156,103.4456558227539,125133300,0.0,0.0
2008-01-04,143.33999633789062,143.44000244140625,140.91000366210938,141.30999755859375,100.91055297851562,232330900,0.0,0.0
2008-01-07,141.80999755859375,142.22999572753906,140.10000610351562,141.19000244140625,100.82489013671876,234991000,0.0,0.0
2008-01-08,142.0800018310547,142.89999389648438,138.44000244140625,138.91000366210938,99.19673919677734,326365700,0.0,0.0
2008-01-09,139.08999633789062,140.7899932861328,137.6999969482422,140.3699951171875,100.2393035888672,301824900,0.0,0.0
2008-01-10,139.67999267578125,142.8000030517578,139.3699951171875,141.2899932861328,100.89625549316406,335701200,0.0,0.0
2008-01-11,140.77999877929688,141.89999389648438,139.0,140.14999389648438,100.08216094970705,267076600,0.0,0.0
2008-01-14,141.16000366210938,141.86000061035156,140.39999389648438,141.27999877929688,100.8891143798828,170365500,0.0,0.0
2008-01-15,139.7899932861328,141.49000549316406,137.89999389648438,138.1699981689453,98.6682586669922,239940100,0.0,0.0
2008-01-16,137.36000061035156,139.1199951171875,136.27999877929688,136.97999572753906,97.81846618652344,378802600,0.0,0.0
2008-01-17,137.80999755859375,137.8800048828125,132.92999267578125,133.42999267578125,95.28337860107422,397892600,0.0,0.0
2008-01-18,134.74000549316406,135.02000427246094,131.10000610351562,132.05999755859375,94.3050537109375,348561500,0.0,0.0
2008-01-22,127.20999908447266,132.42999267578125,126.0,130.72000122070312,93.3481674194336,435923700,0.0,0.0
2008-01-23,127.08999633789062,134.19000244140625,126.83999633789062,133.86000061035156,95.59042358398438,511913000,0.0,0.0
2008-01-24,134.47999572753906,135.4600067138672,133.30999755859375,134.99000549316406,96.39735412597656,259949300,0.0,0.0
2008-01-25,136.50999450683594,136.75999450683594,132.60000610351562,133.0399932861328,95.0048599243164,269603900,0.0,0.0
2008-01-28,133.25999450683594,135.52000427246094,132.05999755859375,135.24000549316406,96.5759506225586,217934600,0.0,0.0
2008-01-29,136.10000610351562,136.4499969482422,134.8800048828125,135.91000366210938,97.05441284179688,168968300,0.0,0.0
2008-01-30,135.5800018310547,138.5399932861328,134.60000610351562,134.91000366210938,96.34027862548828,334939200,0.0,0.0
2008-01-31,133.39999389648438,138.5399932861328,133.1999969482422,137.3699951171875,98.0969696044922,343680800,0.0,0.0
2008-02-01,137.94000244140625,139.61000061035156,137.52000427246094,139.5800018310547,99.67513275146484,206843600,0.0,0.0
2008-02-04,139.2100067138672,139.3000030517578,137.63999938964844,137.82000732421875,98.41828155517578,124694300,0.0,0.0
2008-02-05,135.94000244140625,136.25,133.6699981689453,134.1300048828125,95.7833023071289,286882500,0.0,0.0
2008-02-06,134.5800018310547,135.25,132.41000366210938,133.0500030517578,95.01203918457033,250792900,0.0,0.0
2008-02-07,131.8000030517578,134.7899932861328,131.72999572753906,133.92999267578125,95.64043426513672,297368100,0.0,0.0
2008-02-08,133.08999633789062,134.22000122070312,132.10000610351562,133.07000732421875,95.02632904052734,221643500,0.0,0.0
2008-02-11,133.10000610351562,134.22999572753906,132.0399932861328,133.75,95.51190185546876,188576300,0.0,0.0
2008-02-12,134.91000366210938,136.30999755859375,133.97999572753906,134.99000549316406,96.39735412597656,256654400,0.0,0.0
2008-02-13,136.00999450683594,137.05999755859375,135.13999938964844,136.3699951171875,97.38287353515624,181967800,0.0,0.0
2008-02-14,136.9499969482422,137.0,134.7899932861328,135.1699981689453,96.52590942382812,215207200,0.0,0.0
2008-02-15,134.5,135.22000122070312,133.91000366210938,135.13999938964844,96.5045166015625,154110300,0.0,0.0
2008-02-19,136.72000122070312,136.88999938964844,134.61000061035156,135.52000427246094,96.77589416503906,145190000,0.0,0.0
2008-02-20,133.99000549316406,136.5500030517578,133.75999450683594,135.9199981689453,97.0615234375,220085700,0.0,0.0
2008-02-21,136.66000366210938,137.00999450683594,134.07000732421875,134.7899932861328,96.2545928955078,201051200,0.0,0.0
2008-02-22,134.97000122070312,135.85000610351562,132.86000061035156,135.6199951171875,96.84725952148438,205491000,0.0,0.0
2008-02-25,135.5399932861328,137.64999389648438,134.77999877929688,137.3300018310547,98.06839752197266,190107000,0.0,0.0
2008-02-26,136.75,138.9499969482422,136.5,138.36000061035156,98.80392456054688,212420700,0.0,0.0
2008-02-27,137.55999755859375,139.13999938964844,137.41000366210938,138.22000122070312,98.7039794921875,168395800,0.0,0.0
2008-02-28,137.24000549316406,137.9600067138672,136.5500030517578,136.8699951171875,97.7398910522461,170831100,0.0,0.0
2008-02-29,135.60000610351562,135.67999267578125,132.77999877929688,133.82000732421875,95.56188201904295,252715200,0.0,0.0
2008-03-03,133.13999938964844,133.80999755859375,132.24000549316406,133.5,95.3333511352539,189483500,0.0,0.0
2008-03-04,132.22999572753906,133.39999389648438,130.99000549316406,132.99000549316406,94.9691925048828,282513100,0.0,0.0
2008-03-05,133.4199981689453,134.77000427246094,132.33999633789062,133.8300018310547,95.56902313232422,270681400,0.0,0.0
2008-03-06,132.97999572753906,133.22000122070312,130.5500030517578,131.05999755859375,93.59090423583984,247911700,0.0,0.0
2008-03-07,129.77000427246094,131.74000549316406,128.5800018310547,129.7100067138672,92.6269073486328,326434600,0.0,0.0
2008-03-10,129.83999633789062,129.92999267578125,127.58999633789062,128.0,91.40579986572266,235683600,0.0,0.0
2008-03-11,130.72000122070312,132.72000122070312,128.9499969482422,132.60000610351562,94.69068908691406,341440600,0.0,0.0
2008-03-12,132.74000549316406,133.77000427246094,131.16000366210938,131.36000061035156,93.8051528930664,229161100,0.0,0.0
2008-03-13,129.61000061035156,132.63999938964844,128.60000610351562,131.64999389648438,94.01226806640624,351504200,0.0,0.0
2008-03-14,132.77000427246094,132.80999755859375,127.77999877929688,129.61000061035156,92.55547332763672,484687800,0.0,0.0
2008-03-17,126.56999969482422,129.25999450683594,126.06999969482422,128.3000030517578,91.6200180053711,405311100,0.0,0.0
2008-03-18,130.6199951171875,133.69000244140625,129.97999572753906,133.6300048828125,95.42620849609376,334416600,0.0,0.0
2008-03-19,134.13999938964844,134.64999389648438,130.0399932861328,130.32000732421875,93.06250762939452,345971600,0.0,0.0
2008-03-20,130.0500030517578,132.91000366210938,129.25999450683594,132.0800018310547,94.78628540039062,245320700,0.642,0.0
2008-03-24,133.30999755859375,135.80999755859375,133.24000549316406,134.72000122070312,96.6808624267578,208977300,0.0,0.0
2008-03-25,134.86000061035156,135.5500030517578,133.77000427246094,134.85000610351562,96.77417755126952,192947200,0.0,0.0
2008-03-26,134.4600067138672,135.08999633789062,133.11000061035156,133.1999969482422,95.59004974365234,196934300,0.0,0.0
2008-03-27,134.1999969482422,134.44000244140625,132.36000061035156,132.77999877929688,95.28865051269533,225153200,0.0,0.0
2008-03-28,132.99000549316406,133.36000061035156,131.05999755859375,131.50999450683594,94.37720489501952,180896100,0.0,0.0
2008-03-31,131.2899932861328,132.72999572753906,131.08999633789062,131.97000122070312,94.70733642578124,166692100,0.0,0.0
2008-04-01,133.61000061035156,136.83999633789062,133.50999450683594,136.61000061035156,98.03722381591795,254547300,0.0,0.0
2008-04-02,137.0500030517578,137.6699981689453,135.97999572753906,136.6999969482422,98.1017837524414,210910800,0.0,0.0
2008-04-03,135.9600067138672,137.44000244140625,135.7100067138672,137.0399932861328,98.34579467773438,175884800,0.0,0.0
2008-04-04,137.1199951171875,137.9600067138672,136.1199951171875,136.88999938964844,98.23815155029295,204446800,0.0,0.0
2008-04-07,137.8699951171875,138.57000732421875,136.74000549316406,136.9600067138672,98.28838348388672,154245500,0.0,0.0
2008-04-08,136.19000244140625,136.9199981689453,135.9499969482422,136.82000732421875,98.18793487548828,148937300,0.0,0.0
2008-04-09,136.61000061035156,136.8000030517578,134.88999938964844,135.8300018310547,97.47746276855467,195610600,0.0,0.0
2008-04-10,135.4199981689453,136.6699981689453,134.89999389648438,136.02000427246094,97.61378479003906,192967800,0.0,0.0
2008-04-11,134.49000549316406,135.1199951171875,133.00999450683594,133.3800048828125,95.71926879882812,222973300,0.0,0.0
2008-04-14,133.19000244140625,133.5399932861328,132.5500030517578,132.92999267578125,95.39627075195312,160522000,0.0,0.0
2008-04-15,133.5800018310547,133.69000244140625,132.3300018310547,133.24000549316406,95.61876678466795,172389200,0.0,0.0
2008-04-16,134.5399932861328,136.91000366210938,134.52000427246094,136.85000610351562,98.20941925048828,189268900,0.0,0.0
2008-04-17,136.02000427246094,137.25,135.66000366210938,137.0500030517578,98.3529815673828,179665700,0.0,0.0
2008-04-18,138.94000244140625,139.55999755859375,138.25999450683594,138.47999572753906,99.3791961669922,218530600,0.0,0.0
2008-04-21,138.22999572753906,138.97999572753906,137.85000610351562,138.5500030517578,99.4294204711914,118587400,0.0,0.0
2008-04-22,138.19000244140625,138.30999755859375,136.89999389648438,137.94000244140625,98.99166870117188,162166000,0.0,0.0
2008-04-23,138.08999633789062,138.77999877929688,137.1199951171875,137.72000122070312,98.83381652832033,193309000,0.0,0.0
2008-04-24,138.0800018310547,139.74000549316406,137.0399932861328,138.32000732421875,99.26437377929688,229381300,0.0,0.0
2008-04-25,139.39999389648438,139.88999938964844,137.91000366210938,139.60000610351562,100.18297576904295,190788100,0.0,0.0
2008-04-28,139.8800048828125,140.25,139.3800048828125,139.6300048828125,100.20449829101562,105610200,0.0,0.0
2008-04-29,139.38999938964844,139.72999572753906,138.61000061035156,139.0800018310547,99.80978393554688,125514100,0.0,0.0
2008-04-30,139.2899932861328,140.58999633789062,138.25999450683594,138.25999450683594,99.2213134765625,208395900,0.0,0.0
2008-05-01,138.3800048828125,141.1199951171875,138.27000427246094,141.1199951171875,101.2737808227539,187279500,0.0,0.0
2008-05-02,142.33999633789062,142.3699951171875,140.55999755859375,141.50999450683594,101.55363464355467,181585500,0.0,0.0
2008-05-05,141.0500030517578,141.61000061035156,140.41000366210938,140.8300018310547,101.06564331054688,118504500,0.0,0.0
2008-05-06,140.02000427246094,142.1999969482422,139.69000244140625,142.0500030517578,101.9411849975586,179339800,0.0,0.0
2008-05-07,141.88999938964844,142.0399932861328,139.1300048828125,139.52000427246094,100.12556457519533,199267300,0.0,0.0
2008-05-08,139.74000549316406,140.32000732421875,138.97999572753906,139.16000366210938,99.8672103881836,178321200,0.0,0.0
2008-05-09,138.60000610351562,139.38999938964844,138.4499969482422,138.89999389648438,99.68061065673828,152588200,0.0,0.0
2008-05-12,139.25,140.55999755859375,138.72999572753906,140.4600067138672,100.8001480102539,147865900,0.0,0.0
2008-05-13,140.8000030517578,140.88999938964844,139.72999572753906,140.47999572753906,100.8144989013672,159132200,0.0,0.0
2008-05-14,141.07000732421875,142.1999969482422,140.4600067138672,140.77000427246094,101.02259826660156,181910800,0.0,0.0
2008-05-15,141.0399932861328,142.6300048828125,140.8300018310547,142.52999877929688,102.28565216064452,166927000,0.0,0.0
2008-05-16,142.86000061035156,142.8699951171875,141.61000061035156,142.66000366210938,102.37891387939452,204236800,0.0,0.0
2008-05-19,142.80999755859375,144.3000030517578,142.3000030517578,143.0500030517578,102.65882110595705,165664400,0.0,0.0
2008-05-20,142.27000427246094,142.33999633789062,141.0,141.88999938964844,101.8263702392578,178552100,0.0,0.0
2008-05-21,141.80999755859375,142.1199951171875,139.0,139.49000549316406,100.10404205322266,252724800,0.0,0.0
2008-05-22,139.42999267578125,140.1699981689453,139.0,139.50999450683594,100.1183853149414,170820400,0.0,0.0
2008-05-23,139.0500030517578,139.66000366210938,137.52000427246094,137.63999938964844,98.77640533447266,181376400,0.0,0.0
2008-05-27,137.8000030517578,139.0,137.52999877929688,138.66000366210938,99.50839233398438,168322900,0.0,0.0
2008-05-28,139.1699981689453,140.0,138.0,139.3000030517578,99.96768188476562,181288100,0.0,0.0
2008-05-29,139.1300048828125,140.92999267578125,139.0800018310547,140.0,100.47002410888672,173927200,0.0,0.0
2008-05-30,140.47000122070312,140.74000549316406,139.94000244140625,140.35000610351562,100.7212371826172,117362000,0.0,0.0
2008-06-02,139.8300018310547,139.86000061035156,138.0,138.89999389648438,99.68061065673828,181069900,0.0,0.0
2008-06-03,139.3000030517578,139.6199951171875,137.22999572753906,138.08999633789062,99.09934997558594,271965700,0.0,0.0
2008-06-04,137.6999969482422,139.16000366210938,137.4600067138672,138.02000427246094,99.0490951538086,246637700,0.0,0.0
2008-06-05,138.5800018310547,140.88999938964844,138.32000732421875,140.77999877929688,101.02976989746094,237867100,0.0,0.0
2008-06-06,139.5500030517578,139.8000030517578,136.22000122070312,136.2899932861328,97.80755615234376,384276300,0.0,0.0
2008-06-09,136.86000061035156,137.5,135.41000366210938,136.6199951171875,98.04436492919922,228263900,0.0,0.0
2008-06-10,135.6699981689453,137.10000610351562,135.35000610351562,135.94000244140625,97.556396484375,260234900,0.0,0.0
2008-06-11,135.97000122070312,136.25999450683594,133.92999267578125,133.94000244140625,96.1210708618164,283890100,0.0,0.0
2008-06-12,134.60000610351562,135.8699951171875,133.52000427246094,134.4499969482422,96.48706817626952,252791800,0.0,0.0
2008-06-13,135.1699981689453,136.52000427246094,134.4199981689453,136.14999389648438,97.70710754394533,244726900,0.0,0.0
2008-06-16,135.5500030517578,136.92999267578125,135.4600067138672,136.22999572753906,97.7645034790039,185832500,0.0,0.0
2008-06-17,137.07000732421875,137.1199951171875,135.3699951171875,135.57000732421875,97.29084777832033,191707700,0.0,0.0
2008-06-18,134.69000244140625,135.52000427246094,133.7100067138672,134.25,96.3435287475586,265893000,0.0,0.0
2008-06-19,134.14999389648438,135.24000549316406,133.5,134.4199981689453,96.46556854248048,304204900,0.0,0.0
2008-06-20,132.83999633789062,133.08999633789062,131.22000122070312,131.5800018310547,94.8997802734375,289275700,0.669,0.0
2008-06-23,132.08999633789062,132.22999572753906,131.32000732421875,131.4499969482422,94.8060073852539,165096400,0.0,0.0
2008-06-24,131.0500030517578,132.44000244140625,130.19000244140625,131.19000244140625,94.61847686767578,267300600,0.0,0.0
2008-06-25,131.72000122070312,133.39999389648438,131.24000549316406,131.80999755859375,95.06564331054688,287853900,0.0,0.0
2008-06-26,130.57000732421875,131.4199981689453,128.0800018310547,128.22999572753906,92.48365783691406,297775000,0.0,0.0
2008-06-27,128.27999877929688,128.86000061035156,127.04000091552734,127.52999877929688,91.9788055419922,303423400,0.0,0.0
2008-06-30,127.88999938964844,128.91000366210938,127.3000030517578,127.9800033569336,92.30335235595705,258842600,0.0,0.0
2008-07-01,126.5199966430664,128.47000122070312,125.93000030517578,128.3800048828125,92.5918426513672,388622000,0.0,0.0
2008-07-02,128.7899932861328,129.16000366210938,125.9499969482422,126.18000030517578,91.00511169433594,288064600,0.0,0.0
2008-07-03,127.11000061035156,127.11000061035156,124.98999786376952,126.30999755859376,91.0988998413086,239352500,0.0,0.0
2008-07-07,126.79000091552734,127.33999633789062,123.91999816894533,125.0199966430664,90.1684799194336,372427300,0.0,0.0
2008-07-08,124.98999786376952,127.38999938964844,124.1999969482422,127.23999786376952,91.76964569091795,375973700,0.0,0.0
2008-07-09,127.5,127.73999786376952,124.38999938964844,124.79000091552734,90.00263214111328,336729400,0.0,0.0
2008-07-10,124.43000030517578,125.79000091552734,123.58000183105467,125.3000030517578,90.37042999267578,436475700,0.0,0.0
2008-07-11,123.97000122070312,125.9000015258789,122.48999786376952,123.83999633789062,89.31743621826172,481124600,0.0,0.0
2008-07-14,125.26000213623048,125.5,122.4000015258789,122.72000122070312,88.5096435546875,322720800,0.0,0.0
2008-07-15,121.8000030517578,123.48999786376952,120.0199966430664,120.98999786376952,87.26191711425781,502502500,0.0,0.0
2008-07-16,121.4499969482422,124.56999969482422,121.0999984741211,123.95999908447266,89.40400695800781,371642900,0.0,0.0
2008-07-17,125.13999938964844,126.26000213623048,124.08999633789062,125.1999969482422,90.2982940673828,375490600,0.0,0.0
2008-07-18,126.16999816894533,126.41999816894533,125.1500015258789,125.9800033569336,90.86089324951172,267030100,0.0,0.0
2008-07-21,126.51000213623048,126.8000030517578,125.19000244140624,126.0500030517578,90.91136932373048,222863000,0.0,0.0
2008-07-22,125.1500015258789,127.8000030517578,124.8499984741211,127.4800033569336,91.94268798828124,296904200,0.0,0.0
2008-07-23,127.88999938964844,129.14999389648438,127.5500030517578,128.1699981689453,92.44036865234376,311698400,0.0,0.0
2008-07-24,128.33999633789062,128.41000366210938,125.16000366210938,125.51000213623048,90.52188873291016,248634500,0.0,0.0
2008-07-25,125.88999938964844,126.48999786376952,125.16999816894533,125.4800033569336,90.50022888183594,219131000,0.0,0.0
2008-07-28,125.51000213623048,126.05999755859376,123.41999816894533,123.63999938964844,89.17317962646484,205201300,0.0,0.0
2008-07-29,123.9800033569336,126.37999725341795,123.63999938964844,126.27999877929688,91.07723999023438,261505600,0.0,0.0
2008-07-30,127.11000061035156,128.60000610351562,126.27999877929688,128.52999877929688,92.70001983642578,354710000,0.0,0.0
2008-07-31,127.4000015258789,128.57000732421875,126.62999725341795,126.83000183105467,91.47393798828124,277402100,0.0,0.0
2008-08-01,127.12000274658205,127.27999877929688,125.45999908447266,126.16000366210938,90.9906768798828,248690900,0.0,0.0
2008-08-04,126.04000091552734,126.13999938964844,124.76000213623048,124.98999786376952,90.1468505859375,188239600,0.0,0.0
2008-08-05,126.0199966430664,128.55999755859375,124.97000122070312,128.36000061035156,92.57742309570312,251577600,0.0,0.0
2008-08-06,128.02000427246094,129.3000030517578,127.4800033569336,128.92999267578125,92.98848724365234,209555400,0.0,0.0
2008-08-07,127.95999908447266,128.44000244140625,126.54000091552734,127.01000213623048,91.60374450683594,246312500,0.0,0.0
2008-08-08,126.58000183105467,129.92999267578125,126.37999725341795,129.3699951171875,93.30587005615234,260811700,0.0,0.0
2008-08-11,129.47000122070312,131.50999450683594,129.22999572753906,130.7100067138672,94.27229309082033,249425800,0.0,0.0
2008-08-12,130.27999877929688,130.6999969482422,128.72999572753906,129.35000610351562,93.29141998291016,213200800,0.0,0.0
2008-08-13,128.7899932861328,129.64999389648438,127.66999816894533,128.57000732421875,92.7288818359375,256393200,0.0,0.0
2008-08-14,127.83999633789062,130.27999877929688,127.75,129.5399932861328,93.42845916748048,239555300,0.0,0.0
2008-08-15,129.92999267578125,130.5,129.3000030517578,130.1699981689453,93.8827896118164,181000800,0.0,0.0
2008-08-18,130.42999267578125,130.47999572753906,127.66000366210938,128.38999938964844,92.59901428222656,172275100,0.0,0.0
2008-08-19,127.41999816894533,127.69000244140624,126.52999877929688,126.98999786376952,91.58934020996094,194673700,0.0,0.0
2008-08-20,127.38999938964844,127.9499969482422,126.33999633789062,127.58000183105467,92.01481628417967,225498200,0.0,0.0
2008-08-21,126.75,128.44000244140625,126.5999984741211,127.8000030517578,92.17350006103516,180609800,0.0,0.0
2008-08-22,128.6699981689453,129.64999389648438,127.8000030517578,129.64999389648438,93.5077896118164,167715300,0.0,0.0
2008-08-25,128.8000030517578,129.64999389648438,126.75,127.0199966430664,91.61095428466795,171936900,0.0,0.0
2008-08-26,127.0199966430664,127.87000274658205,126.58000183105467,127.38999938964844,91.87782287597656,159117200,0.0,0.0
2008-08-27,127.5500030517578,128.8300018310547,127.3000030517578,128.6300048828125,92.77214813232422,171032800,0.0,0.0
2008-08-28,129.27999877929688,130.33999633789062,129.11000061035156,130.19000244140625,93.8972625732422,167537100,0.0,0.0
2008-08-29,129.72999572753906,130.13999938964844,128.50999450683594,128.7899932861328,92.88751983642578,189195800,0.0,0.0
2008-09-02,130.02999877929688,130.7100067138672,127.5199966430664,127.98999786376952,92.31053924560548,252364900,0.0,0.0
2008-09-03,127.87999725341795,128.5,126.93000030517578,127.87999725341795,92.23121643066406,251947000,0.0,0.0
2008-09-04,126.97000122070312,127.2300033569336,123.95999908447266,124.02999877929688,89.45448303222656,340042500,0.0,0.0
2008-09-05,123.29000091552734,124.9499969482422,122.0,124.41999816894533,89.73574829101562,289503400,0.0,0.0
2008-09-08,128.0399932861328,128.24000549316406,124.41999816894533,126.98999786376952,91.58934020996094,364075300,0.0,0.0
2008-09-09,127.0999984741211,127.36000061035156,122.8000030517578,123.22000122070312,88.87026977539062,377326800,0.0,0.0
2008-09-10,123.88999938964844,124.9000015258789,122.5500030517578,123.72000122070312,89.23088836669922,298916600,0.0,0.0
2008-09-11,122.12000274658205,125.73999786376952,121.5999984741211,125.51000213623048,90.52188873291016,375369400,0.0,0.0
2008-09-12,124.29000091552734,126.20999908447266,123.83000183105467,126.08999633789062,90.9402084350586,297851200,0.0,0.0
2008-09-15,121.62999725341795,125.6500015258789,119.88999938964844,120.08999633789062,86.61282348632812,483607000,0.0,0.0
2008-09-16,117.1999969482422,122.31999969482422,117.0,122.0999984741211,88.06254577636719,581744300,0.0,0.0
2008-09-17,119.63999938964844,121.8499984741211,116.0,116.61000061035156,84.10289764404297,624095600,0.0,0.0
2008-09-18,118.0500030517578,121.79000091552734,113.8000030517578,120.06999969482422,86.5984115600586,776114700,0.0,0.0
2008-09-19,126.6999969482422,128.0,123.33000183105467,124.12000274658205,90.03753662109375,501087800,0.691,0.0
2008-09-22,124.4499969482422,124.75,120.36000061035156,121.30999755859376,87.99913024902344,249966500,0.0,0.0
2008-09-23,120.8499984741211,122.0199966430664,118.27999877929688,118.5500030517578,85.99700164794922,327470400,0.0,0.0
2008-09-24,119.3499984741211,120.0,117.79000091552734,118.93000030517578,86.272705078125,311818400,0.0,0.0
2008-09-25,119.4000015258789,121.91000366210938,118.44000244140624,120.79000091552734,87.62190246582031,328253000,0.0,0.0
2008-09-26,118.83000183105467,121.5,118.51000213623048,120.8499984741211,87.66546630859375,285917400,0.0,0.0
2008-09-29,119.13999938964844,119.33999633789062,110.97000122070312,111.37999725341795,80.79586791992188,459562300,0.0,0.0
2008-09-30,113.51000213623048,116.8000030517578,110.52999877929688,115.98999786376952,84.13996887207031,328154400,0.0,0.0
2008-10-01,115.2699966430664,116.69000244140624,113.9499969482422,116.05999755859376,84.19075012207031,332783000,0.0,0.0
2008-10-02,114.9499969482422,115.11000061035156,111.05999755859376,111.8499984741211,81.13679504394531,365337800,0.0,0.0
2008-10-03,112.86000061035156,115.4499969482422,109.68000030517578,110.33999633789062,80.0414047241211,461798000,0.0,0.0
2008-10-06,107.1500015258789,107.62000274658205,100.63999938964844,104.72000122070312,75.96463012695312,610637500,0.0,0.0
2008-10-07,106.83999633789062,107.33000183105467,99.6500015258789,100.02999877929688,72.5624771118164,540012100,0.0,0.0
2008-10-08,97.5199966430664,102.18000030517578,96.80999755859376,97.51000213623048,70.73445892333984,725414800,0.0,0.0
2008-10-09,99.66000366210938,100.62000274658205,90.25,90.6999969482422,65.79440307617188,534485200,0.0,0.0
2008-10-10,86.76000213623047,93.94000244140624,83.58000183105469,88.5,64.19852447509766,871026300,0.0,0.0
2008-10-13,93.87000274658205,101.3499984741211,89.94999694824219,101.3499984741211,73.52001953125,455584000,0.0,0.0
2008-10-14,104.6999969482422,105.52999877929688,97.11000061035156,99.8499984741211,72.43189239501953,546268300,0.0,0.0
2008-10-15,97.45999908447266,97.8000030517578,89.70999908447266,90.0199966430664,65.30117797851562,484627500,0.0,0.0
2008-10-16,91.29000091552734,94.7699966430664,86.54000091552734,93.7699966430664,68.02142333984375,708811200,0.0,0.0
2008-10-17,91.98999786376952,98.58999633789062,91.6500015258789,93.20999908447266,67.61518859863281,476649000,0.0,0.0
2008-10-20,95.3499984741211,99.0999984741211,94.08999633789062,98.80999755859376,71.67745971679688,321294200,0.0,0.0
2008-10-21,96.97000122070312,98.63999938964844,95.22000122070312,95.86000061035156,69.53755187988281,356502000,0.0,0.0
2008-10-22,93.1999969482422,95.86000061035156,87.52999877929688,90.63999938964844,65.75092315673828,516168000,0.0,0.0
2008-10-23,90.29000091552734,92.4499969482422,85.80999755859375,91.69000244140624,66.51258087158203,634666400,0.0,0.0
2008-10-24,84.05999755859375,89.91999816894531,84.0,87.04000091552734,63.139442443847656,545812600,0.0,0.0
2008-10-27,85.97000122070312,89.51000213623047,83.69999694824219,83.94999694824219,60.89791488647461,397288600,0.0,0.0
2008-10-28,87.33999633789062,94.23999786376952,84.52999877929688,93.76000213623048,68.01417541503906,639939500,0.0,0.0
2008-10-29,93.7699966430664,97.16999816894533,92.0999984741211,93.08000183105467,67.52088165283203,531270100,0.0,0.0
2008-10-30,95.77999877929688,96.54000091552734,92.9000015258789,96.3000030517578,69.85671997070312,414582100,0.0,0.0
2008-10-31,95.08000183105467,98.56999969482422,94.4800033569336,96.83000183105467,70.24119567871094,411394000,0.0,0.0
2008-11-03,96.77999877929688,97.69000244140624,95.9499969482422,97.11000061035156,70.44429779052734,205419400,0.0,0.0
2008-11-04,99.05999755859376,100.86000061035156,96.70999908447266,100.41000366210938,72.83812713623047,346793400,0.0,0.0
2008-11-05,99.1999969482422,100.70999908447266,95.0,96.19000244140624,69.77696228027344,387844100,0.0,0.0
2008-11-06,94.45999908447266,95.44000244140624,90.05999755859375,90.86000061035156,65.9104995727539,477721900,0.0,0.0
2008-11-07,91.6500015258789,94.0,90.5,93.86000061035156,68.08673858642578,380391000,0.0,0.0
2008-11-10,95.20999908447266,95.52999877929688,90.91999816894533,92.62999725341795,67.1944580078125,301773000,0.0,0.0
2008-11-11,90.76000213623048,92.13999938964844,88.6500015258789,89.7699966430664,65.11980438232422,418498200,0.0,0.0
2008-11-12,88.2300033569336,88.94999694824219,85.12000274658203,85.81999969482422,62.25446319580078,454330600,0.0,0.0
2008-11-13,86.12999725341797,91.7300033569336,82.08999633789062,91.16999816894533,66.13534545898438,753141900,0.0,0.0
2008-11-14,89.41000366210938,92.05999755859376,86.5199966430664,86.62000274658203,62.83478927612305,540352300,0.0,0.0
2008-11-17,86.37999725341797,88.55999755859375,85.16000366210938,85.47000122070312,62.00056457519531,415254900,0.0,0.0
2008-11-18,85.1500015258789,87.22000122070312,82.91000366210938,87.08000183105469,63.16845703125,523811800,0.0,0.0
2008-11-19,85.91000366210938,86.87000274658203,80.91999816894531,81.5,59.12068939208984,558327600,0.0,0.0
2008-11-20,80.12999725341797,82.51000213623047,75.05000305175781,75.44999694824219,54.73198318481445,814180400,0.0,0.0
2008-11-21,77.45999908447266,80.9000015258789,74.33999633789062,79.5199966430664,57.68437576293945,718536500,0.0,0.0
2008-11-24,81.91999816894531,86.98999786376953,80.36000061035156,85.02999877929688,61.681396484375,523305300,0.0,0.0
2008-11-25,87.30000305175781,87.51000213623047,83.81999969482422,85.66000366210938,62.13839340209961,454112400,0.0,0.0
2008-11-26,84.30000305175781,89.19000244140625,84.23999786376953,88.97000122070312,64.53948211669922,370134200,0.0,0.0
2008-11-28,88.62999725341797,90.12999725341795,88.4800033569336,90.08999633789062,65.3519287109375,118308100,0.0,0.0
2008-12-01,87.51000213623047,87.55000305175781,81.86000061035156,82.11000061035156,59.56318283081055,369927100,0.0,0.0
2008-12-02,83.47000122070312,85.48999786376953,82.04000091552734,85.2699966430664,61.85544967651367,469508400,0.0,0.0
2008-12-03,83.4000015258789,87.83000183105469,83.13999938964844,87.31999969482422,63.3425407409668,519863500,0.0,0.0
2008-12-04,86.05999755859375,88.05000305175781,83.73999786376953,85.30000305175781,61.87724685668945,444173800,0.0,0.0
2008-12-05,83.6500015258789,88.41999816894531,82.23999786376953,87.93000030517578,63.78505706787109,471905300,0.0,0.0
2008-12-08,90.33999633789062,92.37999725341795,88.08000183105469,91.0,66.01205444335938,412859300,0.0,0.0
2008-12-09,90.37000274658205,92.12999725341795,88.9800033569336,89.5,64.92393493652344,370790000,0.0,0.0
2008-12-10,90.31999969482422,91.36000061035156,89.0,90.11000061035156,65.36642456054688,396187400,0.0,0.0
2008-12-11,89.54000091552734,91.0,87.37000274658203,87.94000244140625,63.79230880737305,365061000,0.0,0.0
2008-12-12,85.55000305175781,89.06999969482422,85.19999694824219,88.98999786376953,64.55398559570312,415060400,0.0,0.0
2008-12-15,89.0199966430664,89.1500015258789,86.29000091552734,87.75,63.65447998046875,256694200,0.0,0.0
2008-12-16,91.87999725341795,92.0199966430664,88.18000030517578,91.87999725341795,66.65037536621094,377699500,0.0,0.0
2008-12-17,90.83999633789062,92.43000030517578,90.05999755859375,90.98999786376952,66.00479125976562,281819800,0.0,0.0
2008-12-18,91.4000015258789,91.66999816894533,88.20999908447266,89.29000091552734,64.77161407470703,374673300,0.0,0.0
2008-12-19,89.0999984741211,90.62000274658205,88.08999633789062,88.19000244140625,64.4929428100586,301451300,0.719,0.0
2008-12-22,88.58000183105469,88.66999816894531,85.48999786376953,87.05999755859375,63.66659927368164,243759500,0.0,0.0
2008-12-23,87.52999877929688,87.93000030517578,85.80000305175781,86.16000366210938,63.00844192504883,221625200,0.0,0.0
2008-12-24,86.44999694824219,86.87000274658203,86.0,86.66000366210938,63.37411880493164,62061600,0.0,0.0
2008-12-26,87.23999786376953,87.30000305175781,86.5,87.16000366210938,63.7397346496582,74767700,0.0,0.0
2008-12-29,87.23999786376953,87.33000183105469,85.5999984741211,86.91000366210938,63.55690383911133,127795900,0.0,0.0
2008-12-30,87.51000213623047,89.05000305175781,86.87999725341797,88.97000122070312,65.06342315673828,168256300,0.0,0.0
2008-12-31,89.08000183105469,90.97000122070312,88.87000274658203,90.23999786376952,65.99211883544922,193987200,0.0,0.0
2009-01-02,90.44000244140624,93.44000244140624,89.8499984741211,92.95999908447266,67.98126220703125,227566300,0.0,0.0
2009-01-05,92.62999725341795,93.66000366210938,91.88999938964844,92.8499984741211,67.90081024169922,240349700,0.0,0.0
2009-01-06,93.63999938964844,94.4499969482422,92.68000030517578,93.47000122070312,68.3542251586914,328260900,0.0,0.0
2009-01-07,92.0,92.26000213623048,90.1999969482422,90.66999816894533,66.30659484863281,280899200,0.0,0.0
2009-01-08,90.16000366210938,91.08999633789062,89.66999816894531,91.04000091552734,66.57716369628906,263834400,0.0,0.0
2009-01-09,91.16000366210938,91.31999969482422,85.36000061035156,89.08999633789062,65.1511459350586,330953600,0.0,0.0
2009-01-12,88.83999633789062,88.91000366210938,86.41000366210938,86.94999694824219,63.586181640625,277858500,0.0,0.0
2009-01-13,86.7300033569336,87.87999725341797,86.19999694824219,87.11000061035156,63.70318222045898,356432300,0.0,0.0
2009-01-14,85.54000091552734,85.75,83.16000366210938,84.37000274658203,61.69944381713867,435491600,0.0,0.0
2009-01-15,84.12000274658203,85.25,81.72000122070312,84.4000015258789,61.72138595581055,532647300,0.0,0.0
2009-01-16,85.86000061035156,85.98999786376953,83.05000305175781,85.05999755859375,62.20399475097656,399237200,0.0,0.0
2009-01-20,84.2300033569336,85.05999755859375,80.05000305175781,80.56999969482422,58.9205207824707,419855200,0.0,0.0
2009-01-21,81.94000244140625,84.23999786376953,80.47000122070312,84.05000305175781,61.46538162231445,364360700,0.0,0.0
2009-01-22,82.41999816894531,84.04000091552734,81.16999816894531,82.75,60.51474380493164,427940300,0.0,0.0
2009-01-23,80.9000015258789,83.98999786376953,80.56999969482422,83.11000061035156,60.77800750732422,386800600,0.0,0.0
2009-01-26,83.58999633789062,85.36000061035156,82.80999755859375,83.68000030517578,61.19481658935547,317978800,0.0,0.0
2009-01-27,84.12999725341797,85.1500015258789,83.30000305175781,84.52999877929688,61.816436767578125,273789700,0.0,0.0
2009-01-28,86.4000015258789,87.94999694824219,86.06999969482422,87.38999938964844,63.90793228149414,330007000,0.0,0.0
2009-01-29,86.11000061035156,87.48999786376953,84.47000122070312,84.55000305175781,61.83106994628906,294392500,0.0,0.0
2009-01-30,84.9800033569336,85.4000015258789,82.20999908447266,82.83000183105469,60.57324600219727,383383600,0.0,0.0
2009-02-02,81.56999969482422,83.18000030517578,81.30999755859375,82.58000183105469,60.390403747558594,288233300,0.0,0.0
2009-02-03,83.0999984741211,84.36000061035156,82.22000122070312,83.73999786376953,61.23871994018555,278385800,0.0,0.0
2009-02-04,84.30000305175781,85.37000274658203,83.04000091552734,83.33000183105469,60.93888092041016,322989300,0.0,0.0
2009-02-05,82.69999694824219,85.29000091552734,77.7300033569336,84.56999969482422,61.84567642211914,417679400,0.0,0.0
2009-02-06,84.86000061035156,87.33999633789062,84.68000030517578,86.9800033569336,63.60811233520508,366101700,0.0,0.0
2009-02-09,86.95999908447266,87.73999786376953,86.31999969482422,87.0999984741211,63.69587326049805,240075200,0.0,0.0
2009-02-10,86.2699966430664,87.02999877929688,82.44999694824219,83.11000061035156,60.77800750732422,536212800,0.0,0.0
2009-02-11,83.44999694824219,84.05000305175781,82.4000015258789,83.5999984741211,61.13632583618164,324442500,0.0,0.0
2009-02-12,82.16999816894531,83.81999969482422,81.05000305175781,83.66000366210938,61.18020248413086,469302200,0.0,0.0
2009-02-13,83.55000305175781,84.23999786376953,82.73999786376953,82.76000213623047,60.52205657958984,293998400,0.0,0.0
2009-02-17,80.16000366210938,82.95999908447266,79.16999816894531,79.22000122070312,57.93323516845703,478910100,0.0,0.0
2009-02-18,79.79000091552734,79.94000244140625,78.27999877929688,79.02999877929688,57.79430389404297,362964800,0.0,0.0
2009-02-19,79.83999633789062,80.1500015258789,78.0199966430664,78.18000030517578,57.17269134521485,316867500,0.0,0.0
2009-02-20,76.7300033569336,78.33999633789062,75.7699966430664,77.41999816894531,56.61692428588867,477176600,0.0,0.0
2009-02-23,78.2699966430664,78.2699966430664,74.58999633789062,74.6500015258789,54.59122848510742,379641400,0.0,0.0
2009-02-24,75.29000091552734,77.94999694824219,74.69999694824219,77.4800033569336,56.66082382202149,426260900,0.0,0.0
2009-02-25,77.13999938964844,78.41999816894531,75.62999725341797,76.87000274658203,56.214725494384766,461985800,0.0,0.0
2009-02-26,77.81999969482422,79.66999816894531,75.52999877929688,75.62000274658203,55.300594329833984,363353900,0.0,0.0
2009-02-27,74.01000213623047,75.69000244140625,73.80999755859375,73.93000030517578,54.064701080322266,470510900,0.0,0.0
2009-03-02,72.5199966430664,73.91999816894531,70.37000274658203,70.5999984741211,51.62947463989258,426452600,0.0,0.0
2009-03-03,71.61000061035156,71.69999694824219,69.63999938964844,70.06999969482422,51.24190139770508,443761000,0.0,0.0
2009-03-04,71.2300033569336,72.87000274658203,70.06999969482422,71.7300033569336,52.45585632324219,462753100,0.0,0.0
2009-03-05,70.0999984741211,71.7300033569336,68.16999816894531,68.80000305175781,50.31316375732422,485549400,0.0,0.0
2009-03-06,69.4000015258789,70.44999694824219,67.0999984741211,68.91999816894531,50.40089416503906,490470000,0.0,0.0
2009-03-09,67.94999694824219,70.0,67.7300033569336,68.11000061035156,49.808570861816406,379905300,0.0,0.0
2009-03-10,69.51000213623047,72.37000274658203,69.37000274658203,72.16999816894531,52.77760696411133,406227900,0.0,0.0
2009-03-11,73.0,73.75,71.83000183105469,72.63999938964844,53.121341705322266,356648300,0.0,0.0
2009-03-12,72.62000274658203,75.75,71.97000122070312,75.5,55.21283721923828,409702700,0.0,0.0
2009-03-13,76.01000213623047,76.9800033569336,74.7300033569336,76.08999633789062,55.644317626953125,337474700,0.0,0.0
2009-03-16,76.95999908447266,77.97000122070312,75.80999755859375,75.86000061035156,55.4760971069336,360644900,0.0,0.0
2009-03-17,76.06999969482422,78.36000061035156,75.44999694824219,78.18000030517578,57.17269134521485,356814300,0.0,0.0
2009-03-18,77.80999755859375,80.9000015258789,77.06999969482422,79.93000030517578,58.45247650146485,473273200,0.0,0.0
2009-03-19,80.93000030517578,81.0,78.69000244140625,78.94000244140625,57.72848892211914,428520400,0.0,0.0
2009-03-20,78.76000213623047,78.91000366210938,76.52999877929688,76.70999908447266,56.49922561645508,371078200,0.561,0.0
2009-03-23,78.73999786376953,82.29000091552734,78.30999755859375,82.22000122070312,60.55752182006836,419933300,0.0,0.0
2009-03-24,81.23999786376953,82.36000061035156,80.51000213623047,80.5999984741211,59.36431884765625,330271000,0.0,0.0
2009-03-25,81.2300033569336,82.69999694824219,79.05999755859375,81.44999694824219,59.99039077758789,441775100,0.0,0.0
2009-03-26,82.25,83.30000305175781,81.31999969482422,83.11000061035156,61.213016510009766,422025200,0.0,0.0
2009-03-27,82.05000305175781,82.52999877929688,81.30999755859375,81.61000061035156,60.10824203491211,322332300,0.0,0.0
2009-03-30,79.80000305175781,79.87000274658203,77.95999908447266,78.79000091552734,58.03120803833008,324108500,0.0,0.0
2009-03-31,79.55999755859375,81.08000183105469,79.05000305175781,79.5199966430664,58.5688705444336,364238300,0.0,0.0
2009-04-01,78.52999877929688,81.41999816894531,78.33000183105469,81.05999755859375,59.703163146972656,377018300,0.0,0.0
2009-04-02,83.08000183105469,84.61000061035156,81.12999725341797,83.43000030517578,61.4487190246582,476230700,0.0,0.0
2009-04-03,83.48999786376953,84.27999877929688,82.66999816894531,84.26000213623047,62.06001281738281,284646300,0.0,0.0
2009-04-06,83.33999633789062,84.27999877929688,82.29000091552734,83.5999984741211,61.57390594482422,264866600,0.0,0.0
2009-04-07,82.25,82.6500015258789,81.51000213623047,81.6500015258789,60.13768768310547,258947800,0.0,0.0
2009-04-08,82.05999755859375,82.94000244140625,81.54000091552734,82.52999877929688,60.78585433959961,230402800,0.0,0.0
2009-04-09,84.66999816894531,85.81999969482422,84.33000183105469,85.80999755859375,63.201622009277344,269653500,0.0,0.0
2009-04-13,84.91999816894531,86.54000091552734,84.58000183105469,85.83000183105469,63.21638488769531,224847500,0.0,0.0
2009-04-14,85.02999877929688,85.76000213623047,84.08000183105469,84.3499984741211,62.12629699707031,276598800,0.0,0.0
2009-04-15,83.83999633789062,85.41999816894531,83.61000061035156,85.25,62.78916931152344,250726100,0.0,0.0
2009-04-16,85.93000030517578,87.1500015258789,84.7699966430664,86.5,63.70986175537109,335202900,0.0,0.0
2009-04-17,86.83000183105469,87.6500015258789,86.13999938964844,87.08000183105469,64.13705444335938,262649000,0.0,0.0
2009-04-20,85.54000091552734,87.05000305175781,83.33999633789062,83.43000030517578,61.4487190246582,293690100,0.0,0.0
2009-04-21,82.81999969482422,85.12999725341797,82.75,85.05999755859375,62.64925003051758,114090900,0.0,0.0
2009-04-22,84.29000091552734,86.33999633789062,84.06999969482422,84.54000091552734,62.26624298095703,340395200,0.0,0.0
2009-04-23,84.70999908447266,85.41999816894531,83.62999725341797,85.37000274658203,62.877567291259766,324903700,0.0,0.0
2009-04-24,86.02999877929688,87.30999755859375,85.69000244140625,86.66000366210938,63.82770156860352,287703000,0.0,0.0
2009-04-27,85.68000030517578,87.01000213623047,85.54000091552734,85.83999633789062,63.223724365234375,289581600,0.0,0.0
2009-04-28,84.97000122070312,86.58999633789062,84.76000213623047,85.56999969482422,63.02488327026367,247926300,0.0,0.0
2009-04-29,86.5199966430664,88.36000061035156,86.30000305175781,87.38999938964844,64.36536407470703,311505700,0.0,0.0
2009-04-30,88.55000305175781,89.0199966430664,86.91999816894531,87.41999816894531,64.38746643066406,301419800,0.0,0.0
2009-05-01,87.44000244140625,88.20999908447266,86.72000122070312,87.88999938964844,64.7336196899414,236110300,0.0,0.0
2009-05-04,88.55000305175781,90.94000244140624,88.37999725341797,90.87999725341795,66.93585968017578,287120000,0.0,0.0
2009-05-05,90.56999969482422,90.93000030517578,89.83999633789062,90.56999969482422,66.70752716064453,243036300,0.0,0.0
2009-05-06,91.68000030517578,92.1999969482422,90.61000061035156,92.13999938964844,67.8638916015625,291941000,0.0,0.0
2009-05-07,93.01000213623048,93.1500015258789,90.27999877929688,90.86000061035156,66.92113494873047,317728000,0.0,0.0
2009-05-08,92.02999877929688,93.22000122070312,91.44000244140624,92.9800033569336,68.48257446289062,299081700,0.0,0.0
2009-05-11,91.6999969482422,92.11000061035156,91.04000091552734,91.23999786376952,67.20098876953125,247923600,0.0,0.0
2009-05-12,91.62999725341795,91.83000183105467,89.8499984741211,90.97000122070312,67.00218200683594,282431300,0.0,0.0
2009-05-13,89.73999786376953,90.01000213623047,88.5,88.68000030517578,65.31551361083984,269619100,0.0,0.0
2009-05-14,88.72000122070312,90.12000274658205,88.5,89.44000244140625,65.87525939941406,260098700,0.0,0.0
2009-05-15,89.37000274658203,90.0,88.1500015258789,88.70999908447266,65.3375473022461,271502700,0.0,0.0
2009-05-18,89.55000305175781,91.33999633789062,88.56999969482422,91.2300033569336,67.19365692138672,241447400,0.0,0.0
2009-05-19,91.18000030517578,91.97000122070312,90.80999755859376,91.12000274658205,67.11262512207031,206102200,0.0,0.0
2009-05-20,91.9499969482422,92.8000030517578,90.41000366210938,90.51000213623048,66.66333770751953,285722200,0.0,0.0
2009-05-21,89.45999908447266,89.80000305175781,88.26000213623047,89.20999908447266,65.705810546875,258988400,0.0,0.0
2009-05-22,89.45999908447266,90.0,88.68000030517578,89.0199966430664,65.56590270996094,166811900,0.0,0.0
2009-05-26,88.36000061035156,91.55999755859376,88.31999969482422,91.3000030517578,67.24520111083984,236318500,0.0,0.0
2009-05-27,91.44000244140624,91.75,89.52999877929688,89.66999816894531,66.04463958740234,246015800,0.0,0.0
2009-05-28,90.45999908447266,91.33999633789062,89.0999984741211,90.91999816894533,66.96532440185547,289095000,0.0,0.0
2009-05-29,91.41999816894533,93.6999969482422,90.68000030517578,92.52999877929688,68.1511459350586,258641500,0.0,0.0
2009-06-01,93.66999816894533,95.16999816894533,93.43000030517578,94.7699966430664,69.80099487304688,276246800,0.0,0.0
2009-06-02,94.4000015258789,95.37000274658205,94.2300033569336,94.8499984741211,69.85987854003906,230874500,0.0,0.0
2009-06-03,94.04000091552734,94.12999725341795,92.76000213623048,93.6500015258789,68.97604370117188,235310500,0.0,0.0
2009-06-04,94.0,94.66999816894533,93.3000030517578,94.52999877929688,69.62420654296875,210102300,0.0,0.0
2009-06-05,95.48999786376952,95.66999816894533,93.8000030517578,94.5500030517578,69.63895416259766,284257900,0.0,0.0
2009-06-08,93.83999633789062,95.0999984741211,93.04000091552734,94.16000366210938,69.35169982910156,238565100,0.0,0.0
2009-06-09,94.69000244140624,95.13999938964844,94.0199966430664,94.63999938964844,69.7052230834961,225125500,0.0,0.0
2009-06-10,95.4800033569336,95.48999786376952,93.19000244140624,94.4000015258789,69.52845001220703,296100400,0.0,0.0
2009-06-11,94.58000183105467,96.11000061035156,94.55999755859376,94.81999969482422,69.83780670166016,275414200,0.0,0.0
2009-06-12,94.4000015258789,95.13999938964844,94.0,95.08000183105467,70.029296875,184361800,0.0,0.0
2009-06-15,93.95999908447266,94.0199966430664,92.4000015258789,92.9000015258789,68.42365264892578,224190500,0.0,0.0
2009-06-16,93.2300033569336,93.29000091552734,91.58000183105467,91.63999938964844,67.49562072753906,227319000,0.0,0.0
2009-06-17,91.5999984741211,92.33000183105467,90.83000183105467,91.5500030517578,67.42932891845703,223445200,0.0,0.0
2009-06-18,91.69000244140624,92.66999816894533,91.25,92.22000122070312,67.9228286743164,211725100,0.0,0.0
2009-06-19,92.58000183105467,92.6999969482422,91.5199966430664,92.04000091552734,68.17317199707031,215655600,0.518,0.0
2009-06-22,91.13999938964844,91.19000244140624,89.25,89.27999877929688,66.12885284423828,251913600,0.0,0.0
2009-06-23,89.47000122070312,89.87999725341797,88.8499984741211,89.3499984741211,66.1806869506836,188309800,0.0,0.0
2009-06-24,90.16000366210938,91.08000183105467,89.5999984741211,90.12000274658205,66.75103759765625,211577700,0.0,0.0
2009-06-25,89.66999816894531,92.16999816894533,89.56999969482422,92.08000183105467,68.20277404785156,279411000,0.0,0.0
2009-06-26,91.7699966430664,92.23999786376952,91.2699966430664,91.83999633789062,68.02500915527344,167579000,0.0,0.0
2009-06-29,92.11000061035156,92.81999969482422,91.5999984741211,92.6999969482422,68.66201782226562,168481300,0.0,0.0
2009-06-30,92.72000122070312,93.05999755859376,91.2699966430664,91.9499969482422,68.10650634765625,228888200,0.0,0.0
2009-07-01,92.33999633789062,93.2300033569336,92.20999908447266,92.33000183105467,68.38796997070312,173041100,0.0,0.0
2009-07-02,91.12999725341795,92.36000061035156,89.76000213623047,89.80999755859375,66.52143859863281,212309900,0.0,0.0
2009-07-06,88.94000244140625,89.93000030517578,88.66000366210938,89.80000305175781,66.51399993896484,174499600,0.0,0.0
2009-07-07,89.70999908447266,89.81999969482422,88.0,88.05999755859375,65.2251968383789,197088900,0.0,0.0
2009-07-08,88.58999633789062,88.80000305175781,87.0,88.0,65.18079376220703,248050500,0.0,0.0
2009-07-09,88.61000061035156,88.9000015258789,87.91000366210938,88.16999816894531,65.30671691894531,163777600,0.0,0.0
2009-07-10,87.69999694824219,88.48999786376953,87.3499984741211,87.95999908447266,65.15113830566406,173520300,0.0,0.0
2009-07-13,88.30999755859375,90.16999816894533,87.58999633789062,90.0999984741211,66.73621368408203,217413500,0.0,0.0
2009-07-14,90.37999725341795,90.69000244140624,89.7300033569336,90.61000061035156,67.11396026611328,181487400,0.0,0.0
2009-07-15,91.80999755859376,93.51000213623048,90.68000030517578,93.26000213623048,69.07682037353516,220877900,0.0,0.0
2009-07-16,93.0,94.51000213623048,92.81999969482422,93.11000061035156,68.96571350097656,231174500,0.0,0.0
2009-07-17,94.05999755859376,94.31999969482422,93.54000091552734,94.12999725341795,69.72120666503906,138561700,0.0,0.0
2009-07-20,94.68000030517578,95.29000091552734,94.19000244140624,95.12999725341795,70.46189880371094,164179400,0.0,0.0
2009-07-21,95.87000274658205,95.9000015258789,94.41999816894533,95.56999969482422,70.78780364990234,217718300,0.0,0.0
2009-07-22,94.95999908447266,96.12999725341795,94.88999938964844,95.5500030517578,70.77299499511719,196068100,0.0,0.0
2009-07-23,95.61000061035156,98.08000183105467,95.52999877929688,97.66000366210938,72.33588409423828,258795500,0.0,0.0
2009-07-24,97.1999969482422,98.13999938964844,96.69000244140624,98.05999755859376,72.6321029663086,154003100,0.0,0.0
2009-07-27,97.87999725341795,98.4000015258789,97.33999633789062,98.3499984741211,72.846923828125,159259400,0.0,0.0
2009-07-28,97.66000366210938,98.37000274658205,97.05999755859376,97.88999938964844,72.50621032714844,186685200,0.0,0.0
2009-07-29,97.44000244140624,98.08999633789062,96.9800033569336,97.6500015258789,72.32846069335938,194399300,0.0,0.0
2009-07-30,98.83000183105467,99.83000183105467,98.5999984741211,98.66999816894533,73.0839614868164,225575400,0.0,0.0
2009-07-31,98.6500015258789,99.47000122070312,98.37999725341795,98.80999755859376,73.1876449584961,207358000,0.0,0.0
2009-08-03,99.8499984741211,100.52999877929688,99.30999755859376,100.44000244140624,74.39496612548828,175776900,0.0,0.0
2009-08-04,99.98999786376952,100.83999633789062,99.77999877929688,100.6999969482422,74.58753204345703,176714600,0.0,0.0
2009-08-05,100.7699966430664,100.86000061035156,99.58000183105467,100.41000366210938,74.37272644042969,184726400,0.0,0.0
2009-08-06,100.87000274658205,101.0199966430664,99.41999816894533,99.88999938964844,73.98758697509766,193203800,0.0,0.0
2009-08-07,100.94000244140624,102.02999877929688,100.38999938964844,101.1999969482422,74.95787811279297,220640900,0.0,0.0
2009-08-10,100.73999786376952,101.22000122070312,100.2699966430664,100.98999786376952,74.80233764648438,130898700,0.0,0.0
2009-08-11,100.54000091552734,100.61000061035156,99.45999908447266,99.7300033569336,73.86908721923828,157301000,0.0,0.0
2009-08-12,99.55999755859376,101.55999755859376,99.51000213623048,100.8000030517578,74.6616439819336,219052400,0.0,0.0
2009-08-13,101.26000213623048,101.61000061035156,100.26000213623048,101.56999969482422,75.23192596435547,176449500,0.0,0.0
2009-08-14,101.5199966430664,101.5999984741211,99.6999969482422,100.79000091552734,74.65423583984375,199616100,0.0,0.0
2009-08-17,98.8499984741211,98.9499969482422,98.11000061035156,98.30999755859376,72.8172836303711,237667500,0.0,0.0
2009-08-18,98.52999877929688,99.44000244140624,98.3499984741211,99.08999633789062,73.39503479003906,173461500,0.0,0.0
2009-08-19,98.30999755859376,100.3000030517578,98.20999908447266,99.95999908447266,74.03943634033203,192812800,0.0,0.0
2009-08-20,100.08999633789062,101.22000122070312,99.87000274658205,100.98999786376952,74.80233764648438,174131300,0.0,0.0
2009-08-21,101.81999969482422,103.12999725341795,101.62000274658205,102.97000122070312,76.2689208984375,224605000,0.0,0.0
2009-08-24,103.38999938964844,103.9499969482422,102.58999633789062,102.95999908447266,76.26153564453125,191279000,0.0,0.0
2009-08-25,103.37000274658205,104.26000213623048,102.94000244140624,103.16000366210938,76.40966033935547,215310600,0.0,0.0
2009-08-26,102.83999633789062,103.63999938964844,102.48999786376952,103.16999816894533,76.41707611083984,194620700,0.0,0.0
2009-08-27,103.11000061035156,103.72000122070312,101.94000244140624,103.4000015258789,76.58740997314453,196230100,0.0,0.0
2009-08-28,104.2300033569336,104.3499984741211,102.66999816894533,103.37999725341795,76.57260131835938,147024400,0.0,0.0
2009-08-31,102.37000274658205,102.58000183105467,101.79000091552734,102.45999908447266,75.89116668701172,176051600,0.0,0.0
2009-09-01,101.9499969482422,103.23999786376952,99.98999786376952,100.1999969482422,74.21717834472656,321276800,0.0,0.0
2009-09-02,99.77999877929688,100.44000244140624,99.56999969482422,99.81999969482422,73.93572998046875,171805000,0.0,0.0
2009-09-03,100.4000015258789,100.7699966430664,99.58999633789062,100.6500015258789,74.55049133300781,143572300,0.0,0.0
2009-09-04,100.8499984741211,102.08999633789062,100.5500030517578,102.05999755859376,75.59487915039062,142687900,0.0,0.0
2009-09-08,103.0,103.0500030517578,102.38999938964844,102.94000244140624,76.2467041015625,132909100,0.0,0.0
2009-09-09,103.12000274658205,104.08000183105467,102.8000030517578,103.7300033569336,76.83184814453125,154612500,0.0,0.0
2009-09-10,103.8000030517578,104.86000061035156,103.22000122070312,104.79000091552734,77.61695098876953,162902400,0.0,0.0
2009-09-11,104.98999786376952,105.3000030517578,104.27999877929688,104.7699966430664,77.6021499633789,152360100,0.0,0.0
2009-09-14,103.87999725341795,105.45999908447266,103.1500015258789,105.27999877929688,77.97994232177734,149593800,0.0,0.0
2009-09-15,105.4499969482422,106.11000061035156,104.76000213623048,105.72000122070312,78.3058090209961,196795900,0.0,0.0
2009-09-16,106.0999984741211,107.33999633789062,105.7300033569336,107.31999969482422,79.49091339111328,206406300,0.0,0.0
2009-09-17,107.16999816894533,108.05999755859376,106.56999969482422,107.16000366210938,79.37242889404297,229170900,0.0,0.0
2009-09-18,107.1500015258789,107.16000366210938,106.36000061035156,106.72000122070312,79.42298889160156,153799100,0.508,0.0
2009-09-21,105.88999938964844,107.0,105.66000366210938,106.4499969482422,79.22207641601562,151892000,0.0,0.0
2009-09-22,107.08000183105467,107.37000274658205,106.5999984741211,107.06999969482422,79.6834716796875,143126700,0.0,0.0
2009-09-23,107.31999969482422,108.02999877929688,105.98999786376952,106.18000030517578,79.02113342285156,225947400,0.0,0.0
2009-09-24,106.41000366210938,106.63999938964844,104.5500030517578,105.01000213623048,78.150390625,228636800,0.0,0.0
2009-09-25,104.77999877929688,105.36000061035156,104.08999633789062,104.4499969482422,77.73362731933594,204059000,0.0,0.0
2009-09-28,104.8499984741211,106.5500030517578,104.83000183105467,106.31999969482422,79.1253433227539,118285800,0.0,0.0
2009-09-29,106.51000213623048,107.0199966430664,105.77999877929688,106.0,78.88715362548828,133733900,0.0,0.0
2009-09-30,106.36000061035156,106.45999908447266,104.62000274658205,105.58999633789062,78.5820541381836,254383000,0.0,0.0
2009-10-01,103.0,105.7300033569336,102.9499969482422,102.97000122070312,76.63219451904297,281840600,0.0,0.0
2009-10-02,102.0199966430664,103.0999984741211,101.98999786376952,102.48999786376952,76.27498626708984,224748800,0.0,0.0
2009-10-05,102.9000015258789,104.31999969482422,102.5999984741211,104.0199966430664,77.41361999511719,149875000,0.0,0.0
2009-10-06,104.7699966430664,106.11000061035156,104.70999908447266,105.51000213623048,78.52249908447266,202491100,0.0,0.0
2009-10-07,105.2699966430664,105.91000366210938,105.06999969482422,105.8000030517578,78.73834991455078,159200300,0.0,0.0
2009-10-08,106.5500030517578,107.16999816894533,105.8499984741211,106.61000061035156,79.3411636352539,183305800,0.0,0.0
2009-10-09,106.63999938964844,107.26000213623048,106.36000061035156,107.26000213623048,79.82487487792969,135008300,0.0,0.0
2009-10-12,107.76000213623048,108.08999633789062,107.27999877929688,107.68000030517578,80.13746643066406,118031000,0.0,0.0
2009-10-13,107.38999938964844,107.70999908447266,106.76000213623048,107.45999908447266,79.9737548828125,157692700,0.0,0.0
2009-10-14,108.72000122070312,109.41999816894533,107.41999816894533,109.30999755859376,81.35052490234375,191421600,0.0,0.0
2009-10-15,108.77999877929688,109.70999908447266,108.7300033569336,109.70999908447266,81.64822387695312,173873600,0.0,0.0
2009-10-16,108.8000030517578,109.2699966430664,108.2300033569336,108.88999938964844,81.0379409790039,192069400,0.0,0.0
2009-10-19,109.06999969482422,110.12999725341795,108.7300033569336,109.79000091552734,81.70775604248047,159530400,0.0,0.0
2009-10-20,109.9499969482422,109.98999786376952,108.68000030517578,109.20999908447266,81.276123046875,180921100,0.0,0.0
2009-10-21,109.04000091552734,110.30999755859376,108.1500015258789,108.2300033569336,80.54678344726562,225379300,0.0,0.0
2009-10-22,108.19000244140624,109.68000030517578,107.5,109.33000183105467,81.36540222167969,238444000,0.0,0.0
2009-10-23,109.69000244140624,109.76000213623048,107.62999725341795,108.08000183105467,80.43518829345703,240033200,0.0,0.0
2009-10-26,108.1999969482422,109.30999755859376,106.61000061035156,106.91000366210938,79.56443786621094,242028200,0.0,0.0
2009-10-27,107.02999877929688,107.38999938964844,106.16000366210938,106.41999816894533,79.19970703125,253266300,0.0,0.0
2009-10-28,106.1500015258789,106.4800033569336,104.3499984741211,104.41000366210938,77.70388793945312,248821400,0.0,0.0
2009-10-29,105.19000244140624,106.86000061035156,104.94000244140624,106.6500015258789,79.37094116210938,198110600,0.0,0.0
2009-10-30,106.3000030517578,106.62000274658205,103.44000244140624,103.55999755859376,77.0712890625,325608100,0.0,0.0
2009-11-02,104.12999725341795,105.41000366210938,103.08000183105467,104.31999969482422,77.63691711425781,254222900,0.0,0.0
2009-11-03,103.73999786376952,104.8000030517578,103.54000091552734,104.6500015258789,77.88247680664062,228362600,0.0,0.0
2009-11-04,105.51000213623048,106.33000183105467,104.6500015258789,104.91999816894533,78.08338928222656,247996700,0.0,0.0
2009-11-05,105.66000366210938,106.87999725341795,105.44000244140624,106.8499984741211,79.5197525024414,180015300,0.0,0.0
2009-11-06,106.26000213623048,107.4000015258789,106.0500030517578,107.12999725341795,79.72811126708984,170954100,0.0,0.0
2009-11-09,107.9499969482422,109.62999725341795,107.87000274658205,109.56999969482422,81.5440444946289,159495700,0.0,0.0
2009-11-10,109.30999755859376,109.93000030517578,108.97000122070312,109.58999633789062,81.55895233154297,171899800,0.0,0.0
2009-11-11,110.30999755859376,110.81999969482422,109.62000274658205,110.1500015258789,81.97567749023438,169466200,0.0,0.0
2009-11-12,110.0,110.56999969482422,108.75,109.02999877929688,81.14216613769531,157144500,0.0,0.0
2009-11-13,109.30999755859376,110.08999633789062,108.75,109.62000274658205,81.58124542236328,150963000,0.0,0.0
2009-11-16,110.37999725341795,111.69000244140624,110.31999969482422,111.20999908447266,82.76456451416016,210922200,0.0,0.0
2009-11-17,110.91999816894533,111.38999938964844,110.5,111.33999633789062,82.86128997802734,147134100,0.0,0.0
2009-11-18,111.26000213623048,111.43000030517578,110.56999969482422,111.2699966430664,82.80917358398438,156486800,0.0,0.0
2009-11-19,110.51000213623048,111.30999755859376,109.12999725341795,109.81999969482422,81.73009490966797,208734600,0.0,0.0
2009-11-20,109.25,109.76000213623048,109.01000213623048,109.43000030517578,81.43985748291016,134196000,0.0,0.0
2009-11-23,110.72000122070312,111.73999786376952,110.5999984741211,110.81999969482422,82.47433471679688,148010200,0.0,0.0
2009-11-24,111.0,111.1999969482422,110.01000213623048,110.98999786376952,82.60079956054688,138420100,0.0,0.0
2009-11-25,111.16999816894533,111.5,110.81999969482422,111.37999725341795,82.89108276367188,109564800,0.0,0.0
2009-11-27,108.4000015258789,110.31999969482422,108.29000091552734,109.56999969482422,81.5440444946289,126001800,0.0,0.0
2009-11-30,109.4800033569336,110.1999969482422,108.12000274658205,109.94000244140624,81.81940460205078,160874800,0.0,0.0
2009-12-01,110.91999816894533,111.66000366210938,110.7300033569336,111.3000030517578,82.83150482177734,159613700,0.0,0.0
2009-12-02,111.27999877929688,112.01000213623048,110.91999816894533,111.25,82.79432678222656,132315100,0.0,0.0
2009-12-03,111.5500030517578,112.18000030517578,110.29000091552734,110.37999725341795,82.14684295654297,167324900,0.0,0.0
2009-12-04,111.83999633789062,112.37999725341795,110.04000091552734,111.01000213623048,82.61573028564453,274907800,0.0,0.0
2009-12-07,110.91000366210938,111.52999877929688,110.48999786376952,110.83999633789062,82.48918151855469,127973800,0.0,0.0
2009-12-08,110.04000091552734,110.7699966430664,109.2699966430664,109.61000061035156,81.57380676269531,169863700,0.0,0.0
2009-12-09,109.58000183105467,110.18000030517578,109.0199966430664,110.0199966430664,81.87893676757812,155063400,0.0,0.0
2009-12-10,110.6999969482422,111.12000274658205,110.4499969482422,110.63999938964844,82.3403549194336,138014600,0.0,0.0
2009-12-11,111.11000061035156,111.36000061035156,110.61000061035156,111.11000061035156,82.69014739990234,124854000,0.0,0.0
2009-12-14,111.87000274658205,112.0,111.12999725341795,111.87000274658205,83.2557373046875,107141500,0.0,0.0
2009-12-15,111.45999908447266,111.91999816894533,111.0,111.3499984741211,82.86875915527344,120408800,0.0,0.0
2009-12-16,111.8000030517578,112.12999725341795,111.2699966430664,111.5199966430664,82.99527740478516,155358200,0.0,0.0
2009-12-17,110.72000122070312,110.93000030517578,110.08000183105467,110.18000030517578,81.99798583984375,183390100,0.0,0.0
2009-12-18,110.1999969482422,110.3000030517578,109.27999877929688,110.20999908447266,82.4618911743164,174591200,0.59,0.0
2009-12-21,110.76000213623048,111.6999969482422,110.76000213623048,111.33000183105467,83.29995727539062,118039600,0.0,0.0
2009-12-22,111.56999969482422,111.97000122070312,111.43000030517578,111.7300033569336,83.59921264648438,91707500,0.0,0.0
2009-12-23,112.0,112.11000061035156,111.5,111.9499969482422,83.76382446289062,111783100,0.0,0.0
2009-12-24,112.19000244140624,112.5999984741211,112.0,112.4800033569336,84.16038513183594,39677500,0.0,0.0
2009-12-28,112.9000015258789,112.98999786376952,112.31999969482422,112.72000122070312,84.33993530273438,87508500,0.0,0.0
2009-12-29,113.01000213623048,113.02999877929688,112.5500030517578,112.55999755859376,84.22019958496094,80572500,0.0,0.0
2009-12-30,112.2300033569336,112.6500015258789,112.16999816894533,112.5199966430664,84.19029235839844,73138400,0.0,0.0
2009-12-31,112.7699966430664,112.8000030517578,111.38999938964844,111.44000244140624,83.38223266601562,90637900,0.0,0.0
2010-01-04,112.37000274658205,113.38999938964844,111.51000213623048,113.33000183105467,84.79637145996094,118944600,0.0,0.0
2010-01-05,113.26000213623048,113.68000030517578,112.8499984741211,113.62999725341795,85.0208511352539,111579900,0.0,0.0
2010-01-06,113.5199966430664,113.98999786376952,113.43000030517578,113.70999908447266,85.08068084716797,116074400,0.0,0.0
2010-01-07,113.5,114.33000183105467,113.18000030517578,114.19000244140624,85.43987274169922,131091100,0.0,0.0
2010-01-08,113.88999938964844,114.62000274658205,113.66000366210938,114.56999969482422,85.7241439819336,126402800,0.0,0.0
2010-01-11,115.08000183105467,115.12999725341795,114.23999786376952,114.7300033569336,85.8438949584961,106375700,0.0,0.0
2010-01-12,113.97000122070312,114.20999908447266,113.22000122070312,113.66000366210938,85.04330444335938,163333500,0.0,0.0
2010-01-13,113.9499969482422,114.94000244140624,113.37000274658205,114.62000274658205,85.7615966796875,161822000,0.0,0.0
2010-01-14,114.48999786376952,115.13999938964844,114.41999816894533,114.93000030517578,85.9935302734375,115718800,0.0,0.0
2010-01-15,114.7300033569336,114.83999633789062,113.1999969482422,113.63999938964844,85.0283432006836,212283100,0.0,0.0
2010-01-19,113.62000274658205,115.12999725341795,113.58999633789062,115.05999755859376,86.09078216552734,139172700,0.0,0.0
2010-01-20,114.27999877929688,114.4499969482422,112.9800033569336,113.88999938964844,85.21537780761719,216490200,0.0,0.0
2010-01-21,113.91999816894533,114.2699966430664,111.55999755859376,111.6999969482422,83.5767593383789,344859600,0.0,0.0
2010-01-22,111.1999969482422,111.73999786376952,109.08999633789062,109.20999908447266,81.71368408203125,345942400,0.0,0.0
2010-01-25,110.20999908447266,110.41000366210938,109.41000366210938,109.7699966430664,82.1326904296875,186937500,0.0,0.0
2010-01-26,109.33999633789062,110.47000122070312,109.04000091552734,109.30999755859376,81.78849029541016,211168800,0.0,0.0
2010-01-27,109.16999816894533,110.08000183105467,108.33000183105467,109.83000183105467,82.17757415771484,271863600,0.0,0.0
2010-01-28,110.19000244140624,110.25,107.91000366210938,108.56999969482422,81.23481750488281,316104000,0.0,0.0
2010-01-29,109.04000091552734,109.8000030517578,107.22000122070312,107.38999938964844,80.35194396972656,310677600,0.0,0.0
2010-02-01,108.1500015258789,109.06999969482422,107.5,109.05999755859376,81.60144805908203,187865000,0.0,0.0
2010-02-02,109.26000213623048,110.58999633789062,108.87999725341795,110.37999725341795,82.58909606933594,216327900,0.0,0.0
2010-02-03,109.87999725341795,110.4800033569336,109.51000213623048,109.83000183105467,82.17757415771484,172730700,0.0,0.0
2010-02-04,108.9800033569336,109.02999877929688,106.41999816894533,106.44000244140624,79.64110565185547,356715700,0.0,0.0
2010-02-05,106.55999755859376,106.87999725341795,104.58000183105467,106.66000366210938,79.80574035644531,493585800,0.0,0.0
2010-02-08,106.73999786376952,107.33000183105467,105.80999755859376,105.88999938964844,79.2295913696289,224166900,0.0,0.0
2010-02-09,107.12999725341795,108.1500015258789,106.2699966430664,107.22000122070312,80.22470092773438,337820500,0.0,0.0
2010-02-10,107.0500030517578,107.5999984741211,106.11000061035156,107.01000213623048,80.0676040649414,240511500,0.0,0.0
2010-02-11,106.87000274658205,108.25,106.25,108.12999725341795,80.90559387207031,223591600,0.0,0.0
2010-02-12,106.98999786376952,108.0999984741211,106.51000213623048,108.04000091552734,80.8382568359375,304622100,0.0,0.0
2010-02-16,108.86000061035156,109.8499984741211,107.81999969482422,109.73999786376952,82.11024475097656,159317500,0.0,0.0
2010-02-17,110.2699966430664,110.41000366210938,109.73999786376952,110.26000213623048,82.49931335449219,168845100,0.0,0.0
2010-02-18,110.08000183105467,111.13999938964844,110.04000091552734,110.91000366210938,82.98565673828125,193708600,0.0,0.0
2010-02-19,110.62000274658205,111.56999969482422,110.36000061035156,111.13999938964844,83.1577377319336,222684900,0.0,0.0
2010-02-22,111.5500030517578,111.58000183105467,110.83000183105467,111.16000366210938,83.1727523803711,132346900,0.0,0.0
2010-02-23,110.86000061035156,111.1999969482422,109.5199966430664,109.80999755859376,82.16260528564453,207497000,0.0,0.0
2010-02-24,110.13999938964844,111.0,109.86000061035156,110.81999969482422,82.9183578491211,176350700,0.0,0.0
2010-02-25,109.23999786376952,110.75,108.94000244140624,110.66999816894533,82.80608367919922,259634700,0.0,0.0
2010-02-26,110.7699966430664,111.12000274658205,110.11000061035156,110.73999786376952,82.85848236083984,173589300,0.0,0.0
2010-03-01,111.1999969482422,112.0,111.16999816894533,111.88999938964844,83.71891784667969,147709700,0.0,0.0
2010-03-02,112.37000274658205,112.73999786376952,112.0,112.1999969482422,83.95088195800781,160992400,0.0,0.0
2010-03-03,112.48999786376952,112.97000122070312,112.0199966430664,112.3000030517578,84.02571105957031,150785000,0.0,0.0
2010-03-04,112.4499969482422,112.8000030517578,112.02999877929688,112.63999938964844,84.28010559082031,135770400,0.0,0.0
2010-03-05,113.37000274658205,114.33999633789062,113.0999984741211,114.25,85.48473358154297,176118800,0.0,0.0
2010-03-08,114.26000213623048,114.5199966430664,114.06999969482422,114.2699966430664,85.49970245361328,114631200,0.0,0.0
2010-03-09,113.93000030517578,114.98999786376952,113.87000274658205,114.45999908447266,85.64188385009766,154556700,0.0,0.0
2010-03-10,114.51000213623048,115.27999877929688,114.41000366210938,114.97000122070312,86.02347564697266,186088800,0.0,0.0
2010-03-11,114.6999969482422,115.4800033569336,114.3499984741211,115.4499969482422,86.38259887695312,160791100,0.0,0.0
2010-03-12,115.9499969482422,115.97000122070312,115.13999938964844,115.45999908447266,86.39009094238281,162074800,0.0,0.0
2010-03-15,115.26000213623048,115.56999969482422,114.5999984741211,115.48999786376952,86.41255187988281,146816800,0.0,0.0
2010-03-16,115.80999755859376,116.5199966430664,115.48999786376952,116.41000366210938,87.10090637207031,168673000,0.0,0.0
2010-03-17,116.76000213623048,117.4800033569336,116.41999816894533,117.0999984741211,87.61717224121094,177468100,0.0,0.0
2010-03-18,117.11000061035156,117.2699966430664,116.56999969482422,117.04000091552734,87.57231903076172,196509100,0.0,0.0
2010-03-19,115.97000122070312,117.29000091552734,115.5199966430664,115.97000122070312,87.12899017333984,226641100,0.48,0.0
2010-03-22,115.30999755859376,116.8000030517578,115.23999786376952,116.58999633789062,87.59484100341797,184477800,0.0,0.0
2010-03-23,116.76000213623048,117.51000213623048,116.37999725341795,117.41000366210938,88.2109146118164,182941600,0.0,0.0
2010-03-24,116.97000122070312,117.43000030517578,115.58000183105467,116.83999633789062,87.7826156616211,196072600,0.0,0.0
2010-03-25,117.62999725341795,118.16999816894533,116.51000213623048,116.6500015258789,87.63990783691406,223396300,0.0,0.0
2010-03-26,116.87000274658205,117.41999816894533,116.12000274658205,116.58000183105467,87.58731842041016,205808500,0.0,0.0
2010-03-29,117.16999816894533,117.52999877929688,116.69000244140624,117.31999969482422,88.14329528808594,134513500,0.0,0.0
2010-03-30,117.45999908447266,117.83000183105467,116.91000366210938,117.4000015258789,88.20336151123047,145772500,0.0,0.0
2010-03-31,116.9499969482422,117.5199966430664,116.61000061035156,117.0,87.9028549194336,161078700,0.0,0.0
2010-04-01,117.8000030517578,118.25,117.0999984741211,117.8000030517578,88.50389862060547,161215200,0.0,0.0
2010-04-05,118.25,118.83999633789062,117.91999816894533,118.76000213623048,89.22518920898438,105847600,0.0,0.0
2010-04-06,118.41999816894533,119.25,118.29000091552734,119.04000091552734,89.43551635742188,110384200,0.0,0.0
2010-04-07,118.8000030517578,119.36000061035156,117.80999755859376,118.36000061035156,88.92465209960938,184576300,0.0,0.0
2010-04-08,117.9499969482422,118.97000122070312,117.5999984741211,118.7699966430664,89.23268127441406,158704000,0.0,0.0
2010-04-09,119.0199966430664,119.5999984741211,118.8000030517578,119.5500030517578,89.81871795654297,133006500,0.0,0.0
2010-04-12,119.6999969482422,120.0500030517578,119.55999755859376,119.73999786376952,89.9614486694336,110279000,0.0,0.0
2010-04-13,119.62000274658205,120.04000091552734,119.0,119.83000183105467,90.02906799316406,125043600,0.0,0.0
2010-04-14,120.2699966430664,121.19000244140624,120.08000183105467,121.19000244140624,91.0508270263672,161609000,0.0,0.0
2010-04-15,120.98999786376952,121.56999969482422,120.9499969482422,121.29000091552734,91.1259536743164,144615300,0.0,0.0
2010-04-16,120.86000061035156,121.29000091552734,118.75,119.36000061035156,89.67596435546875,366786700,0.0,0.0
2010-04-19,119.01000213623048,119.93000030517578,118.47000122070312,119.80999755859376,90.01403045654297,217947800,0.0,0.0
2010-04-20,120.55999755859376,120.9800033569336,119.87000274658205,120.87999725341795,90.81793212890624,157708000,0.0,0.0
2010-04-21,120.9499969482422,121.2300033569336,119.98999786376952,120.66000366210938,90.65264129638672,192910100,0.0,0.0
2010-04-22,119.80999755859376,121.16999816894533,119.12000274658205,121.0199966430664,90.9231185913086,115360300,0.0,0.0
2010-04-23,120.94000244140624,121.86000061035156,120.62999725341795,121.80999755859376,91.51663970947266,177335500,0.0,0.0
2010-04-26,121.8499984741211,122.12000274658205,121.2300033569336,121.3499984741211,91.1710433959961,143457300,0.0,0.0
2010-04-27,120.6500015258789,121.33999633789062,118.25,118.4800033569336,89.01482391357422,355853300,0.0,0.0
2010-04-28,119.0500030517578,119.68000030517578,118.2699966430664,119.37999725341795,89.6909408569336,300674100,0.0,0.0
2010-04-29,120.0999984741211,121.11000061035156,120.06999969482422,120.86000061035156,90.80290985107422,193775000,0.0,0.0
2010-04-30,120.87999725341795,121.01000213623048,118.77999877929688,118.80999755859376,89.26272583007812,270000900,0.0,0.0
2010-05-03,119.37999725341795,120.68000030517578,119.1999969482422,120.3499984741211,90.41974639892578,182747900,0.0,0.0
2010-05-04,119.01000213623048,119.02999877929688,116.91999816894533,117.5199966430664,88.29356384277344,360353400,0.0,0.0
2010-05-05,116.55999755859376,117.8000030517578,115.97000122070312,116.81999969482422,87.76765441894531,328973200,0.0,0.0
2010-05-06,116.26000213623048,117.0,105.0,112.94000244140624,84.8525619506836,647356600,0.0,0.0
2010-05-07,112.63999938964844,113.7699966430664,109.41000366210938,111.26000213623048,83.59037017822266,637558800,0.0,0.0
2010-05-10,115.80999755859376,116.6500015258789,114.91000366210938,116.16000366210938,87.27178955078125,396159600,0.0,0.0
2010-05-11,115.06999969482422,117.36000061035156,114.91000366210938,115.83000183105467,87.02381896972656,317849800,0.0,0.0
2010-05-12,116.29000091552734,117.62000274658205,116.08999633789062,117.4499969482422,88.24095916748047,235607100,0.0,0.0
2010-05-13,117.12999725341795,117.68000030517578,115.88999938964844,115.98999786376952,87.14408111572266,234452500,0.0,0.0
2010-05-14,115.12000274658205,115.33000183105467,112.87000274658205,113.88999938964844,85.5662841796875,345601400,0.0,0.0
2010-05-17,114.1999969482422,114.5199966430664,111.7699966430664,113.9499969482422,85.6113510131836,325739800,0.0,0.0
2010-05-18,114.87999725341795,115.22000122070312,112.02999877929688,112.4000015258789,84.44685363769531,360556800,0.0,0.0
2010-05-19,111.7699966430664,112.7699966430664,110.36000061035156,111.76000213623048,83.96599578857422,394742700,0.0,0.0
2010-05-20,109.37999725341795,109.88999938964844,107.47000122070312,107.54000091552734,80.79552459716797,530418300,0.0,0.0
2010-05-21,105.91000366210938,109.37999725341795,105.36000061035156,109.11000061035156,81.97506713867188,500909400,0.0,0.0
2010-05-24,108.5199966430664,109.38999938964844,107.61000061035156,107.70999908447266,80.9232177734375,269823000,0.0,0.0
2010-05-25,105.11000061035156,107.87000274658205,104.37999725341795,107.81999969482422,81.00585174560547,396505200,0.0,0.0
2010-05-26,108.4800033569336,109.47000122070312,106.8499984741211,107.16999816894533,80.51750946044922,349719300,0.0,0.0
2010-05-27,109.19000244140624,110.8000030517578,108.77999877929688,110.76000213623048,83.21473693847656,300870500,0.0,0.0
2010-05-28,110.63999938964844,110.72000122070312,108.8499984741211,109.37000274658205,82.17041778564453,297933500,0.0,0.0
2010-06-01,108.3499984741211,109.9499969482422,107.37000274658205,107.52999877929688,80.7879867553711,277909400,0.0,0.0
2010-06-02,108.08000183105467,110.33999633789062,107.51000213623048,110.33000183105467,82.89165496826172,240243700,0.0,0.0
2010-06-03,110.6500015258789,111.05999755859376,109.58000183105467,110.70999908447266,83.17716979980469,226618300,0.0,0.0
2010-06-04,108.61000061035156,109.33000183105467,106.45999908447266,106.81999969482422,80.25459289550781,398475600,0.0,0.0
2010-06-07,107.1999969482422,107.61000061035156,105.41000366210938,105.48999786376952,79.25535583496094,264609100,0.0,0.0
2010-06-08,105.56999969482422,106.83000183105467,104.6500015258789,106.62000274658205,80.10429382324219,357774300,0.0,0.0
2010-06-09,107.23999786376952,108.27999877929688,105.5999984741211,106.0500030517578,79.67604064941406,268023300,0.0,0.0
2010-06-10,107.86000061035156,109.27999877929688,106.04000091552734,109.1500015258789,82.00513458251953,317890600,0.0,0.0
2010-06-11,108.19000244140624,109.75,108.12000274658205,109.68000030517578,82.4032974243164,214128200,0.0,0.0
2010-06-14,110.5199966430664,111.12000274658205,109.4000015258789,109.51000213623048,82.27559661865234,207196100,0.0,0.0
2010-06-15,110.27999877929688,112.0999984741211,110.08999633789062,112.0,84.14635467529297,238268700,0.0,0.0
2010-06-16,111.41999816894533,112.41999816894533,111.1999969482422,111.95999908447266,84.11630249023438,216374000,0.0,0.0
2010-06-17,112.27999877929688,112.33000183105467,111.0500030517578,112.13999938964844,84.25151062011719,263185800,0.0,0.0
2010-06-18,111.83000183105467,112.12999725341795,111.37000274658205,111.7300033569336,84.34286499023438,174006600,0.531,0.0
2010-06-21,113.12000274658205,113.1999969482422,110.79000091552734,111.41000366210938,84.10126495361328,213140700,0.0,0.0
2010-06-22,111.41000366210938,111.9000015258789,109.41000366210938,109.56999969482422,82.71228790283203,239355400,0.0,0.0
2010-06-23,109.63999938964844,110.02999877929688,108.4800033569336,109.2300033569336,82.45565795898438,254639900,0.0,0.0
2010-06-24,108.69000244140624,108.83000183105467,107.13999938964844,107.41999816894533,81.08934020996094,268523600,0.0,0.0
2010-06-25,107.73999786376952,108.41999816894533,106.7699966430664,107.87000274658205,81.42902374267578,238726500,0.0,0.0
2010-06-28,108.02999877929688,108.31999969482422,107.13999938964844,107.52999877929688,81.17235565185547,169218600,0.0,0.0
2010-06-29,106.0199966430664,107.51000213623048,103.5500030517578,104.20999908447266,78.66616821289062,373649500,0.0,0.0
2010-06-30,103.91999816894533,104.87999725341795,102.87999725341795,103.22000122070312,77.9188232421875,284101700,0.0,0.0
2010-07-01,103.1500015258789,103.48999786376952,101.12999725341795,102.76000213623048,77.57154846191406,382924800,0.0,0.0
2010-07-02,103.11000061035156,103.41999816894533,101.62000274658205,102.1999969482422,77.14883422851562,233385200,0.0,0.0
2010-07-06,103.63999938964844,104.37000274658205,101.87999725341795,102.87000274658205,77.65459442138672,256935300,0.0,0.0
2010-07-07,103.12999725341795,106.23999786376952,103.0199966430664,106.11000061035156,80.10042572021484,253769400,0.0,0.0
2010-07-08,107.0,107.27999877929688,105.91000366210938,107.16000366210938,80.89305877685547,210842100,0.0,0.0
2010-07-09,107.12999725341795,107.97000122070312,106.93000030517578,107.95999908447266,81.4969482421875,144999900,0.0,0.0
2010-07-12,107.5999984741211,108.23999786376952,107.1500015258789,108.02999877929688,81.54981994628906,131283600,0.0,0.0
2010-07-13,109.1500015258789,110.08999633789062,108.93000030517578,109.66000366210938,82.7802734375,213025900,0.0,0.0
2010-07-14,109.30999755859376,110.08000183105467,108.86000061035156,109.6500015258789,82.77271270751953,184426800,0.0,0.0
2010-07-15,109.61000061035156,110.05999755859376,108.16999816894533,109.68000030517578,82.79533386230469,232337900,0.0,0.0
2010-07-16,109.08999633789062,109.20999908447266,106.4499969482422,106.66000366210938,80.51559448242188,282693400,0.0,0.0
2010-07-19,107.0500030517578,107.62999725341795,106.22000122070312,107.29000091552734,80.9911880493164,186709000,0.0,0.0
2010-07-20,105.87000274658205,108.55999755859376,105.81999969482422,108.4800033569336,81.88948059082031,258162400,0.0,0.0
2010-07-21,109.04000091552734,109.06999969482422,106.62999725341795,107.06999969482422,80.82512664794922,264527000,0.0,0.0
2010-07-22,108.33999633789062,109.94000244140624,108.33000183105467,109.45999908447266,82.6292724609375,274781300,0.0,0.0
2010-07-23,109.23999786376952,110.56999969482422,108.93000030517578,110.41000366210938,83.34640502929688,222020800,0.0,0.0
2010-07-26,110.5999984741211,111.66999816894533,110.29000091552734,111.55999755859376,84.2145004272461,184445700,0.0,0.0
2010-07-27,112.16999816894533,112.29000091552734,111.11000061035156,111.5500030517578,84.20698547363281,204855600,0.0,0.0
2010-07-28,111.31999969482422,111.66000366210938,110.45999908447266,110.83000183105467,83.66345977783203,163056200,0.0,0.0
2010-07-29,111.5199966430664,111.81999969482422,109.41000366210938,110.29000091552734,83.25585174560547,220149100,0.0,0.0
2010-07-30,109.16999816894533,110.86000061035156,108.9800033569336,110.2699966430664,83.24073791503906,220070600,0.0,0.0
2010-08-02,111.98999786376952,112.94000244140624,111.54000091552734,112.76000213623048,85.12039184570312,188263200,0.0,0.0
2010-08-03,112.4800033569336,112.7699966430664,111.8499984741211,112.22000122070312,84.7127456665039,146657300,0.0,0.0
2010-08-04,112.52999877929688,113.11000061035156,112.16000366210938,112.97000122070312,85.2789077758789,158171700,0.0,0.0
2010-08-05,112.25,112.91000366210938,112.08000183105467,112.8499984741211,85.18832397460938,140473800,0.0,0.0
2010-08-06,111.73999786376952,112.56999969482422,110.91999816894533,112.38999938964844,84.8410873413086,239728300,0.0,0.0
2010-08-09,112.91999816894533,113.18000030517578,112.31999969482422,112.98999786376952,85.29402160644531,120800400,0.0,0.0
2010-08-10,112.02999877929688,112.9800033569336,111.37000274658205,112.37999725341795,84.83351135253906,242916300,0.0,0.0
2010-08-11,110.6500015258789,110.69000244140624,109.12000274658205,109.3000030517578,82.50849151611328,273406900,0.0,0.0
2010-08-12,107.6500015258789,109.0199966430664,107.5999984741211,108.62999725341795,82.00272369384766,239542600,0.0,0.0
2010-08-13,108.29000091552734,108.95999908447266,108.18000030517578,108.30999755859376,81.76117706298828,158698500,0.0,0.0
2010-08-16,107.56999969482422,108.61000061035156,107.18000030517578,108.26000213623048,81.7234115600586,147895300,0.0,0.0
2010-08-17,109.19000244140624,110.38999938964844,108.87999725341795,109.58999633789062,82.72742462158203,172270300,0.0,0.0
2010-08-18,109.54000091552734,110.37999725341795,108.91000366210938,109.79000091552734,82.87838745117188,182922100,0.0,0.0
2010-08-19,109.22000122070312,109.48999786376952,107.43000030517578,107.87999725341795,81.4365463256836,265847600,0.0,0.0
2010-08-20,107.55999755859376,107.94000244140624,106.75,107.52999877929688,81.17235565185547,209714200,0.0,0.0
2010-08-23,108.04000091552734,108.56999969482422,107.06999969482422,107.12000274658205,80.86284637451172,163490300,0.0,0.0
2010-08-24,105.9499969482422,106.38999938964844,104.97000122070312,105.52999877929688,79.66260528564453,280677800,0.0,0.0
2010-08-25,104.9499969482422,106.33999633789062,104.29000091552734,105.94000244140624,79.97211456298828,272234800,0.0,0.0
2010-08-26,106.44000244140624,106.58000183105467,104.87999725341795,105.2300033569336,79.43610382080078,224439500,0.0,0.0
2010-08-27,105.88999938964844,106.97000122070312,104.30999755859376,106.86000061035156,80.66658020019531,272649000,0.0,0.0
2010-08-30,106.58000183105467,106.91000366210938,105.3000030517578,105.30999755859376,79.49649810791016,167238600,0.0,0.0
2010-08-31,104.91999816894533,105.9800033569336,104.48999786376952,105.30999755859376,79.49649810791016,273933100,0.0,0.0
2010-09-01,106.7300033569336,108.61000061035156,106.66000366210938,108.45999908447266,81.87437438964844,256828100,0.0,0.0
2010-09-02,108.72000122070312,109.48999786376952,108.48999786376952,109.47000122070312,82.6368179321289,156112200,0.0,0.0
2010-09-03,110.54000091552734,110.98999786376952,109.9499969482422,110.88999938964844,83.70875549316406,212197300,0.0,0.0
2010-09-07,110.37000274658205,110.51000213623048,109.5500030517578,109.63999938964844,82.76514434814453,141973700,0.0,0.0
2010-09-08,109.86000061035156,110.8499984741211,109.80999755859376,110.41000366210938,83.34640502929688,149924400,0.0,0.0
2010-09-09,111.6500015258789,111.68000030517578,110.62000274658205,110.91999816894533,83.73139190673828,147017900,0.0,0.0
2010-09-10,111.12000274658205,111.61000061035156,110.87000274658205,111.4800033569336,84.15412902832031,127819000,0.0,0.0
2010-09-13,112.58000183105467,112.9499969482422,112.12999725341795,112.72000122070312,85.09017181396484,178503500,0.0,0.0
2010-09-14,112.5,113.29000091552734,112.08000183105467,112.6500015258789,85.03736877441406,209823600,0.0,0.0
2010-09-15,112.31999969482422,113.20999908447266,111.9800033569336,113.08000183105467,85.3619613647461,168608400,0.0,0.0
2010-09-16,112.7300033569336,113.12000274658205,112.3499984741211,113.0500030517578,85.33930969238281,199962900,0.0,0.0
2010-09-17,113.04000091552734,113.1500015258789,112.18000030517578,112.48999786376952,85.3711929321289,195836900,0.602,0.0
2010-09-20,112.87999725341795,114.45999908447266,112.5199966430664,114.20999908447266,86.67652893066406,214555200,0.0,0.0
2010-09-21,114.3000030517578,114.83999633789062,113.51000213623048,113.9800033569336,86.50199127197266,268389100,0.0,0.0
2010-09-22,113.8000030517578,114.44000244140624,113.0999984741211,113.41999816894533,86.07697296142578,191322400,0.0,0.0
2010-09-23,112.48999786376952,113.66999816894533,112.18000030517578,112.5,85.37876892089844,202354300,0.0,0.0
2010-09-24,113.75,114.9000015258789,113.6500015258789,114.81999969482422,87.13947296142578,209671800,0.0,0.0
2010-09-27,114.86000061035156,114.98999786376952,114.16000366210938,114.2699966430664,86.72205352783203,128761800,0.0,0.0
2010-09-28,114.41999816894533,115.04000091552734,113.18000030517578,114.66999816894533,87.0256118774414,209207500,0.0,0.0
2010-09-29,114.37999725341795,114.91000366210938,114.0199966430664,114.47000122070312,86.87386322021484,179665800,0.0,0.0
2010-09-30,115.0500030517578,115.79000091552734,113.58999633789062,114.12999725341795,86.61583709716797,287106700,0.0,0.0
2010-10-01,114.98999786376952,115.12000274658205,113.93000030517578,114.61000061035156,86.98008728027344,174638700,0.0,0.0
2010-10-04,114.37000274658205,114.8499984741211,113.18000030517578,113.75,86.32742309570312,166153200,0.0,0.0
2010-10-05,114.8000030517578,116.31999969482422,114.66999816894533,116.04000091552734,88.06533813476562,229634100,0.0,0.0
2010-10-06,116.0199966430664,116.33000183105467,115.55999755859376,116.02999877929688,88.05776977539062,148626600,0.0,0.0
2010-10-07,116.5,116.52999877929688,115.19000244140624,115.88999938964844,87.9515151977539,164860000,0.0,0.0
2010-10-08,116.0500030517578,116.86000061035156,115.61000061035156,116.54000091552734,88.4448013305664,177760100,0.0,0.0
2010-10-11,116.72000122070312,116.97000122070312,116.25,116.6500015258789,88.52827453613281,103098300,0.0,0.0
2010-10-12,116.2699966430664,117.3499984741211,115.6500015258789,117.01000213623048,88.80152130126953,182210000,0.0,0.0
2010-10-13,117.66000366210938,118.5500030517578,117.37999725341795,117.91999816894533,89.49212646484375,194347200,0.0,0.0
2010-10-14,117.80999755859376,118.01000213623048,116.72000122070312,117.45999908447266,89.14303588867188,217764300,0.0,0.0
2010-10-15,118.27999877929688,118.3499984741211,116.76000213623048,117.6999969482422,89.3251724243164,243705000,0.0,0.0
2010-10-18,117.73999786376952,118.66999816894533,117.30999755859376,118.27999877929688,89.76531982421875,141204800,0.0,0.0
2010-10-19,117.19000244140624,117.8499984741211,116.0199966430664,116.7300033569336,88.58902740478516,280604700,0.0,0.0
2010-10-20,116.94000244140624,118.44000244140624,116.87000274658205,117.87000274658205,89.45418548583984,200051800,0.0,0.0
2010-10-21,118.4000015258789,119.08999633789062,117.20999908447266,118.12999725341795,89.65148162841797,221585500,0.0,0.0
2010-10-22,118.30999755859376,118.52999877929688,118.0,118.3499984741211,89.8184585571289,108212400,0.0,0.0
2010-10-25,119.13999938964844,119.76000213623048,118.61000061035156,118.6999969482422,90.08409118652344,151145700,0.0,0.0
2010-10-26,118.0999984741211,118.83999633789062,117.87000274658205,118.72000122070312,90.09927368164062,158982900,0.0,0.0
2010-10-27,117.88999938964844,118.51000213623048,117.26000213623048,118.37999725341795,89.84123229980469,190024000,0.0,0.0
2010-10-28,119.05999755859376,119.11000061035156,117.83000183105467,118.4000015258789,89.85641479492188,168576000,0.0,0.0
2010-10-29,118.27999877929688,118.72000122070312,118.06999969482422,118.48999786376952,89.92469787597656,144305500,0.0,0.0
2010-11-01,119.06999969482422,119.75,117.8499984741211,118.52999877929688,89.95507049560547,174074800,0.0,0.0
2010-11-02,119.41999816894533,119.75,119.0999984741211,119.47000122070312,90.66844940185548,158345900,0.0,0.0
2010-11-03,119.68000030517578,120.0199966430664,118.4499969482422,119.9499969482422,91.03271484375,226702800,0.0,0.0
2010-11-04,121.27999877929688,122.31999969482422,119.97000122070312,122.26000213623048,92.78585052490234,215039400,0.0,0.0
2010-11-05,122.33999633789062,122.91999816894533,122.18000030517578,122.72000122070312,93.13494873046876,180654100,0.0,0.0
2010-11-08,122.33999633789062,122.69000244140624,121.94000244140624,122.48999786376952,92.96039581298828,156107100,0.0,0.0
2010-11-09,122.81999969482422,122.9499969482422,121.12000274658205,121.61000061035156,92.2925796508789,186621600,0.0,0.0
2010-11-10,121.58000183105467,122.16000366210938,120.66000366210938,122.0999984741211,92.6644515991211,221387400,0.0,0.0
2010-11-11,121.0500030517578,121.81999969482422,120.68000030517578,121.63999938964844,92.31529998779295,158017600,0.0,0.0
2010-11-12,120.81999969482422,121.3499984741211,119.6500015258789,120.1999969482422,91.2224578857422,239068800,0.0,0.0
2010-11-15,120.58000183105467,121.0500030517578,119.9800033569336,120.02999877929688,91.09345245361328,163940800,0.0,0.0
2010-11-16,119.29000091552734,119.48999786376952,117.58999633789062,118.16000366210938,89.67427825927734,299566200,0.0,0.0
2010-11-17,118.20999908447266,118.70999908447266,117.86000061035156,118.22000122070312,89.71980285644531,172308900,0.0,0.0
2010-11-18,119.36000061035156,120.38999938964844,119.3499984741211,119.95999908447266,91.04032135009766,197723700,0.0,0.0
2010-11-19,119.9000015258789,120.33999633789062,119.25,120.29000091552734,91.2907485961914,156852900,0.0,0.0
2010-11-22,119.69000244140624,120.23999786376952,118.7699966430664,120.19000244140624,91.21489715576172,181361000,0.0,0.0
2010-11-23,118.7699966430664,119.0199966430664,117.98999786376952,118.4499969482422,89.89432525634766,222309000,0.0,0.0
2010-11-24,119.1999969482422,120.2300033569336,119.18000030517578,120.1999969482422,91.2224578857422,140046100,0.0,0.0
2010-11-26,119.16000366210938,119.80999755859376,118.8000030517578,118.8000030517578,90.15997314453124,76007800,0.0,0.0
2010-11-29,118.5,119.4800033569336,117.73999786376952,119.16000366210938,90.43317413330078,223642300,0.0,0.0
2010-11-30,117.9800033569336,119.16999816894533,117.80999755859376,118.48999786376952,89.92469787597656,233930700,0.0,0.0
2010-12-01,120.1999969482422,121.23999786376952,120.19000244140624,121.01000213623048,91.8372039794922,221037200,0.0,0.0
2010-12-02,121.1999969482422,122.6500015258789,121.12999725341795,122.55999755859376,93.01354217529295,191213600,0.0,0.0
2010-12-03,122.13999938964844,123.02999877929688,122.11000061035156,122.88999938964844,93.26397705078124,151288900,0.0,0.0
2010-12-06,122.62999725341795,123.04000091552734,122.5,122.76000213623048,93.16531372070312,103050500,0.0,0.0
2010-12-07,123.94000244140624,124.01000213623048,122.76000213623048,122.83000183105467,93.21842956542967,206581000,0.0,0.0
2010-12-08,122.9800033569336,123.37999725341795,122.41000366210938,123.27999877929688,93.5599365234375,138019200,0.0,0.0
2010-12-09,123.97000122070312,124.0199966430664,123.1500015258789,123.76000213623048,93.92425537109376,123705100,0.0,0.0
2010-12-10,124.13999938964844,124.5999984741211,123.7300033569336,124.4800033569336,94.4706573486328,117571700,0.0,0.0
2010-12-13,125.0500030517578,125.1999969482422,124.5199966430664,124.55999755859376,94.5313720703125,133812700,0.0,0.0
2010-12-14,124.75,125.2300033569336,124.29000091552734,124.66999816894533,94.6148452758789,147249600,0.0,0.0
2010-12-15,124.44000244140624,124.93000030517578,123.88999938964844,124.0999984741211,94.18225860595705,160823100,0.0,0.0
2010-12-16,124.18000030517578,124.91000366210938,123.75,124.81999969482422,94.72869873046876,185035200,0.0,0.0
2010-12-17,124.08000183105467,124.45999908447266,123.81999969482422,124.3000030517578,94.8301239013672,141075300,0.653,0.0
2010-12-20,124.63999938964844,124.9000015258789,123.9800033569336,124.5999984741211,95.0590362548828,119085500,0.0,0.0
2010-12-21,124.98999786376952,125.47000122070312,124.87000274658205,125.38999938964844,95.6617660522461,94965500,0.0,0.0
2010-12-22,125.4800033569336,125.81999969482422,125.41000366210938,125.77999877929688,95.95925903320312,78878100,0.0,0.0
2010-12-23,125.63999938964844,125.77999877929688,125.29000091552734,125.5999984741211,95.82195281982422,70053700,0.0,0.0
2010-12-27,125.12999725341795,125.7699966430664,125.04000091552734,125.6500015258789,95.86007690429688,58126000,0.0,0.0
2010-12-28,125.9000015258789,125.9499969482422,125.5,125.83000183105467,95.99740600585938,55309100,0.0,0.0
2010-12-29,125.9800033569336,126.1999969482422,125.9000015258789,125.91999816894533,96.06607055664062,58033100,0.0,0.0
2010-12-30,125.8000030517578,126.12999725341795,125.52999877929688,125.72000122070312,95.91350555419922,76616900,0.0,0.0
2010-12-31,125.52999877929688,125.87000274658205,125.33000183105467,125.75,95.93637084960938,91218900,0.0,0.0
2011-01-03,126.70999908447266,127.5999984741211,125.6999969482422,127.0500030517578,96.92819213867188,138725200,0.0,0.0
2011-01-04,127.33000183105467,127.37000274658205,126.19000244140624,126.9800033569336,96.87477111816406,137409700,0.0,0.0
2011-01-05,126.58000183105467,127.72000122070312,126.45999908447266,127.63999938964844,97.37828826904295,133975300,0.0,0.0
2011-01-06,127.69000244140624,127.83000183105467,127.01000213623048,127.38999938964844,97.18755340576172,122519000,0.0,0.0
2011-01-07,127.55999755859376,127.7699966430664,126.1500015258789,127.13999938964844,96.99683380126952,156034600,0.0,0.0
2011-01-10,126.58000183105467,127.16000366210938,126.1999969482422,126.9800033569336,96.87477111816406,122401700,0.0,0.0
2011-01-11,127.44000244140624,127.73999786376952,126.9499969482422,127.43000030517578,97.21807098388672,110287000,0.0,0.0
2011-01-12,128.2100067138672,128.72000122070312,127.45999908447266,128.5800018310547,98.09542846679688,107929200,0.0,0.0
2011-01-13,128.6300048828125,128.69000244140625,128.0500030517578,128.3699951171875,97.93519592285156,129048400,0.0,0.0
2011-01-14,128.19000244140625,129.3300018310547,128.10000610351562,129.3000030517578,98.64474487304688,117677900,0.0,0.0
2011-01-18,129.17999267578125,129.63999938964844,129.02999877929688,129.52000427246094,98.81256103515624,114401300,0.0,0.0
2011-01-19,129.41000366210938,129.5399932861328,127.91000366210938,128.25,97.84361267089844,151958400,0.0,0.0
2011-01-20,127.95999908447266,128.39999389648438,127.12999725341795,128.0800018310547,97.71398162841795,175745700,0.0,0.0
2011-01-21,128.8800048828125,129.1699981689453,128.22999572753906,128.3699951171875,97.93519592285156,151462900,0.0,0.0
2011-01-24,128.2899932861328,129.25,128.25999450683594,129.10000610351562,98.49217224121094,113715500,0.0,0.0
2011-01-25,128.75999450683594,129.27999877929688,128.11000061035156,129.1699981689453,98.54556274414062,167552200,0.0,0.0
2011-01-26,129.49000549316406,130.0500030517578,129.22999572753906,129.6699981689453,98.92700958251952,141281500,0.0,0.0
2011-01-27,129.6999969482422,130.2100067138672,129.47000122070312,129.99000549316406,99.17113494873048,123302700,0.0,0.0
2011-01-28,130.13999938964844,130.35000610351562,127.51000213623048,127.72000122070312,97.43932342529295,295637300,0.0,0.0
2011-01-31,128.07000732421875,128.77999877929688,127.75,128.67999267578125,98.17173767089844,149249200,0.0,0.0
2011-02-01,129.4600067138672,130.97000122070312,129.3800048828125,130.74000549316406,99.74333953857422,167194300,0.0,0.0
2011-02-02,130.39999389648438,130.83999633789062,130.3300018310547,130.49000549316406,99.5526123046875,118323600,0.0,0.0
2011-02-03,130.25999450683594,130.97999572753906,129.57000732421875,130.77999877929688,99.77379608154295,145886700,0.0,0.0
2011-02-04,130.8300018310547,131.1999969482422,130.22999572753906,131.14999389648438,100.05609130859376,134634800,0.0,0.0
2011-02-07,131.44000244140625,132.39999389648438,131.42999267578125,131.97000122070312,100.68170166015624,112439100,0.0,0.0
2011-02-08,132.08999633789062,132.63999938964844,131.72999572753906,132.57000732421875,101.13948059082033,99072800,0.0,0.0
2011-02-09,132.2100067138672,132.6300048828125,131.61000061035156,132.27000427246094,100.91060638427734,146436700,0.0,0.0
2011-02-10,131.60000610351562,132.47000122070312,131.3000030517578,132.32000732421875,100.94872283935548,162708500,0.0,0.0
2011-02-11,131.8000030517578,133.27999877929688,131.77000427246094,133.11000061035156,101.55142211914062,137710300,0.0,0.0
2011-02-14,133.02999877929688,133.5399932861328,132.8800048828125,133.42999267578125,101.79557800292967,101690700,0.0,0.0
2011-02-15,133.02000427246094,133.22000122070312,132.32000732421875,133.00999450683594,101.47511291503906,119575400,0.0,0.0
2011-02-16,133.4600067138672,134.00999450683594,133.19000244140625,133.85000610351562,102.11597442626952,130183500,0.0,0.0
2011-02-17,133.4600067138672,134.42999267578125,133.33999633789062,134.25,102.42112731933594,109810500,0.0,0.0
2011-02-18,134.3699951171875,134.69000244140625,134.05999755859375,134.52999877929688,102.6347427368164,130002400,0.0,0.0
2011-02-22,133.1199951171875,134.55999755859375,131.47000122070312,131.8300018310547,100.57488250732422,233116400,0.0,0.0
2011-02-23,131.75,132.07000732421875,130.2100067138672,131.02000427246094,99.95695495605467,227584000,0.0,0.0
2011-02-24,130.8800048828125,131.44000244140625,129.6999969482422,130.92999267578125,99.88826751708984,260431400,0.0,0.0
2011-02-25,131.47999572753906,132.41000366210938,131.39999389648438,132.3300018310547,100.95635223388672,141686900,0.0,0.0
2011-02-28,132.82000732421875,133.32000732421875,132.3800048828125,133.14999389648438,101.58194732666016,141585500,0.0,0.0
2011-03-01,133.57000732421875,133.69000244140625,130.88999938964844,130.92999267578125,99.88826751708984,258565500,0.0,0.0
2011-03-02,130.75,131.82000732421875,130.35000610351562,131.2100067138672,100.10189056396484,200277400,0.0,0.0
2011-03-03,132.39999389648438,133.6199951171875,132.38999938964844,133.47000122070312,101.82610321044922,176480100,0.0,0.0
2011-03-04,133.3699951171875,133.6300048828125,131.60000610351562,132.47000122070312,101.06314086914062,277202300,0.0,0.0
2011-03-07,132.86000061035156,133.16000366210938,130.74000549316406,131.42999267578125,100.26970672607422,216790400,0.0,0.0
2011-03-08,131.63999938964844,133.0,131.07000732421875,132.5800018310547,101.14706420898438,174615000,0.0,0.0
2011-03-09,132.32000732421875,132.8000030517578,131.60000610351562,132.38999938964844,101.00213623046876,153806000,0.0,0.0
2011-03-10,131.0,131.17999267578125,129.80999755859375,129.94000244140625,99.13299560546876,301291800,0.0,0.0
2011-03-11,129.52000427246094,131.30999755859375,129.49000549316406,130.83999633789062,99.81961059570312,225621800,0.0,0.0
2011-03-14,129.99000549316406,130.47999572753906,129.05999755859375,130.0500030517578,99.21693420410156,234974100,0.0,0.0
2011-03-15,126.58999633789062,129.3300018310547,126.5,128.55999755859375,98.08016204833984,359585400,0.0,0.0
2011-03-16,128.14999389648438,128.57000732421875,125.27999877929688,126.18000030517578,96.2644271850586,468670300,0.0,0.0
2011-03-17,128.0,128.38999938964844,127.0999984741211,127.8499984741211,97.53850555419922,254303700,0.0,0.0
2011-03-18,128.83999633789062,128.8800048828125,127.51000213623048,127.76000213623048,97.8932876586914,230435400,0.553,0.0
2011-03-21,129.35000610351562,130.00999450683594,129.1999969482422,129.74000549316406,99.41041564941406,153992600,0.0,0.0
2011-03-22,129.72000122070312,129.88999938964844,129.1699981689453,129.2899932861328,99.06556701660156,129538600,0.0,0.0
2011-03-23,128.92999267578125,130.0,128.32000732421875,129.66000366210938,99.34909057617188,148603100,0.0,0.0
2011-03-24,130.39999389648438,131.08999633789062,129.6699981689453,130.89999389648438,100.29920196533205,159129800,0.0,0.0
2011-03-25,131.24000549316406,131.8699951171875,130.88999938964844,131.3000030517578,100.605712890625,155642800,0.0,0.0
2011-03-28,131.5800018310547,131.9199981689453,130.94000244140625,130.97999572753906,100.36052703857422,109762400,0.0,0.0
2011-03-29,130.8699951171875,131.89999389648438,130.44000244140625,131.86000061035156,101.03480529785156,129798800,0.0,0.0
2011-03-30,132.5500030517578,133.16000366210938,132.36000061035156,132.77000427246094,101.73208618164062,135835000,0.0,0.0
2011-03-31,132.60000610351562,132.9600067138672,132.4499969482422,132.58999633789062,101.59415435791016,132537100,0.0,0.0
2011-04-01,133.41000366210938,133.77000427246094,132.8300018310547,133.14999389648438,102.0232391357422,153850100,0.0,0.0
2011-04-04,133.42999267578125,133.6699981689453,132.8800048828125,133.25999450683594,102.10752868652344,100768900,0.0,0.0
2011-04-05,133.0,133.8300018310547,132.94000244140625,133.24000549316406,102.09220123291016,120791500,0.0,0.0
2011-04-06,133.8800048828125,134.0,133.1199951171875,133.66000366210938,102.41403198242188,120411600,0.0,0.0
2011-04-07,133.4199981689453,133.97999572753906,132.66000366210938,133.32000732421875,102.15351104736328,170731500,0.0,0.0
2011-04-08,133.91000366210938,133.99000549316406,132.30999755859375,132.86000061035156,101.80105590820312,147945400,0.0,0.0
2011-04-11,133.0,133.4499969482422,132.13999938964844,132.4600067138672,101.4945297241211,121385400,0.0,0.0
2011-04-12,131.72000122070312,131.97999572753906,130.99000549316406,131.47000122070312,100.73597717285156,161187400,0.0,0.0
2011-04-13,132.0800018310547,132.17999267578125,130.9600067138672,131.4600067138672,100.72832489013672,162059000,0.0,0.0
2011-04-14,130.6999969482422,131.75999450683594,130.27000427246094,131.55999755859375,100.804931640625,161220400,0.0,0.0
2011-04-15,131.8000030517578,132.3699951171875,131.41000366210938,132.0399932861328,101.17273712158205,170006700,0.0,0.0
2011-04-18,130.58999633789062,132.02999877929688,129.50999450683594,130.55999755859375,100.0387191772461,210759300,0.0,0.0
2011-04-19,130.75999450683594,131.35000610351562,130.44000244140625,131.30999755859375,100.61336517333984,124258800,0.0,0.0
2011-04-20,132.8800048828125,133.38999938964844,132.7899932861328,133.10000610351562,101.98491668701172,156133800,0.0,0.0
2011-04-21,133.7899932861328,133.83999633789062,133.10000610351562,133.77999877929688,102.50594329833984,135935400,0.0,0.0
2011-04-25,133.67999267578125,133.86000061035156,133.1999969482422,133.63999938964844,102.398681640625,65757100,0.0,0.0
2011-04-26,134.0500030517578,135.05999755859375,133.91000366210938,134.7899932861328,103.27984619140624,146600000,0.0,0.0
2011-04-27,135.0500030517578,135.8699951171875,134.5,135.6699981689453,103.95410919189452,143031000,0.0,0.0
2011-04-28,135.42999267578125,136.2899932861328,135.41000366210938,136.11000061035156,104.291259765625,124791100,0.0,0.0
2011-04-29,136.16000366210938,136.57000732421875,135.97999572753906,136.42999267578125,104.53646087646484,115094100,0.0,0.0
2011-05-02,137.07000732421875,137.17999267578125,135.9499969482422,136.22000122070312,104.37555694580078,126278700,0.0,0.0
2011-05-03,135.9600067138672,136.19000244140625,135.0399932861328,135.72999572753906,104.00009155273438,138375000,0.0,0.0
2011-05-04,135.6699981689453,135.72999572753906,134.22999572753906,134.8300018310547,103.31047058105467,182678500,0.0,0.0
2011-05-05,134.0800018310547,134.9499969482422,133.02000427246094,133.61000061035156,102.37569427490234,226900000,0.0,0.0
2011-05-06,134.94000244140625,135.6300048828125,133.67999267578125,134.1999969482422,102.82778930664062,222787200,0.0,0.0
2011-05-09,134.19000244140625,135.11000061035156,133.97999572753906,134.72000122070312,103.2261962890625,114104500,0.0,0.0
2011-05-10,135.1699981689453,136.11000061035156,135.0,135.8699951171875,104.10734558105467,114806900,0.0,0.0
2011-05-11,135.6699981689453,135.69000244140625,133.82000732421875,134.44000244140625,103.01165771484376,193564200,0.0,0.0
2011-05-12,134.0800018310547,135.36000061035156,133.38999938964844,135.0800018310547,103.50206756591795,171550700,0.0,0.0
2011-05-13,135.14999389648438,135.33999633789062,133.55999755859375,134.0399932861328,102.70518493652344,157444900,0.0,0.0
2011-05-16,133.55999755859375,134.61000061035156,132.97000122070312,133.19000244140625,102.05389404296876,141675400,0.0,0.0
2011-05-17,132.69000244140625,133.35000610351562,132.1199951171875,133.1699981689453,102.03855895996094,192686200,0.0,0.0
2011-05-18,133.24000549316406,134.5,132.9499969482422,134.36000061035156,102.95035552978516,135217900,0.0,0.0
2011-05-19,134.8000030517578,135.02999877929688,133.94000244140625,134.67999267578125,103.1955337524414,119489500,0.0,0.0
2011-05-20,134.3300018310547,134.67999267578125,133.36000061035156,133.61000061035156,102.37569427490234,182594900,0.0,0.0
2011-05-23,131.97999572753906,132.72000122070312,131.58999633789062,132.05999755859375,101.18801879882812,168700000,0.0,0.0
2011-05-24,132.44000244140625,132.72999572753906,131.6999969482422,131.9499969482422,101.10375213623048,147199600,0.0,0.0
2011-05-25,131.4199981689453,132.94000244140625,131.3800048828125,132.38999938964844,101.4408950805664,151050100,0.0,0.0
2011-05-26,132.02999877929688,133.24000549316406,131.77999877929688,133.0,101.90825653076172,164850000,0.0,0.0
2011-05-27,133.3699951171875,133.8699951171875,132.9600067138672,133.50999450683594,102.2990493774414,120921900,0.0,0.0
2011-05-31,134.77000427246094,134.9199981689453,133.83999633789062,134.89999389648438,103.36409759521484,164731200,0.0,0.0
2011-06-01,134.50999450683594,134.9199981689453,131.75999450683594,131.8699951171875,101.0424575805664,233094300,0.0,0.0
2011-06-02,131.9600067138672,132.24000549316406,130.9600067138672,131.72999572753906,100.93521118164062,200466800,0.0,0.0
2011-06-03,130.14999389648438,131.4199981689453,130.0800018310547,130.4199981689453,99.9314422607422,234690200,0.0,0.0
2011-06-06,130.08999633789062,130.36000061035156,128.8699951171875,129.0399932861328,98.87400817871094,179951200,0.0,0.0
2011-06-07,129.6999969482422,130.07000732421875,128.85000610351562,128.9600067138672,98.812744140625,161660500,0.0,0.0
2011-06-08,128.75999450683594,129.19000244140625,128.17999267578125,128.4199981689453,98.39897918701172,198696400,0.0,0.0
2011-06-09,128.77000427246094,129.92999267578125,128.4600067138672,129.39999389648438,99.14987182617188,160964400,0.0,0.0
2011-06-10,128.85000610351562,128.92999267578125,127.26000213623048,127.5999984741211,97.77066040039062,238629400,0.0,0.0
2011-06-13,127.88999938964844,128.24000549316406,127.0500030517578,127.6999969482422,97.8473129272461,207599800,0.0,0.0
2011-06-14,128.8699951171875,129.77000427246094,128.82000732421875,129.32000732421875,99.0885772705078,160570400,0.0,0.0
2011-06-15,128.24000549316406,129.3000030517578,126.68000030517578,127.0199966430664,97.32625579833984,300958000,0.0,0.0
2011-06-16,127.05999755859376,127.97000122070312,126.31999969482422,127.3000030517578,97.54077911376952,308032800,0.0,0.0
2011-06-17,127.93000030517578,127.94000244140624,126.62000274658205,127.0500030517578,97.83187103271484,233284900,0.628,0.0
2011-06-20,126.62000274658205,127.97000122070312,126.58000183105467,127.6999969482422,98.33238983154295,159479000,0.0,0.0
2011-06-21,128.36000061035156,129.6999969482422,127.75,129.4499969482422,99.67994689941406,193157300,0.0,0.0
2011-06-22,129.0500030517578,129.80999755859375,128.58999633789062,128.6699981689453,99.0792999267578,176703000,0.0,0.0
2011-06-23,127.16000366210938,128.63999938964844,126.19000244140624,128.3000030517578,98.79444122314452,334286500,0.0,0.0
2011-06-24,128.27000427246094,128.3699951171875,126.62000274658205,126.80999755859376,97.64705657958984,226129300,0.0,0.0
2011-06-27,126.88999938964844,128.42999267578125,126.63999938964844,127.94000244140624,98.51718139648438,168904700,0.0,0.0
2011-06-28,128.4499969482422,129.6300048828125,128.27000427246094,129.61000061035156,99.80316925048828,165556300,0.0,0.0
2011-06-29,130.1999969482422,130.92999267578125,129.6300048828125,130.72000122070312,100.6578598022461,244295500,0.0,0.0
2011-06-30,131.13999938964844,132.17999267578125,130.7100067138672,131.97000122070312,101.62037658691406,223322700,0.0,0.0
2011-07-01,132.08999633789062,134.10000610351562,131.77999877929688,133.9199981689453,103.12195587158205,202385700,0.0,0.0
2011-07-05,133.77999877929688,134.0800018310547,133.38999938964844,133.80999755859375,103.03726959228516,165936000,0.0,0.0
2011-07-06,133.49000549316406,134.13999938964844,133.11000061035156,133.97000122070312,103.16046142578124,143331600,0.0,0.0
2011-07-07,135.16000366210938,135.6999969482422,134.8800048828125,135.36000061035156,104.23078918457033,170464200,0.0,0.0
2011-07-08,133.8300018310547,135.36000061035156,133.38999938964844,134.39999389648438,103.4915542602539,194100500,0.0,0.0
2011-07-11,132.75,133.17999267578125,131.66000366210938,131.97000122070312,101.62037658691406,195918600,0.0,0.0
2011-07-12,131.69000244140625,132.77999877929688,131.36000061035156,131.39999389648438,101.1814956665039,214675700,0.0,0.0
2011-07-13,132.08999633789062,133.22000122070312,131.52000427246094,131.83999633789062,101.52027893066406,204062600,0.0,0.0
2011-07-14,132.1699981689453,132.77999877929688,130.67999267578125,130.92999267578125,100.81957244873048,226111800,0.0,0.0
2011-07-15,131.66000366210938,131.8699951171875,130.77000427246094,131.69000244140625,101.40479278564452,220012800,0.0,0.0
2011-07-18,131.0800018310547,131.27999877929688,129.6300048828125,130.61000061035156,100.57315063476562,196872100,0.0,0.0
2011-07-19,131.33999633789062,132.88999938964844,131.30999755859375,132.72999572753906,102.2056121826172,166554900,0.0,0.0
2011-07-20,133.07000732421875,133.14999389648438,132.4199981689453,132.64999389648438,102.1440200805664,137145400,0.0,0.0
2011-07-21,133.39999389648438,134.82000732421875,132.6699981689453,134.49000549316406,103.56088256835938,245246300,0.0,0.0
2011-07-22,134.52000427246094,134.72000122070312,133.75999450683594,134.5800018310547,103.63014221191406,126019400,0.0,0.0
2011-07-25,133.3000030517578,134.49000549316406,133.16000366210938,133.8300018310547,103.05264282226562,136653800,0.0,0.0
2011-07-26,133.74000549316406,133.9600067138672,133.02999877929688,133.3300018310547,102.6676254272461,131278200,0.0,0.0
2011-07-27,132.58999633789062,132.6300048828125,130.42999267578125,130.60000610351562,100.56548309326172,249020100,0.0,0.0
2011-07-28,130.60000610351562,131.77000427246094,130.00999450683594,130.22000122070312,100.2728500366211,207939900,0.0,0.0
2011-07-29,128.91000366210938,130.5500030517578,127.97000122070312,129.3300018310547,99.58753967285156,307038400,0.0,0.0
2011-08-01,130.83999633789062,130.9600067138672,127.52999877929688,128.77999877929688,99.16400909423828,325790900,0.0,0.0
2011-08-02,127.80999755859376,128.5,125.48999786376952,125.48999786376952,96.63063049316406,346653800,0.0,0.0
2011-08-03,125.66000366210938,126.30999755859376,123.52999877929688,126.16999816894533,97.1542510986328,370830800,0.0,0.0
2011-08-04,124.41999816894533,124.62000274658205,120.05999755859376,120.26000213623048,92.6033935546875,520721800,0.0,0.0
2011-08-05,121.76000213623048,122.06999969482422,116.86000061035156,120.08000183105467,92.46476745605467,655619200,0.0,0.0
2011-08-08,116.91000366210938,120.12000274658205,112.0199966430664,112.26000213623048,86.44316864013672,702263900,0.0,0.0
2011-08-09,114.06999969482422,117.63999938964844,110.2699966430664,117.4800033569336,90.46273040771484,717828700,0.0,0.0
2011-08-10,115.26000213623048,116.27999877929688,111.9499969482422,112.29000091552734,86.46627044677734,662607400,0.0,0.0
2011-08-11,113.26000213623048,118.91999816894533,112.31999969482422,117.33000183105467,90.34722137451172,487979700,0.0,0.0
2011-08-12,118.4000015258789,119.20999908447266,117.27999877929688,118.12000274658205,90.9555435180664,313731600,0.0,0.0
2011-08-15,119.19000244140624,120.73999786376952,119.0,120.62000274658205,92.8806381225586,258810600,0.0,0.0
2011-08-16,119.47000122070312,120.69000244140624,118.30999755859376,119.58999633789062,92.08747100830078,294095200,0.0,0.0
2011-08-17,120.25,121.1999969482422,118.72000122070312,119.66999816894533,92.14908599853516,238201100,0.0,0.0
2011-08-18,116.5,119.70999908447266,113.38999938964844,114.51000213623048,88.17570495605469,512956300,0.0,0.0
2011-08-19,112.95999908447266,115.87999725341795,112.5,112.63999938964844,86.73579406738281,428281300,0.0,0.0
2011-08-22,115.16999816894533,115.2300033569336,112.41000366210938,112.7300033569336,86.80508422851562,275090600,0.0,0.0
2011-08-23,113.1500015258789,116.56999969482422,112.58000183105467,116.44000244140624,89.66191864013672,331136600,0.0,0.0
2011-08-24,116.19000244140624,118.23999786376952,115.91999816894533,118.08000183105467,90.9247055053711,246869700,0.0,0.0
2011-08-25,118.7300033569336,119.4000015258789,115.87000274658205,116.27999877929688,89.53868865966797,312365400,0.0,0.0
2011-08-26,115.69000244140624,118.51000213623048,113.8499984741211,117.97000122070312,90.84002685546876,314495900,0.0,0.0
2011-08-29,119.55999755859376,121.43000030517578,118.05999755859376,121.36000061035156,93.4504165649414,190977200,0.0,0.0
2011-08-30,120.83000183105467,122.43000030517578,119.26000213623048,121.68000030517578,93.69684600830078,241315700,0.0,0.0
2011-08-31,122.45999908447266,123.51000213623048,121.3000030517578,122.22000122070312,94.1126480102539,301828400,0.0,0.0
2011-09-01,122.29000091552734,123.4000015258789,120.77999877929688,120.94000244140624,93.12702178955078,254585900,0.0,0.0
2011-09-02,118.41999816894533,120.87000274658205,117.43000030517578,117.8499984741211,90.74761962890624,255517200,0.0,0.0
2011-09-06,114.38999938964844,117.16000366210938,114.37999725341795,116.98999786376952,90.0854263305664,285130500,0.0,0.0
2011-09-07,118.76000213623048,120.33999633789062,118.36000061035156,120.29000091552734,92.62650299072266,209803200,0.0,0.0
2011-09-08,119.56999969482422,120.94000244140624,118.7699966430664,119.04000091552734,91.6639633178711,250568200,0.0,0.0
2011-09-09,117.68000030517578,119.05999755859376,115.27999877929688,115.91999816894533,89.2614517211914,380195100,0.0,0.0
2011-09-12,114.47000122070312,116.76000213623048,114.0500030517578,116.66999816894533,89.83900451660156,305793500,0.0,0.0
2011-09-13,117.0500030517578,118.18000030517578,116.22000122070312,117.73999786376952,90.66291046142578,272514700,0.0,0.0
2011-09-14,118.33999633789062,120.8000030517578,116.72000122070312,119.37000274658205,91.91808319091795,319389500,0.0,0.0
2011-09-15,120.6500015258789,121.47000122070312,119.4000015258789,121.43000030517578,93.50432586669922,326777200,0.0,0.0
2011-09-16,121.29000091552734,121.97000122070312,120.31999969482422,121.5199966430664,94.0577163696289,284528300,0.625,0.0
2011-09-19,119.52999877929688,120.93000030517578,118.72000122070312,120.30999755859376,93.12117004394533,241517000,0.0,0.0
2011-09-20,120.81999969482422,121.98999786376952,120.01000213623048,120.16999816894533,93.0128402709961,218932200,0.0,0.0
2011-09-21,120.2300033569336,120.5999984741211,116.44000244140624,116.62999725341795,90.27284240722656,316251300,0.0,0.0
2011-09-22,113.25,114.20999908447266,111.3000030517578,112.86000061035156,87.35480499267578,513911300,0.0,0.0
2011-09-23,112.11000061035156,114.16000366210938,112.0199966430664,113.54000091552734,87.88115692138672,307242500,0.0,0.0
2011-09-26,114.61000061035156,116.4000015258789,112.9800033569336,116.23999786376952,89.97097778320312,260673700,0.0,0.0
2011-09-27,118.52999877929688,119.55999755859376,116.83999633789062,117.54000091552734,90.97718048095705,311753900,0.0,0.0
2011-09-28,117.77999877929688,118.48999786376952,114.97000122070312,115.13999938964844,89.11956024169922,286696800,0.0,0.0
2011-09-29,117.0500030517578,117.62999725341795,113.93000030517578,116.0500030517578,89.82391357421875,298108900,0.0,0.0
2011-09-30,114.4499969482422,115.4499969482422,113.06999969482422,113.1500015258789,87.57927703857422,288392300,0.0,0.0
2011-10-03,112.48999786376952,113.9499969482422,109.80999755859376,109.93000030517578,85.08698272705078,365136800,0.0,0.0
2011-10-04,108.3499984741211,112.58000183105467,107.43000030517578,112.33999633789062,86.95230102539062,459177500,0.0,0.0
2011-10-05,112.62000274658205,114.72000122070312,111.58000183105467,114.41999816894533,88.56224822998047,284108000,0.0,0.0
2011-10-06,114.36000061035156,116.66000366210938,113.51000213623048,116.48999786376952,90.16448211669922,257800800,0.0,0.0
2011-10-07,117.16999816894533,117.25,115.05999755859376,115.70999908447266,89.56072235107422,312657900,0.0,0.0
2011-10-10,117.68000030517578,119.62999725341795,117.66999816894533,119.58000183105467,92.55616760253906,230666300,0.0,0.0
2011-10-11,118.87000274658205,120.04000091552734,118.75,119.6999969482422,92.64903259277344,209088000,0.0,0.0
2011-10-12,120.5999984741211,122.13999938964844,120.33000183105467,120.75,93.46176147460938,281544900,0.0,0.0
2011-10-13,120.04000091552734,120.87000274658205,119.12000274658205,120.51000213623048,93.2759780883789,212538800,0.0,0.0
2011-10-14,121.91000366210938,122.5999984741211,121.2300033569336,122.56999969482422,94.87042999267578,211397600,0.0,0.0
2011-10-17,121.98999786376952,122.5500030517578,119.93000030517578,120.2300033569336,93.0592803955078,202311600,0.0,0.0
2011-10-18,120.13999938964844,123.5,119.1999969482422,122.58000183105467,94.87820434570312,318857900,0.0,0.0
2011-10-19,122.37999725341795,123.08000183105467,120.70999908447266,121.12999725341795,93.75585174560548,226601300,0.0,0.0
2011-10-20,121.43000030517578,122.0999984741211,119.81999969482422,121.66000366210938,94.1661148071289,262075600,0.0,0.0
2011-10-21,123.08999633789062,124.12000274658205,122.72000122070312,123.97000122070312,95.95407104492188,278999400,0.0,0.0
2011-10-24,124.16999816894533,125.8000030517578,124.05999755859376,125.48999786376952,97.13057708740234,203215600,0.0,0.0
2011-10-25,124.88999938964844,124.9499969482422,122.77999877929688,123.0500030517578,95.24197387695312,268596800,0.0,0.0
2011-10-26,124.3499984741211,124.7699966430664,122.20999908447266,124.3000030517578,96.20946502685548,289053800,0.0,0.0
2011-10-27,127.62999725341795,129.4199981689453,126.61000061035156,128.6300048828125,99.56096649169922,393220200,0.0,0.0
2011-10-28,128.0,128.85000610351562,127.8000030517578,128.60000610351562,99.53772735595705,225906500,0.0,0.0
2011-10-31,127.16000366210938,128.6199951171875,125.31999969482422,125.5,97.1382827758789,228146700,0.0,0.0
2011-11-01,122.02999877929688,123.51000213623048,121.5199966430664,122.0,94.42927551269533,416565800,0.0,0.0
2011-11-02,123.83000183105467,124.4000015258789,122.79000091552734,123.98999786376952,95.96955108642578,244717600,0.0,0.0
2011-11-03,125.2699966430664,126.5,123.5999984741211,126.25,97.71878814697266,291174800,0.0,0.0
2011-11-04,125.2300033569336,125.6999969482422,124.01000213623048,125.4800033569336,97.1228256225586,249401600,0.0,0.0
2011-11-07,125.38999938964844,126.38999938964844,124.1999969482422,126.26000213623048,97.7265625,196617200,0.0,0.0
2011-11-08,126.91999816894533,128.02000427246094,125.70999908447266,127.87999725341795,98.9804458618164,224426300,0.0,0.0
2011-11-09,124.88999938964844,125.8000030517578,122.86000061035156,123.16000366210938,95.32713317871094,337982000,0.0,0.0
2011-11-10,124.79000091552734,124.94000244140624,123.0199966430664,124.31999969482422,96.22492980957033,231866500,0.0,0.0
2011-11-11,125.83000183105467,126.98999786376952,125.79000091552734,126.66000366210938,98.03616333007812,189924400,0.0,0.0
2011-11-14,126.19000244140624,127.4499969482422,124.91999816894533,125.45999908447266,97.1073226928711,159258300,0.0,0.0
2011-11-15,125.16999816894533,126.75,124.72000122070312,126.08000183105467,97.58724212646484,184709400,0.0,0.0
2011-11-16,124.80999755859376,126.33999633789062,123.9000015258789,124.08000183105467,96.03923034667967,235782500,0.0,0.0
2011-11-17,123.8499984741211,124.16000366210938,121.2300033569336,122.11000061035156,94.51441955566406,331219600,0.0,0.0
2011-11-18,122.5,122.75,121.47000122070312,121.9800033569336,94.41376495361328,215580400,0.0,0.0
2011-11-21,120.1999969482422,120.3499984741211,118.6500015258789,119.66000366210938,92.61807250976562,229611600,0.0,0.0
2011-11-22,119.4000015258789,120.0999984741211,118.5199966430664,119.19000244140624,92.25430297851562,216494900,0.0,0.0
2011-11-23,118.06999969482422,119.19000244140624,116.55999755859376,116.55999755859376,90.21863555908205,224329100,0.0,0.0
2011-11-25,116.37999725341795,117.6999969482422,116.1999969482422,116.33999633789062,90.04837799072266,99557000,0.0,0.0
2011-11-28,119.54000091552734,120.18000030517578,118.81999969482422,119.70999908447266,92.65676879882812,210686000,0.0,0.0
2011-11-29,120.0500030517578,121.0,119.61000061035156,120.0500030517578,92.9199447631836,199241500,0.0,0.0
2011-11-30,123.48999786376952,125.22000122070312,120.0,124.98999786376952,96.74354553222656,324439500,0.0,0.0
2011-12-01,124.8499984741211,125.63999938964844,124.43000030517578,124.97000122070312,96.72806549072266,176954800,0.0,0.0
2011-12-02,126.12000274658205,126.5,124.77999877929688,124.86000061035156,96.6429672241211,221109700,0.0,0.0
2011-12-05,126.83999633789062,127.18000030517578,125.44000244140624,126.22000122070312,97.69559478759766,225263900,0.0,0.0
2011-12-06,126.20999908447266,127.11000061035156,125.76000213623048,126.26000213623048,97.7265625,178842100,0.0,0.0
2011-12-07,125.83999633789062,127.26000213623048,124.97000122070312,126.7300033569336,98.09033966064452,237802500,0.0,0.0
2011-12-08,125.9000015258789,126.18000030517578,123.6500015258789,123.9499969482422,95.9385757446289,240862800,0.0,0.0
2011-12-09,124.51000213623048,126.37000274658205,124.4000015258789,126.0500030517578,97.56400299072266,209111400,0.0,0.0
2011-12-12,124.9499969482422,124.97000122070312,123.16000366210938,124.20999908447266,96.13983154296876,215826100,0.0,0.0
2011-12-13,124.86000061035156,125.56999969482422,122.4499969482422,123.0500030517578,95.24197387695312,245159800,0.0,0.0
2011-12-14,122.55999755859376,123.02999877929688,121.47000122070312,121.73999786376952,94.22802734375,238618800,0.0,0.0
2011-12-15,123.02999877929688,123.1999969482422,121.98999786376952,122.18000030517578,94.56858825683594,199109200,0.0,0.0
2011-12-16,122.2300033569336,122.9499969482422,121.3000030517578,121.58999633789062,94.70877838134766,220481400,0.77,0.0
2011-12-19,122.05999755859376,122.31999969482422,120.02999877929688,120.29000091552734,93.69618225097656,183903000,0.0,0.0
2011-12-20,122.18000030517578,124.13999938964844,120.37000274658205,123.93000030517578,96.53146362304688,225418100,0.0,0.0
2011-12-21,123.93000030517578,124.36000061035156,122.75,124.16999816894533,96.71839141845705,194230900,0.0,0.0
2011-12-22,124.62999725341795,125.4000015258789,124.2300033569336,125.2699966430664,97.5752182006836,119465400,0.0,0.0
2011-12-23,125.66999816894533,126.43000030517578,125.41000366210938,126.38999938964844,98.44761657714844,92187200,0.0,0.0
2011-12-27,126.16999816894533,126.81999969482422,126.05999755859376,126.48999786376952,98.52548217773438,86075700,0.0,0.0
2011-12-28,126.51000213623048,126.52999877929688,124.7300033569336,124.83000183105467,97.23245239257812,119107100,0.0,0.0
2011-12-29,125.23999786376952,126.25,124.86000061035156,126.12000274658205,98.23731231689452,123507200,0.0,0.0
2011-12-30,126.0199966430664,126.33000183105467,125.5,125.5,97.75435638427734,95599000,0.0,0.0
2012-01-03,127.76000213623048,128.3800048828125,127.43000030517578,127.5,99.31217193603516,193697900,0.0,0.0
2012-01-04,127.1999969482422,127.80999755859376,126.70999908447266,127.6999969482422,99.46800231933594,127186500,0.0,0.0
2012-01-05,127.01000213623048,128.22999572753906,126.43000030517578,128.0399932861328,99.73283386230467,173895000,0.0,0.0
2012-01-06,128.1999969482422,128.22000122070312,127.29000091552734,127.70999908447266,99.4757843017578,148050000,0.0,0.0
2012-01-09,128.0,128.17999267578125,127.41000366210938,128.02000427246094,99.7172393798828,99530200,0.0,0.0
2012-01-10,129.38999938964844,129.64999389648438,128.9499969482422,129.1300048828125,100.58184051513672,115282000,0.0,0.0
2012-01-11,128.72999572753906,129.3699951171875,128.52000427246094,129.1999969482422,100.63639831542967,111540700,0.0,0.0
2012-01-12,129.57000732421875,129.6999969482422,128.5399932861328,129.50999450683594,100.87783813476562,118983700,0.0,0.0
2012-01-13,128.63999938964844,129.0500030517578,127.72000122070312,128.83999633789062,100.35595703125,179836200,0.0,0.0
2012-01-17,130.0800018310547,130.32000732421875,128.89999389648438,129.33999633789062,100.74541473388672,132209200,0.0,0.0
2012-01-18,129.30999755859375,130.83999633789062,129.0800018310547,130.77000427246094,101.85926818847656,163395200,0.0,0.0
2012-01-19,131.22000122070312,131.57000732421875,130.8000030517578,131.4600067138672,102.3967056274414,126328900,0.0,0.0
2012-01-20,131.24000549316406,131.9499969482422,130.9199981689453,131.9499969482422,102.77839660644533,138230200,0.0,0.0
2012-01-23,131.50999450683594,132.25,130.97999572753906,131.61000061035156,102.5135498046875,129295800,0.0,0.0
2012-01-24,130.8000030517578,131.5,130.60000610351562,131.4600067138672,102.3967056274414,103083300,0.0,0.0
2012-01-25,131.25999450683594,132.8699951171875,130.75,132.55999755859375,103.25352478027344,198613200,0.0,0.0
2012-01-26,133.14999389648438,133.39999389648438,131.36000061035156,131.8800048828125,102.72388458251952,184880500,0.0,0.0
2012-01-27,131.24000549316406,132.0500030517578,131.14999389648438,131.82000732421875,102.6771469116211,135259100,0.0,0.0
2012-01-30,130.50999450683594,131.44000244140625,130.05999755859375,131.3699951171875,102.32662963867188,147311800,0.0,0.0
2012-01-31,132.02000427246094,132.17999267578125,130.67999267578125,131.32000732421875,102.28767395019533,157212000,0.0,0.0
2012-02-01,132.2899932861328,133.13999938964844,132.1300048828125,132.47000122070312,103.1834487915039,166234500,0.0,0.0
2012-02-02,132.72999572753906,133.02000427246094,132.2100067138672,132.67999267578125,103.34700775146484,113090400,0.0,0.0
2012-02-03,134.0,134.6199951171875,133.77000427246094,134.5399932861328,104.79581451416016,160598500,0.0,0.0
2012-02-06,133.97999572753906,134.50999450683594,133.8300018310547,134.4499969482422,104.7256851196289,107694500,0.0,0.0
2012-02-07,134.1699981689453,135.02000427246094,133.63999938964844,134.7899932861328,104.99050903320312,135528100,0.0,0.0
2012-02-08,134.86000061035156,135.22000122070312,134.30999755859375,135.19000244140625,105.30208587646484,139361400,0.0,0.0
2012-02-09,135.41000366210938,135.58999633789062,134.55999755859375,135.36000061035156,105.43450927734376,148602900,0.0,0.0
2012-02-10,134.16000366210938,134.47000122070312,133.83999633789062,134.36000061035156,104.65560913085938,167907500,0.0,0.0
2012-02-13,135.32000732421875,135.52000427246094,134.74000549316406,135.36000061035156,105.43450927734376,115841900,0.0,0.0
2012-02-14,135.0,135.27000427246094,134.25,135.19000244140625,105.30208587646484,165329500,0.0,0.0
2012-02-15,135.6300048828125,135.8300018310547,134.2899932861328,134.55999755859375,104.81134796142578,195195100,0.0,0.0
2012-02-16,134.57000732421875,136.1699981689453,134.3300018310547,136.0500030517578,105.97197723388672,186567800,0.0,0.0
2012-02-17,136.52000427246094,136.6300048828125,135.9600067138672,136.41000366210938,106.25241088867188,129869400,0.0,0.0
2012-02-21,136.72999572753906,137.0500030517578,136.0500030517578,136.47000122070312,106.2990951538086,134042300,0.0,0.0
2012-02-22,136.25999450683594,136.5500030517578,135.7899932861328,136.02999877929688,105.95637512207033,124455300,0.0,0.0
2012-02-23,135.9600067138672,136.72999572753906,135.5,136.6300048828125,106.42374420166016,137704300,0.0,0.0
2012-02-24,136.92999267578125,137.1999969482422,136.6300048828125,136.92999267578125,106.65738677978516,105539100,0.0,0.0
2012-02-27,136.02000427246094,137.52999877929688,135.8000030517578,137.16000366210938,106.83657836914062,145728900,0.0,0.0
2012-02-28,137.1999969482422,137.72000122070312,136.92999267578125,137.55999755859375,107.1481475830078,129355900,0.0,0.0
2012-02-29,137.75999450683594,138.19000244140625,136.5399932861328,137.02000427246094,106.72752380371094,185934700,0.0,0.0
2012-03-01,137.30999755859375,137.99000549316406,136.92999267578125,137.72999572753906,107.28050231933594,145023500,0.0,0.0
2012-03-02,137.63999938964844,137.82000732421875,137.0,137.30999755859375,106.9534149169922,120638300,0.0,0.0
2012-03-05,137.10000610351562,137.1999969482422,136.27999877929688,136.75,106.51716613769533,140765000,0.0,0.0
2012-03-06,135.35000610351562,135.42999267578125,134.36000061035156,134.75,104.95938110351562,202129900,0.0,0.0
2012-03-07,135.05999755859375,135.91000366210938,134.92999267578125,135.69000244140625,105.69158935546876,143692200,0.0,0.0
2012-03-08,136.52000427246094,137.32000732421875,136.24000549316406,137.0399932861328,106.74305725097656,116968900,0.0,0.0
2012-03-09,137.3000030517578,137.92999267578125,137.1300048828125,137.57000732421875,107.15592956542967,122836800,0.0,0.0
2012-03-12,137.5500030517578,137.75999450683594,137.08999633789062,137.5800018310547,107.16372680664062,104003500,0.0,0.0
2012-03-13,138.32000732421875,140.1300048828125,138.08999633789062,140.05999755859375,109.09544372558594,184090500,0.0,0.0
2012-03-14,140.10000610351562,140.4499969482422,139.47999572753906,139.91000366210938,108.97860717773438,145163600,0.0,0.0
2012-03-15,140.1199951171875,140.77999877929688,139.75999450683594,140.72000122070312,109.60951232910156,165118500,0.0,0.0
2012-03-16,140.36000061035156,140.47999572753906,140.0,140.3000030517578,109.76128387451172,152893500,0.614,0.0
2012-03-19,140.2100067138672,141.27999877929688,140.11000061035156,140.85000610351562,110.19161224365234,125291100,0.0,0.0
2012-03-20,140.0500030517578,140.61000061035156,139.63999938964844,140.44000244140625,109.8708038330078,121729700,0.0,0.0
2012-03-21,140.52000427246094,140.64999389648438,139.9199981689453,140.2100067138672,109.69091796875,122388400,0.0,0.0
2012-03-22,139.17999267578125,139.5500030517578,138.74000549316406,139.1999969482422,108.90071105957033,135216700,0.0,0.0
2012-03-23,139.32000732421875,139.80999755859375,138.5500030517578,139.64999389648438,109.25276184082033,120521000,0.0,0.0
2012-03-26,140.64999389648438,141.61000061035156,140.60000610351562,141.61000061035156,110.7861557006836,120164000,0.0,0.0
2012-03-27,141.74000549316406,141.8300018310547,141.0800018310547,141.1699981689453,110.44193267822266,119868500,0.0,0.0
2012-03-28,141.10000610351562,141.32000732421875,139.63999938964844,140.47000122070312,109.89430236816406,148562100,0.0,0.0
2012-03-29,139.63999938964844,140.49000549316406,139.08999633789062,140.22999572753906,109.7065200805664,164963700,0.0,0.0
2012-03-30,140.9199981689453,141.0500030517578,140.0500030517578,140.80999755859375,110.16026306152344,135486800,0.0,0.0
2012-04-02,140.63999938964844,142.2100067138672,140.36000061035156,141.83999633789062,110.96609497070312,151741100,0.0,0.0
2012-04-03,141.63999938964844,141.8800048828125,140.42999267578125,141.25999450683594,110.51228332519533,155806700,0.0,0.0
2012-04-04,140.22000122070312,140.33999633789062,139.33999633789062,139.86000061035156,109.41707611083984,146896000,0.0,0.0
2012-04-05,139.3800048828125,140.1999969482422,139.25999450683594,139.7899932861328,109.36231231689452,137439400,0.0,0.0
2012-04-09,138.02999877929688,139.83999633789062,137.83999633789062,138.22000122070312,108.13401794433594,127555900,0.0,0.0
2012-04-10,137.9499969482422,138.33999633789062,135.75999450683594,135.89999389648438,106.31902313232422,235360300,0.0,0.0
2012-04-11,137.2899932861328,137.5399932861328,136.75,137.0,107.17958068847656,154133000,0.0,0.0
2012-04-12,137.1300048828125,138.89999389648438,137.02999877929688,138.7899932861328,108.57994842529295,154321500,0.0,0.0
2012-04-13,138.47000122070312,138.82000732421875,137.00999450683594,137.13999938964844,107.28910064697266,169246700,0.0,0.0
2012-04-16,137.83999633789062,138.0399932861328,136.5800018310547,137.0500030517578,107.21871185302734,147825300,0.0,0.0
2012-04-17,137.83999633789062,139.36000061035156,137.6999969482422,139.0800018310547,108.806884765625,147877600,0.0,0.0
2012-04-18,138.4600067138672,139.0800018310547,138.3800048828125,138.61000061035156,108.43911743164062,123884200,0.0,0.0
2012-04-19,138.6300048828125,139.14999389648438,137.07000732421875,137.72000122070312,107.74284362792967,198666700,0.0,0.0
2012-04-20,138.3300018310547,138.8300018310547,137.8699951171875,137.9499969482422,107.92279815673828,143199600,0.0,0.0
2012-04-23,136.5399932861328,136.91000366210938,135.94000244140625,136.7899932861328,107.01530456542967,171844900,0.0,0.0
2012-04-24,136.91000366210938,137.66000366210938,136.8000030517578,137.30999755859375,107.42210388183594,137484200,0.0,0.0
2012-04-25,138.64999389648438,139.25,138.52999877929688,139.19000244140625,108.89289093017578,150252200,0.0,0.0
2012-04-26,138.88999938964844,140.32000732421875,138.80999755859375,140.16000366210938,109.6517562866211,136291600,0.0,0.0
2012-04-27,140.5800018310547,140.7899932861328,139.8000030517578,140.38999938964844,109.83174896240234,130725000,0.0,0.0
2012-04-30,140.11000061035156,140.2100067138672,139.49000549316406,139.8699951171875,109.42488861083984,115092200,0.0,0.0
2012-05-01,139.7899932861328,141.66000366210938,139.6300048828125,140.74000549316406,110.10553741455078,138832200,0.0,0.0
2012-05-02,139.9199981689453,140.4600067138672,139.4600067138672,140.32000732421875,109.77693939208984,121081000,0.0,0.0
2012-05-03,140.33999633789062,140.4499969482422,138.99000549316406,139.25,108.93982696533205,143759700,0.0,0.0
2012-05-04,138.52000427246094,139.3000030517578,136.9199981689453,137.0,107.17958068847656,193927300,0.0,0.0
2012-05-07,136.50999450683594,137.55999755859375,136.4600067138672,137.10000610351562,107.2578353881836,127765900,0.0,0.0
2012-05-08,136.27999877929688,136.77000427246094,134.9199981689453,136.5500030517578,106.8275375366211,213377700,0.0,0.0
2012-05-09,135.10000610351562,136.61000061035156,134.49000549316406,135.74000549316406,106.19384002685548,220752500,0.0,0.0
2012-05-10,136.67999267578125,136.85000610351562,135.7100067138672,136.02000427246094,106.41290283203124,150600000,0.0,0.0
2012-05-11,135.1699981689453,136.8699951171875,135.11000061035156,135.61000061035156,106.09214782714844,153032400,0.0,0.0
2012-05-14,134.30999755859375,135.61000061035156,133.91000366210938,134.11000061035156,104.91864776611328,163910000,0.0,0.0
2012-05-15,134.02000427246094,134.80999755859375,133.1300048828125,133.33999633789062,104.31624603271484,207629300,0.0,0.0
2012-05-16,133.94000244140625,134.5500030517578,132.8000030517578,132.8300018310547,103.91725158691406,207265500,0.0,0.0
2012-05-17,132.86000061035156,133.02000427246094,130.7899932861328,130.86000061035156,102.37606811523438,247992900,0.0,0.0
2012-05-18,131.3699951171875,131.60000610351562,129.5500030517578,129.74000549316406,101.49986267089844,319615900,0.0,0.0
2012-05-21,130.16000366210938,132.02000427246094,129.9499969482422,131.97000122070312,103.24445343017578,177861100,0.0,0.0
2012-05-22,132.30999755859375,133.22999572753906,131.33999633789062,132.1999969482422,103.42436981201172,197531200,0.0,0.0
2012-05-23,131.25,132.4600067138672,129.99000549316406,132.27000427246094,103.47917175292967,204958400,0.0,0.0
2012-05-24,132.6300048828125,132.83999633789062,131.4199981689453,132.52999877929688,103.6825714111328,167357600,0.0,0.0
2012-05-25,132.47999572753906,132.85000610351562,131.77999877929688,132.10000610351562,103.34618377685548,135465600,0.0,0.0
2012-05-29,133.16000366210938,133.92999267578125,131.1699981689453,133.6999969482422,104.59793090820312,152883500,0.0,0.0
2012-05-30,132.55999755859375,133.69000244140625,131.49000549316406,131.75999450683594,103.08015441894533,162370400,0.0,0.0
2012-05-31,131.7100067138672,132.4499969482422,130.33999633789062,131.47000122070312,102.85327911376952,196186000,0.0,0.0
2012-06-01,129.41000366210938,131.5,128.16000366210938,128.16000366210938,100.26377868652344,253240900,0.0,0.0
2012-06-04,128.38999938964844,128.74000549316406,127.13999938964844,128.10000610351562,100.21685028076172,202545800,0.0,0.0
2012-06-05,127.8499984741211,129.25999450683594,127.77999877929688,129.07000732421875,100.97567749023438,164149400,0.0,0.0
2012-06-06,129.97000122070312,132.02999877929688,129.92999267578125,131.97000122070312,103.24445343017578,184202800,0.0,0.0
2012-06-07,133.47000122070312,133.52999877929688,131.77999877929688,132.0500030517578,103.30704498291016,184772700,0.0,0.0
2012-06-08,131.7100067138672,133.1300048828125,131.2899932861328,133.10000610351562,104.12850952148438,143915400,0.0,0.0
2012-06-11,134.1699981689453,134.25,131.27999877929688,131.41000366210938,102.80634307861328,169756100,0.0,0.0
2012-06-12,131.7899932861328,133.00999450683594,131.16000366210938,132.9199981689453,103.9876480102539,181931800,0.0,0.0
2012-06-13,132.52999877929688,133.36000061035156,131.6199951171875,132.07000732421875,103.32267761230467,172223900,0.0,0.0
2012-06-14,132.33999633789062,134.0,131.97999572753906,133.47000122070312,104.41796875,230615500,0.0,0.0
2012-06-15,133.3800048828125,134.25999450683594,133.10000610351562,134.13999938964844,105.4858627319336,169444500,0.688,0.0
2012-06-18,133.5800018310547,134.72999572753906,133.27999877929688,134.39999389648438,105.69031524658205,131360900,0.0,0.0
2012-06-19,135.0800018310547,136.25,134.3699951171875,135.6999969482422,106.71261596679688,137382600,0.0,0.0
2012-06-20,135.7100067138672,136.10000610351562,134.27000427246094,135.47999572753906,106.5395965576172,206451800,0.0,0.0
2012-06-21,135.63999938964844,135.77999877929688,132.3300018310547,132.44000244140625,104.14901733398438,205272200,0.0,0.0
2012-06-22,133.1300048828125,133.7100067138672,132.6199951171875,133.4600067138672,104.951171875,130029200,0.0,0.0
2012-06-25,132.0500030517578,132.10000610351562,130.85000610351562,131.32000732421875,103.26827239990234,146375700,0.0,0.0
2012-06-26,131.6999969482422,132.3800048828125,130.92999267578125,131.97999572753906,103.78728485107422,141634000,0.0,0.0
2012-06-27,132.4199981689453,133.42999267578125,131.97000122070312,133.1699981689453,104.72308349609376,108088000,0.0,0.0
2012-06-28,132.2899932861328,132.99000549316406,131.27999877929688,132.7899932861328,104.42424774169922,169242100,0.0,0.0
2012-06-29,135.1999969482422,136.27000427246094,134.85000610351562,136.10000610351562,107.02721405029295,212250900,0.0,0.0
2012-07-02,136.47999572753906,136.64999389648438,135.52000427246094,136.50999450683594,107.34959411621094,129524500,0.0,0.0
2012-07-03,136.47999572753906,137.50999450683594,136.33999633789062,137.41000366210938,108.05740356445312,80450000,0.0,0.0
2012-07-05,136.89999389648438,137.8000030517578,136.2899932861328,136.7899932861328,107.56978607177734,126177500,0.0,0.0
2012-07-06,135.47000122070312,135.77000427246094,134.85000610351562,135.49000549316406,106.54752349853516,151192100,0.0,0.0
2012-07-09,135.3800048828125,135.57000732421875,134.6999969482422,135.32000732421875,106.41380310058594,103780500,0.0,0.0
2012-07-10,136.00999450683594,136.22999572753906,133.67999267578125,134.13999938964844,105.4858627319336,167884800,0.0,0.0
2012-07-11,134.2100067138672,134.60000610351562,133.3800048828125,134.16000366210938,105.5016098022461,141733400,0.0,0.0
2012-07-12,133.3800048828125,134.22999572753906,132.60000610351562,133.50999450683594,104.99042510986328,143583200,0.0,0.0
2012-07-13,133.86000061035156,135.88999938964844,133.83999633789062,135.75,106.75192260742188,129642600,0.0,0.0
2012-07-16,135.44000244140625,135.8300018310547,134.89999389648438,135.42999267578125,106.50032043457033,97525200,0.0,0.0
2012-07-17,135.97000122070312,136.63999938964844,134.5500030517578,136.36000061035156,107.23165130615234,138860300,0.0,0.0
2012-07-18,136.0399932861328,137.63999938964844,135.9600067138672,137.3699951171875,108.02590942382812,113349700,0.0,0.0
2012-07-19,137.64999389648438,138.17999267578125,137.2100067138672,137.72999572753906,108.30896759033205,129847300,0.0,0.0
2012-07-20,136.9499969482422,137.16000366210938,136.32000732421875,136.47000122070312,107.31814575195312,142904500,0.0,0.0
2012-07-23,134.47000122070312,136.3800048828125,133.83999633789062,135.08999633789062,106.23292541503906,145210900,0.0,0.0
2012-07-24,135.19000244140625,135.25,133.02999877929688,133.92999267578125,105.32074737548828,173301200,0.0,0.0
2012-07-25,134.2100067138672,134.55999755859375,133.25,133.9600067138672,105.34434509277344,129122300,0.0,0.0
2012-07-26,135.88999938964844,136.4600067138672,135.25999450683594,136.1699981689453,107.08224487304688,156526500,0.0,0.0
2012-07-27,136.88999938964844,139.07000732421875,136.13999938964844,138.67999267578125,109.05603790283205,236768900,0.0,0.0
2012-07-30,138.52000427246094,139.33999633789062,138.27000427246094,138.67999267578125,109.05603790283205,106782000,0.0,0.0
2012-07-31,138.49000549316406,138.8699951171875,137.7100067138672,137.7100067138672,108.29327392578124,120575900,0.0,0.0
2012-08-01,138.6999969482422,138.72999572753906,137.39999389648438,137.58999633789062,108.19886016845705,138293800,0.0,0.0
2012-08-02,136.5500030517578,137.57000732421875,135.5800018310547,136.63999938964844,107.45182037353516,199556600,0.0,0.0
2012-08-03,138.55999755859375,139.63999938964844,136.67999267578125,139.35000610351562,109.58293151855467,157825000,0.0,0.0
2012-08-06,139.72000122070312,140.1699981689453,139.55999755859375,139.6199951171875,109.79524993896484,86326200,0.0,0.0
2012-08-07,140.17999267578125,140.9199981689453,140.02999877929688,140.32000732421875,110.34574127197266,109545100,0.0,0.0
2012-08-08,139.85000610351562,140.64999389648438,139.80999755859375,140.49000549316406,110.47943878173828,89754700,0.0,0.0
2012-08-09,140.2899932861328,140.88999938964844,140.14999389648438,140.61000061035156,110.5737762451172,90291700,0.0,0.0
2012-08-10,140.0399932861328,140.88999938964844,139.80999755859375,140.83999633789062,110.7546615600586,99792700,0.0,0.0
2012-08-13,140.60000610351562,140.83999633789062,140.0399932861328,140.77000427246094,110.69960021972656,79426900,0.0,0.0
2012-08-14,141.2899932861328,141.3800048828125,140.3699951171875,140.7899932861328,110.71532440185548,102379400,0.0,0.0
2012-08-15,140.63999938964844,141.19000244140625,140.5500030517578,140.9499969482422,110.84112548828124,71085900,0.0,0.0
2012-08-16,141.14999389648438,142.16000366210938,140.8000030517578,141.99000549316406,111.6589813232422,112014200,0.0,0.0
2012-08-17,142.22999572753906,142.3000030517578,141.86000061035156,142.17999267578125,111.80838775634766,90813700,0.0,0.0
2012-08-20,141.97999572753906,142.22000122070312,141.58999633789062,142.19000244140625,111.8162841796875,78255700,0.0,0.0
2012-08-21,142.5399932861328,143.08999633789062,141.4499969482422,141.75999450683594,111.47811126708984,105581100,0.0,0.0
2012-08-22,141.39999389648438,142.0500030517578,141.07000732421875,141.82000732421875,111.5253448486328,133243500,0.0,0.0
2012-08-23,141.47000122070312,141.47999572753906,140.44000244140625,140.66000366210938,110.61309814453124,111466400,0.0,0.0
2012-08-24,140.30999755859375,141.8300018310547,140.22000122070312,141.50999450683594,111.28152465820312,99481200,0.0,0.0
2012-08-27,141.88999938964844,142.0800018310547,141.33999633789062,141.5399932861328,111.30510711669922,68785900,0.0,0.0
2012-08-28,141.17999267578125,141.83999633789062,140.97000122070312,141.39999389648438,111.19503021240234,75689600,0.0,0.0
2012-08-29,141.52000427246094,141.88999938964844,141.1199951171875,141.50999450683594,111.28152465820312,65421300,0.0,0.0
2012-08-30,140.89999389648438,140.94000244140625,140.19000244140625,140.49000549316406,110.47943878173828,96589900,0.0,0.0
2012-08-31,141.2899932861328,141.82000732421875,140.36000061035156,141.16000366210938,111.0063247680664,151970400,0.0,0.0
2012-09-04,141.0399932861328,141.4600067138672,140.1300048828125,141.02999877929688,110.9040985107422,120226200,0.0,0.0
2012-09-05,141.08999633789062,141.47000122070312,140.6300048828125,140.91000366210938,110.8096923828125,100660300,0.0,0.0
2012-09-06,141.75999450683594,143.77999877929688,141.75,143.77000427246094,113.05876159667967,158272500,0.0,0.0
2012-09-07,144.00999450683594,144.38999938964844,143.8800048828125,144.3300018310547,113.49916076660156,107272100,0.0,0.0
2012-09-10,144.19000244140625,144.44000244140625,143.4600067138672,143.50999450683594,112.85433959960938,86458500,0.0,0.0
2012-09-11,143.60000610351562,144.3699951171875,143.55999755859375,143.91000366210938,113.16888427734376,88760000,0.0,0.0
2012-09-12,144.38999938964844,144.5500030517578,143.89999389648438,144.38999938964844,113.5463409423828,87640900,0.0,0.0
2012-09-13,144.3699951171875,147.0399932861328,143.99000549316406,146.58999633789062,115.27635955810548,225470200,0.0,0.0
2012-09-14,146.8800048828125,148.11000061035156,146.75999450683594,147.24000549316406,115.7875747680664,169777000,0.0,0.0
2012-09-17,146.94000244140625,147.19000244140625,146.3699951171875,146.74000549316406,115.39434051513672,119427800,0.0,0.0
2012-09-18,146.49000549316406,146.80999755859375,146.25,146.6199951171875,115.29996490478516,98326600,0.0,0.0
2012-09-19,146.7899932861328,147.1699981689453,146.41000366210938,146.6999969482422,115.36288452148438,128318300,0.0,0.0
2012-09-20,146.02999877929688,146.7899932861328,145.6300048828125,146.7100067138672,115.37073516845705,154009800,0.0,0.0
2012-09-21,146.63999938964844,146.6699981689453,145.80999755859375,145.8699951171875,115.32249450683594,108737500,0.779,0.0
2012-09-24,145.14999389648438,145.97999572753906,145.0399932861328,145.64999389648438,115.1485824584961,95682000,0.0,0.0
2012-09-25,145.9600067138672,146.24000549316406,144.05999755859375,144.10000610351562,113.92322540283205,133165200,0.0,0.0
2012-09-26,144.07000732421875,144.11000061035156,142.9499969482422,143.2899932861328,113.2828369140625,146502200,0.0,0.0
2012-09-27,143.88999938964844,144.97000122070312,143.50999450683594,144.63999938964844,114.35010528564452,111830300,0.0,0.0
2012-09-28,144.08999633789062,144.55999755859375,143.4600067138672,143.97000122070312,113.8204116821289,150696100,0.0,0.0
2012-10-01,144.52000427246094,145.69000244140625,144.00999450683594,144.35000610351562,114.12085723876952,135911200,0.0,0.0
2012-10-02,144.9199981689453,145.14999389648438,143.8300018310547,144.5,114.23941040039062,113422200,0.0,0.0
2012-10-03,144.88999938964844,145.42999267578125,144.1300048828125,145.08999633789062,114.70586395263672,121283100,0.0,0.0
2012-10-04,145.63999938964844,146.33999633789062,145.44000244140625,146.1300048828125,115.52806854248048,124311600,0.0,0.0
2012-10-05,146.91000366210938,147.16000366210938,145.6999969482422,146.13999938964844,115.53595733642578,124842100,0.0,0.0
2012-10-08,145.60000610351562,146.1199951171875,145.30999755859375,145.63999938964844,115.14069366455078,78415400,0.0,0.0
2012-10-09,145.52999877929688,145.64999389648438,144.14999389648438,144.1999969482422,114.0022430419922,148872900,0.0,0.0
2012-10-10,144.17999267578125,144.32000732421875,143.08999633789062,143.27999877929688,113.27491760253906,124247500,0.0,0.0
2012-10-11,144.27999877929688,144.49000549316406,143.3300018310547,143.36000061035156,113.33817291259766,123601500,0.0,0.0
2012-10-12,143.4600067138672,143.9499969482422,142.5800018310547,142.88999938964844,112.96656036376952,124181900,0.0,0.0
2012-10-15,143.22999572753906,144.22999572753906,142.77000427246094,144.0800018310547,113.90739440917967,107689100,0.0,0.0
2012-10-16,144.75999450683594,145.63999938964844,144.66000366210938,145.5399932861328,115.06159973144533,108815500,0.0,0.0
2012-10-17,145.63999938964844,146.32000732421875,145.4199981689453,146.1999969482422,115.58341217041016,128834100,0.0,0.0
2012-10-18,145.82000732421875,146.52000427246094,145.3300018310547,145.82000732421875,115.28301239013672,148108500,0.0,0.0
2012-10-19,145.5500030517578,145.55999755859375,143.0500030517578,143.38999938964844,113.36192321777344,185645200,0.0,0.0
2012-10-22,143.14999389648438,143.6699981689453,142.27999877929688,143.41000366210938,113.3777084350586,125578600,0.0,0.0
2012-10-23,141.86000061035156,142.05999755859375,140.8300018310547,141.4199981689453,111.80442810058594,192056300,0.0,0.0
2012-10-24,141.92999267578125,142.10000610351562,140.8000030517578,141.02000427246094,111.48820495605467,120179400,0.0,0.0
2012-10-25,142.02000427246094,142.27999877929688,140.57000732421875,141.42999267578125,111.8123550415039,134457400,0.0,0.0
2012-10-26,141.3000030517578,141.83999633789062,140.38999938964844,141.35000610351562,111.7490692138672,146023500,0.0,0.0
2012-10-31,141.85000610351562,142.02999877929688,140.67999267578125,141.35000610351562,111.7490692138672,103438500,0.0,0.0
2012-11-01,141.64999389648438,143.00999450683594,141.52000427246094,142.8300018310547,112.91913604736328,100995600,0.0,0.0
2012-11-02,143.67999267578125,143.72000122070312,141.41000366210938,141.55999755859375,111.91512298583984,137702200,0.0,0.0
2012-11-05,141.35000610351562,142.1699981689453,140.92999267578125,141.85000610351562,112.14437103271484,98378500,0.0,0.0
2012-11-06,142.27999877929688,143.52000427246094,142.1300048828125,142.9600067138672,113.0219497680664,107068100,0.0,0.0
2012-11-07,141.66000366210938,141.67999267578125,139.05999755859375,139.72000122070312,110.46044158935548,264304500,0.0,0.0
2012-11-08,139.6999969482422,140.41000366210938,137.92999267578125,138.0399932861328,109.13224792480467,181517300,0.0,0.0
2012-11-09,137.6199951171875,139.44000244140625,137.5500030517578,138.16000366210938,109.2270965576172,201055300,0.0,0.0
2012-11-12,138.58999633789062,138.80999755859375,137.9600067138672,138.27000427246094,109.31410217285156,97677500,0.0,0.0
2012-11-13,137.5399932861328,139.25,137.36000061035156,137.7899932861328,108.93460845947266,123018300,0.0,0.0
2012-11-14,138.2100067138672,138.42999267578125,135.6199951171875,135.92999267578125,107.46412658691406,191505000,0.0,0.0
2012-11-15,135.97999572753906,136.49000549316406,135.17999267578125,135.6999969482422,107.28229522705078,178128400,0.0,0.0
2012-11-16,135.89999389648438,136.63999938964844,134.6999969482422,136.3699951171875,107.81200408935548,239483900,0.0,0.0
2012-11-19,137.89999389648438,139.14999389648438,136.41000366210938,139.1300048828125,109.99398040771484,151495800,0.0,0.0
2012-11-20,138.91000366210938,139.4199981689453,138.0800018310547,139.19000244140625,110.0414047241211,119807400,0.0,0.0
2012-11-21,139.30999755859375,139.57000732421875,139.02999877929688,139.4499969482422,110.24699401855467,81710800,0.0,0.0
2012-11-23,140.1300048828125,141.39999389648438,140.0399932861328,141.35000610351562,111.7490692138672,65409200,0.0,0.0
2012-11-26,140.64999389648438,141.36000061035156,140.19000244140625,141.0500030517578,111.51192474365234,100124400,0.0,0.0
2012-11-27,140.91000366210938,141.38999938964844,140.24000549316406,140.3300018310547,110.94273376464844,128646200,0.0,0.0
2012-11-28,139.75999450683594,141.5399932861328,139.0,141.4600067138672,111.83605194091795,177086500,0.0,0.0
2012-11-29,141.99000549316406,142.50999450683594,141.3699951171875,142.1199951171875,112.35785675048828,151085900,0.0,0.0
2012-11-30,142.13999938964844,142.4199981689453,141.66000366210938,142.14999389648438,112.38155364990234,136568300,0.0,0.0
2012-12-03,142.8000030517578,142.9199981689453,141.33999633789062,141.4499969482422,111.82816314697266,124656300,0.0,0.0
2012-12-04,141.44000244140625,141.8699951171875,140.8699951171875,141.25,111.67002868652344,127512200,0.0,0.0
2012-12-05,141.3699951171875,142.16000366210938,140.3699951171875,141.5,111.86769104003906,147300500,0.0,0.0
2012-12-06,141.3699951171875,142.0399932861328,141.16000366210938,141.97999572753906,112.24715423583984,103220600,0.0,0.0
2012-12-07,142.52999877929688,142.69000244140625,141.6699981689453,142.41000366210938,112.58710479736328,108726400,0.0,0.0
2012-12-10,142.2100067138672,142.80999755859375,142.14999389648438,142.47000122070312,112.63455200195312,98840700,0.0,0.0
2012-12-11,143.05999755859375,144.11000061035156,142.99000549316406,143.44000244140625,113.40142059326172,152570400,0.0,0.0
2012-12-12,144.0,144.5500030517578,143.30999755859375,143.50999450683594,113.45675659179688,145880100,0.0,0.0
2012-12-13,143.4199981689453,143.8300018310547,142.27000427246094,142.6300048828125,112.76105499267578,135715000,0.0,0.0
2012-12-14,142.32000732421875,142.5800018310547,141.8800048828125,142.10000610351562,112.3420181274414,137701700,0.0,0.0
2012-12-17,142.47000122070312,143.85000610351562,142.42999267578125,143.77000427246094,113.66228485107422,143238200,0.0,0.0
2012-12-18,144.0,145.5,143.7899932861328,145.3699951171875,114.92724609375,177762800,0.0,0.0
2012-12-19,145.52999877929688,145.5800018310547,144.24000549316406,144.2899932861328,114.07340240478516,150895400,0.0,0.0
2012-12-20,144.3800048828125,145.13999938964844,143.97999572753906,145.1199951171875,114.72959899902344,168487000,0.0,0.0
2012-12-21,142.1699981689453,144.08999633789062,141.94000244140625,142.7899932861328,113.68816375732422,245883800,1.022,0.0
2012-12-24,142.47999572753906,142.55999755859375,142.19000244140625,142.35000610351562,113.33780670166016,53874600,0.0,0.0
2012-12-26,142.63999938964844,142.7100067138672,141.35000610351562,141.75,112.86013793945312,106947700,0.0,0.0
2012-12-27,141.7899932861328,142.0800018310547,139.9199981689453,141.55999755859375,112.70889282226562,167920600,0.0,0.0
2012-12-28,140.63999938964844,141.4199981689453,139.8699951171875,140.02999877929688,111.4906768798828,148806700,0.0,0.0
2012-12-31,139.66000366210938,142.55999755859375,139.5399932861328,142.41000366210938,113.38562774658205,243935200,0.0,0.0
2013-01-02,145.11000061035156,146.14999389648438,144.72999572753906,146.05999755859375,116.29175567626952,192059000,0.0,0.0
2013-01-03,145.99000549316406,146.3699951171875,145.33999633789062,145.72999572753906,116.02899169921876,144761800,0.0,0.0
2013-01-04,145.97000122070312,146.61000061035156,145.6699981689453,146.3699951171875,116.53857421875,116817700,0.0,0.0
2013-01-07,145.85000610351562,146.11000061035156,145.42999267578125,145.97000122070312,116.2200698852539,110002500,0.0,0.0
2013-01-08,145.7100067138672,145.91000366210938,144.97999572753906,145.5500030517578,115.8856201171875,121265100,0.0,0.0
2013-01-09,145.8699951171875,146.32000732421875,145.63999938964844,145.9199981689453,116.1802215576172,90745600,0.0,0.0
2013-01-10,146.72999572753906,147.08999633789062,145.97000122070312,147.0800018310547,117.10383605957033,130735400,0.0,0.0
2013-01-11,147.0399932861328,147.14999389648438,146.61000061035156,147.07000732421875,117.0959014892578,113917300,0.0,0.0
2013-01-14,146.88999938964844,147.07000732421875,146.42999267578125,146.97000122070312,117.01624298095705,89567200,0.0,0.0
2013-01-15,146.2899932861328,147.2100067138672,146.1999969482422,147.07000732421875,117.0959014892578,93172600,0.0,0.0
2013-01-16,146.77000427246094,147.27999877929688,146.61000061035156,147.0500030517578,117.07994842529295,104849500,0.0,0.0
2013-01-17,147.6999969482422,148.4199981689453,147.14999389648438,148.0,117.8363037109375,133833500,0.0,0.0
2013-01-18,147.97000122070312,148.49000549316406,147.42999267578125,148.3300018310547,118.0990753173828,169906000,0.0,0.0
2013-01-22,148.3300018310547,149.1300048828125,147.97999572753906,149.1300048828125,118.73600006103516,111797300,0.0,0.0
2013-01-23,149.1300048828125,149.5,148.86000061035156,149.3699951171875,118.92713165283205,104596100,0.0,0.0
2013-01-24,149.14999389648438,150.13999938964844,149.00999450683594,149.41000366210938,118.95896911621094,146426400,0.0,0.0
2013-01-25,149.8800048828125,150.25,149.3699951171875,150.25,119.62782287597656,147211600,0.0,0.0
2013-01-28,150.2899932861328,150.3300018310547,149.50999450683594,150.07000732421875,119.48442840576172,113357700,0.0,0.0
2013-01-29,149.77000427246094,150.85000610351562,149.6699981689453,150.66000366210938,119.95420837402344,105694400,0.0,0.0
2013-01-30,150.63999938964844,150.94000244140625,149.92999267578125,150.07000732421875,119.48442840576172,137447700,0.0,0.0
2013-01-31,149.88999938964844,150.3800048828125,149.60000610351562,149.6999969482422,119.18985748291016,108975800,0.0,0.0
2013-02-01,150.64999389648438,151.4199981689453,150.38999938964844,151.24000549316406,120.4159927368164,131173000,0.0,0.0
2013-02-04,150.32000732421875,151.27000427246094,149.42999267578125,149.5399932861328,119.06244659423828,159073600,0.0,0.0
2013-02-05,150.35000610351562,151.47999572753906,150.2899932861328,151.0500030517578,120.26471710205078,113912400,0.0,0.0
2013-02-06,150.52000427246094,151.25999450683594,150.41000366210938,151.16000366210938,120.35225677490234,138762800,0.0,0.0
2013-02-07,151.2100067138672,151.35000610351562,149.86000061035156,150.9600067138672,120.19309997558594,162490000,0.0,0.0
2013-02-08,151.22000122070312,151.88999938964844,151.22000122070312,151.8000030517578,120.86184692382812,103133700,0.0,0.0
2013-02-11,151.74000549316406,151.89999389648438,151.38999938964844,151.77000427246094,120.83794403076172,73775000,0.0,0.0
2013-02-12,151.77999877929688,152.3000030517578,151.61000061035156,152.02000427246094,121.0369873046875,65392700,0.0,0.0
2013-02-13,152.3300018310547,152.61000061035156,151.72000122070312,152.14999389648438,121.14057159423828,82322600,0.0,0.0
2013-02-14,151.69000244140625,152.47000122070312,151.52000427246094,152.2899932861328,121.2519760131836,80834300,0.0,0.0
2013-02-15,152.42999267578125,152.58999633789062,151.5500030517578,152.11000061035156,121.10869598388672,215226500,0.0,0.0
2013-02-19,152.3699951171875,153.27999877929688,152.16000366210938,153.25,122.01628875732422,95105400,0.0,0.0
2013-02-20,153.13999938964844,153.19000244140625,151.25999450683594,151.33999633789062,120.49563598632812,160574800,0.0,0.0
2013-02-21,150.9600067138672,151.4199981689453,149.94000244140625,150.4199981689453,119.7630844116211,183257000,0.0,0.0
2013-02-22,151.14999389648438,151.88999938964844,150.49000549316406,151.88999938964844,120.93355560302734,106356600,0.0,0.0
2013-02-25,152.6300048828125,152.86000061035156,149.0,149.0,118.63250732421876,245824800,0.0,0.0
2013-02-26,149.72000122070312,150.1999969482422,148.72999572753906,150.02000427246094,119.44466400146484,186596200,0.0,0.0
2013-02-27,149.88999938964844,152.3300018310547,149.75999450683594,151.91000366210938,120.94939422607422,150781900,0.0,0.0
2013-02-28,151.89999389648438,152.8699951171875,151.41000366210938,151.61000061035156,120.7105484008789,126866000,0.0,0.0
2013-03-01,151.08999633789062,152.33999633789062,150.41000366210938,152.11000061035156,121.10869598388672,170634800,0.0,0.0
2013-03-04,151.75999450683594,152.9199981689453,151.52000427246094,152.9199981689453,121.75358581542967,99010200,0.0,0.0
2013-03-05,153.66000366210938,154.6999969482422,153.63999938964844,154.2899932861328,122.8443832397461,121431900,0.0,0.0
2013-03-06,154.83999633789062,154.9199981689453,154.16000366210938,154.5,123.0115737915039,94469900,0.0,0.0
2013-03-07,154.6999969482422,154.97999572753906,154.52000427246094,154.77999877929688,123.2344741821289,86101400,0.0,0.0
2013-03-08,155.4600067138672,155.64999389648438,154.66000366210938,155.44000244140625,123.76002502441406,123477800,0.0,0.0
2013-03-11,155.32000732421875,156.0399932861328,155.1300048828125,156.02999877929688,124.2297821044922,83746800,0.0,0.0
2013-03-12,155.9199981689453,156.10000610351562,155.2100067138672,155.67999267578125,123.9510726928711,105755800,0.0,0.0
2013-03-13,155.75999450683594,156.1199951171875,155.22999572753906,155.89999389648438,124.12625122070312,92550900,0.0,0.0
2013-03-14,156.30999755859375,156.8000030517578,155.91000366210938,156.72999572753906,124.78705596923828,126329900,0.0,0.0
2013-03-15,155.85000610351562,156.0399932861328,155.30999755859375,155.8300018310547,124.62235260009766,138601100,0.694,0.0
2013-03-18,154.33999633789062,155.63999938964844,154.1999969482422,154.97000122070312,123.9345703125,126704300,0.0,0.0
2013-03-19,155.3000030517578,155.50999450683594,153.58999633789062,154.61000061035156,123.64665222167967,167567300,0.0,0.0
2013-03-20,155.52000427246094,155.9499969482422,155.25999450683594,155.69000244140625,124.51030731201172,113759300,0.0,0.0
2013-03-21,154.75999450683594,155.63999938964844,154.10000610351562,154.36000061035156,123.44676971435548,128605000,0.0,0.0
2013-03-22,154.85000610351562,155.60000610351562,154.72999572753906,155.60000610351562,124.43840789794922,111163600,0.0,0.0
2013-03-25,156.00999450683594,156.27000427246094,154.35000610351562,154.9499969482422,123.91856384277344,151322300,0.0,0.0
2013-03-26,155.58999633789062,156.22999572753906,155.4199981689453,156.19000244140625,124.91026306152344,86856600,0.0,0.0
2013-03-27,155.25999450683594,156.24000549316406,155.0,156.19000244140625,124.91026306152344,99950600,0.0,0.0
2013-03-28,156.08999633789062,156.85000610351562,155.75,156.6699981689453,125.29409790039062,102932800,0.0,0.0
2013-04-01,156.58999633789062,156.91000366210938,155.6699981689453,156.0500030517578,124.79830932617188,99194100,0.0,0.0
2013-04-02,156.61000061035156,157.2100067138672,156.3699951171875,156.82000732421875,125.4140853881836,101504300,0.0,0.0
2013-04-03,156.91000366210938,157.02999877929688,154.82000732421875,155.22999572753906,124.14246368408205,154167400,0.0,0.0
2013-04-04,155.42999267578125,156.1699981689453,155.08999633789062,155.86000061035156,124.64633178710938,131885000,0.0,0.0
2013-04-05,153.9499969482422,155.35000610351562,153.77000427246094,155.16000366210938,124.08651733398438,159666000,0.0,0.0
2013-04-08,155.27000427246094,156.22000122070312,154.75,156.2100067138672,124.92618560791016,86571200,0.0,0.0
2013-04-09,156.5,157.32000732421875,155.97999572753906,156.75,125.35811614990234,101922200,0.0,0.0
2013-04-10,157.1699981689453,158.8699951171875,157.1300048828125,158.6699981689453,126.8936004638672,135711100,0.0,0.0
2013-04-11,158.6999969482422,159.7100067138672,158.5399932861328,159.19000244140625,127.30945587158205,110142500,0.0,0.0
2013-04-12,158.67999267578125,159.0399932861328,157.9199981689453,158.8000030517578,126.99756622314452,116359900,0.0,0.0
2013-04-15,158.0,158.1300048828125,155.10000610351562,155.1199951171875,124.05451965332033,217259000,0.0,0.0
2013-04-16,156.2899932861328,157.49000549316406,155.91000366210938,157.41000366210938,125.88590240478516,147507800,0.0,0.0
2013-04-17,156.2899932861328,156.32000732421875,154.27999877929688,155.11000061035156,124.04650115966795,226834800,0.0,0.0
2013-04-18,155.3699951171875,155.41000366210938,153.5500030517578,154.13999938964844,123.270751953125,167583200,0.0,0.0
2013-04-19,154.5,155.5500030517578,154.1199951171875,155.47999572753906,124.3424072265625,149687600,0.0,0.0
2013-04-22,155.77999877929688,156.5399932861328,154.75,156.1699981689453,124.89423370361328,106553500,0.0,0.0
2013-04-23,156.9499969482422,157.92999267578125,156.1699981689453,157.77999877929688,126.18180847167967,166141300,0.0,0.0
2013-04-24,157.8300018310547,158.3000030517578,157.5399932861328,157.8800048828125,126.26177978515624,96781200,0.0,0.0
2013-04-25,158.33999633789062,159.27000427246094,158.10000610351562,158.52000427246094,126.77362060546876,131060600,0.0,0.0
2013-04-26,158.3300018310547,158.60000610351562,157.72999572753906,158.24000549316406,126.5496597290039,95918800,0.0,0.0
2013-04-29,158.6699981689453,159.64999389648438,158.4199981689453,159.3000030517578,127.39737701416016,88572800,0.0,0.0
2013-04-30,159.27000427246094,159.72000122070312,158.61000061035156,159.67999267578125,127.70127868652344,116010700,0.0,0.0
2013-05-01,159.3300018310547,159.41000366210938,158.10000610351562,158.27999877929688,126.58167266845705,138874200,0.0,0.0
2013-05-02,158.67999267578125,159.88999938964844,158.52999877929688,159.75,127.7572784423828,96407600,0.0,0.0
2013-05-03,161.13999938964844,161.8800048828125,159.77999877929688,161.3699951171875,129.0528106689453,144202300,0.0,0.0
2013-05-06,161.49000549316406,162.00999450683594,161.4199981689453,161.77999877929688,129.38072204589844,66882100,0.0,0.0
2013-05-07,162.1300048828125,162.64999389648438,161.6699981689453,162.60000610351562,130.0365447998047,90359200,0.0,0.0
2013-05-08,162.4199981689453,163.38999938964844,162.3300018310547,163.33999633789062,130.6283416748047,97419200,0.0,0.0
2013-05-09,163.27000427246094,163.6999969482422,162.47000122070312,162.8800048828125,130.26046752929688,106738600,0.0,0.0
2013-05-10,162.99000549316406,163.5500030517578,162.50999450683594,163.41000366210938,130.68431091308594,103203000,0.0,0.0
2013-05-13,163.1999969482422,163.80999755859375,162.82000732421875,163.5399932861328,130.78826904296875,81843200,0.0,0.0
2013-05-14,163.6699981689453,165.35000610351562,163.6699981689453,165.22999572753906,132.1398162841797,119000900,0.0,0.0
2013-05-15,164.9600067138672,166.4499969482422,164.91000366210938,166.1199951171875,132.8516082763672,120718500,0.0,0.0
2013-05-16,165.77999877929688,166.36000061035156,165.08999633789062,165.33999633789062,132.22776794433594,109913600,0.0,0.0
2013-05-17,165.9499969482422,167.0399932861328,165.72999572753906,166.94000244140625,133.5073699951172,129801000,0.0,0.0
2013-05-20,166.77999877929688,167.5800018310547,166.61000061035156,166.92999267578125,133.4993438720703,85071200,0.0,0.0
2013-05-21,167.0800018310547,167.8000030517578,166.5,167.1699981689453,133.6913299560547,95804200,0.0,0.0
2013-05-22,167.33999633789062,169.07000732421875,165.1699981689453,165.92999267578125,132.69964599609375,244031800,0.0,0.0
2013-05-23,164.16000366210938,165.91000366210938,163.94000244140625,165.4499969482422,132.31576538085938,211064400,0.0,0.0
2013-05-24,164.47000122070312,165.3800048828125,163.97999572753906,165.30999755859375,132.20376586914062,151573900,0.0,0.0
2013-05-28,167.0399932861328,167.77999877929688,165.80999755859375,166.3000030517578,132.99551391601562,143679800,0.0,0.0
2013-05-29,165.4199981689453,165.8000030517578,164.33999633789062,165.22000122070312,132.13182067871094,160363400,0.0,0.0
2013-05-30,165.35000610351562,166.58999633789062,165.22000122070312,165.8300018310547,132.61972045898438,107793800,0.0,0.0
2013-05-31,165.3699951171875,166.30999755859375,163.1300048828125,163.4499969482422,130.71629333496094,176850100,0.0,0.0
2013-06-03,163.8300018310547,164.4600067138672,162.66000366210938,164.35000610351562,131.43605041503906,168390700,0.0,0.0
2013-06-04,164.44000244140625,165.10000610351562,162.72999572753906,163.55999755859375,130.8042449951172,157631500,0.0,0.0
2013-06-05,163.08999633789062,163.4199981689453,161.1300048828125,161.27000427246094,128.97288513183594,211737800,0.0,0.0
2013-06-06,161.1999969482422,162.74000549316406,160.25,162.72999572753906,130.14048767089844,200225500,0.0,0.0
2013-06-07,163.85000610351562,164.9499969482422,163.13999938964844,164.8000030517578,131.7959442138672,188337800,0.0,0.0
2013-06-10,165.30999755859375,165.39999389648438,164.3699951171875,164.8000030517578,131.7959442138672,105667100,0.0,0.0
2013-06-11,163.3000030517578,164.5399932861328,162.74000549316406,163.10000610351562,130.43638610839844,159505400,0.0,0.0
2013-06-12,164.22000122070312,164.38999938964844,161.60000610351562,161.75,129.35675048828125,177361500,0.0,0.0
2013-06-13,161.66000366210938,164.5,161.3000030517578,164.2100067138672,131.32411193847656,163587800,0.0,0.0
2013-06-14,164.02999877929688,164.6699981689453,162.91000366210938,163.17999267578125,130.5003204345703,141197500,0.0,0.0
2013-06-17,164.2899932861328,165.22000122070312,163.22000122070312,164.44000244140625,131.50804138183594,136295600,0.0,0.0
2013-06-18,164.52999877929688,165.99000549316406,164.52000427246094,165.74000549316406,132.5476531982422,114695600,0.0,0.0
2013-06-19,165.60000610351562,165.88999938964844,163.3800048828125,163.4499969482422,130.71629333496094,206149500,0.0,0.0
2013-06-20,161.86000061035156,163.47000122070312,158.97999572753906,159.39999389648438,127.47740936279295,321255900,0.0,0.0
2013-06-21,159.63999938964844,159.75999450683594,157.47000122070312,159.07000732421875,127.88658142089844,271956800,0.839,0.0
2013-06-24,157.41000366210938,158.42999267578125,155.72999572753906,157.05999755859375,126.2706298828125,222329000,0.0,0.0
2013-06-25,158.47999572753906,160.10000610351562,157.4199981689453,158.57000732421875,127.4846420288086,162262200,0.0,0.0
2013-06-26,159.8699951171875,160.5,159.25,160.13999938964844,128.7467803955078,134848000,0.0,0.0
2013-06-27,161.10000610351562,161.82000732421875,160.9499969482422,161.0800018310547,129.50259399414062,129483700,0.0,0.0
2013-06-28,160.6300048828125,161.39999389648438,159.86000061035156,160.4199981689453,128.9719696044922,160402900,0.0,0.0
2013-07-01,161.25999450683594,162.47999572753906,161.0800018310547,161.36000061035156,129.7276611328125,131954800,0.0,0.0
2013-07-02,161.1199951171875,162.3000030517578,160.5,161.2100067138672,129.60707092285156,154863700,0.0,0.0
2013-07-03,160.47999572753906,161.77000427246094,160.22000122070312,161.27999877929688,129.66336059570312,75216400,0.0,0.0
2013-07-05,162.47000122070312,163.0800018310547,161.3000030517578,163.02000427246094,131.062255859375,122416900,0.0,0.0
2013-07-08,163.86000061035156,164.38999938964844,163.0800018310547,163.9499969482422,131.8100128173828,108092500,0.0,0.0
2013-07-09,164.97999572753906,165.3300018310547,164.27000427246094,165.1300048828125,132.75868225097656,119298000,0.0,0.0
2013-07-10,164.97000122070312,165.75,164.6300048828125,165.19000244140625,132.80686950683594,121410100,0.0,0.0
2013-07-11,167.11000061035156,167.61000061035156,165.17999267578125,167.44000244140625,134.61575317382812,135592200,0.0,0.0
2013-07-12,167.38999938964844,167.92999267578125,167.1300048828125,167.50999450683594,134.6720428466797,104212700,0.0,0.0
2013-07-15,167.97000122070312,168.38999938964844,167.67999267578125,168.14999389648438,135.1865692138672,69450600,0.0,0.0
2013-07-16,168.25999450683594,168.36000061035156,167.07000732421875,167.52000427246094,134.6801300048828,88702100,0.0,0.0
2013-07-17,168.16000366210938,168.47999572753906,167.72999572753906,167.9499969482422,135.0258331298828,92873900,0.0,0.0
2013-07-18,168.30999755859375,169.27000427246094,168.1999969482422,168.8699951171875,135.76541137695312,103620100,0.0,0.0
2013-07-19,168.52000427246094,169.22999572753906,168.30999755859375,169.1699981689453,136.00668334960938,103831700,0.0,0.0
2013-07-22,169.41000366210938,169.74000549316406,169.00999450683594,169.5,136.27194213867188,79428600,0.0,0.0
2013-07-23,169.8000030517578,169.8300018310547,169.0500030517578,169.13999938964844,135.98248291015625,80829700,0.0,0.0
2013-07-24,169.7899932861328,169.86000061035156,168.17999267578125,168.52000427246094,135.48406982421875,112914000,0.0,0.0
2013-07-25,168.22000122070312,169.0800018310547,167.94000244140625,168.92999267578125,135.81370544433594,111088600,0.0,0.0
2013-07-26,168.22000122070312,169.16000366210938,167.52000427246094,169.11000061035156,135.95834350585938,107814600,0.0,0.0
2013-07-29,168.67999267578125,169.05999755859375,168.11000061035156,168.58999633789062,135.5403289794922,79695000,0.0,0.0
2013-07-30,169.10000610351562,169.27999877929688,168.19000244140625,168.58999633789062,135.5403289794922,85209600,0.0,0.0
2013-07-31,168.94000244140625,169.85000610351562,168.49000549316406,168.7100067138672,135.63682556152344,142388700,0.0,0.0
2013-08-01,169.99000549316406,170.80999755859375,169.89999389648438,170.66000366210938,137.20458984375,110438400,0.0,0.0
2013-08-02,170.27999877929688,170.97000122070312,170.0500030517578,170.9499969482422,137.43772888183594,91116700,0.0,0.0
2013-08-05,170.57000732421875,170.9600067138672,170.35000610351562,170.6999969482422,137.2367401123047,54072700,0.0,0.0
2013-08-06,170.3699951171875,170.74000549316406,169.35000610351562,169.72999572753906,136.4568328857422,87495000,0.0,0.0
2013-08-07,169.19000244140625,169.42999267578125,168.5500030517578,169.17999267578125,136.0146942138672,84854700,0.0,0.0
2013-08-08,169.97999572753906,170.17999267578125,168.92999267578125,169.8000030517578,136.51315307617188,102181300,0.0,0.0
2013-08-09,169.5800018310547,170.10000610351562,168.72000122070312,169.30999755859375,136.11917114257812,91757700,0.0,0.0
2013-08-12,168.4600067138672,169.30999755859375,168.3800048828125,169.11000061035156,135.95834350585938,68593300,0.0,0.0
2013-08-13,169.41000366210938,169.89999389648438,168.41000366210938,169.61000061035156,136.36036682128906,80806000,0.0,0.0
2013-08-14,169.52999877929688,169.8000030517578,168.6999969482422,168.74000549316406,135.66091918945312,79829200,0.0,0.0
2013-08-15,167.41000366210938,167.42999267578125,166.08999633789062,166.3800048828125,133.7635498046875,152931800,0.0,0.0
2013-08-16,166.05999755859375,166.6300048828125,165.5,165.8300018310547,133.3214569091797,130868200,0.0,0.0
2013-08-19,165.63999938964844,166.2100067138672,164.75999450683594,164.77000427246094,132.46920776367188,96437600,0.0,0.0
2013-08-20,165.0399932861328,166.1999969482422,164.86000061035156,165.5800018310547,133.12039184570312,89294400,0.0,0.0
2013-08-21,165.1199951171875,166.02999877929688,164.19000244140625,164.55999755859375,132.30038452148438,159530500,0.0,0.0
2013-08-22,164.89999389648438,166.3000030517578,164.88999938964844,166.05999755859375,133.5063018798828,101471400,0.0,0.0
2013-08-23,166.5500030517578,166.8300018310547,165.77000427246094,166.6199951171875,133.9564971923828,90888900,0.0,0.0
2013-08-26,166.7899932861328,167.3000030517578,165.88999938964844,166.0,133.45799255371094,89702100,0.0,0.0
2013-08-27,164.36000061035156,166.0,163.2100067138672,163.3300018310547,131.31146240234375,158619400,0.0,0.0
2013-08-28,163.25999450683594,164.49000549316406,163.0500030517578,163.91000366210938,131.77781677246094,108113000,0.0,0.0
2013-08-29,163.5500030517578,165.0399932861328,163.39999389648438,164.1699981689453,131.98681640625,119200500,0.0,0.0
2013-08-30,164.50999450683594,164.52999877929688,163.1699981689453,163.64999389648438,131.56878662109375,134928900,0.0,0.0
2013-09-03,165.22999572753906,165.5800018310547,163.6999969482422,164.38999938964844,132.16371154785156,142375100,0.0,0.0
2013-09-04,164.42999267578125,166.02999877929688,164.1300048828125,165.75,133.25704956054688,97389400,0.0,0.0
2013-09-05,165.85000610351562,166.39999389648438,165.72999572753906,165.9600067138672,133.42596435546875,63090500,0.0,0.0
2013-09-06,166.50999450683594,166.97999572753906,164.47999572753906,166.0399932861328,133.4901580810547,159756500,0.0,0.0
2013-09-09,166.4499969482422,167.72999572753906,166.4499969482422,167.6300048828125,134.7685546875,87559300,0.0,0.0
2013-09-10,168.63999938964844,168.89999389648438,168.25999450683594,168.8699951171875,135.76541137695312,105847200,0.0,0.0
2013-09-11,168.63999938964844,169.39999389648438,168.35000610351562,169.39999389648438,136.19155883789062,94545900,0.0,0.0
2013-09-12,169.33999633789062,169.55999755859375,168.72000122070312,168.9499969482422,135.82980346679688,83209000,0.0,0.0
2013-09-13,169.1300048828125,169.4600067138672,168.74000549316406,169.3300018310547,136.13525390625,72727800,0.0,0.0
2013-09-16,171.16000366210938,171.24000549316406,170.0399932861328,170.30999755859375,136.923095703125,106299200,0.0,0.0
2013-09-17,170.4600067138672,171.11000061035156,170.4600067138672,171.07000732421875,137.53414916992188,82523300,0.0,0.0
2013-09-18,171.00999450683594,173.52000427246094,170.5800018310547,173.0500030517578,139.12600708007812,203460600,0.0,0.0
2013-09-19,173.52000427246094,173.60000610351562,172.58999633789062,172.75999450683594,138.89285278320312,146616900,0.0,0.0
2013-09-20,172.3300018310547,172.3300018310547,170.5800018310547,170.72000122070312,137.92176818847656,132867100,0.838,0.0
2013-09-23,170.49000549316406,170.64999389648438,169.38999938964844,169.92999267578125,137.28350830078125,104616500,0.0,0.0
2013-09-24,169.89999389648438,170.52999877929688,169.2100067138672,169.52999877929688,136.9604034423828,106333100,0.0,0.0
2013-09-25,169.63999938964844,169.97999572753906,168.88999938964844,169.0399932861328,136.56451416015625,117306500,0.0,0.0
2013-09-26,169.32000732421875,170.1699981689453,169.0500030517578,169.69000244140625,137.08966064453125,77146900,0.0,0.0
2013-09-27,168.83999633789062,169.13999938964844,168.47000122070312,168.91000366210938,136.45953369140625,99141800,0.0,0.0
2013-09-30,167.47999572753906,168.5399932861328,167.14999389648438,168.00999450683594,135.73245239257812,143937000,0.0,0.0
2013-10-01,168.13999938964844,169.5,167.97000122070312,169.33999633789062,136.80686950683594,127160000,0.0,0.0
2013-10-02,168.35000610351562,169.33999633789062,167.8300018310547,169.17999267578125,136.6776885986328,113350000,0.0,0.0
2013-10-03,168.7899932861328,168.94000244140625,166.83999633789062,167.6199951171875,135.41738891601562,176698000,0.0,0.0
2013-10-04,167.75,169.05999755859375,167.52999877929688,168.88999938964844,136.44338989257812,96878000,0.0,0.0
2013-10-07,167.4199981689453,168.4499969482422,167.25,167.42999267578125,135.2638397216797,96295000,0.0,0.0
2013-10-08,167.39999389648438,167.6199951171875,165.36000061035156,165.47999572753906,133.68850708007812,178015000,0.0,0.0
2013-10-09,165.8000030517578,166.1999969482422,164.52999877929688,165.60000610351562,133.785400390625,168973000,0.0,0.0
2013-10-10,167.2899932861328,169.25999450683594,167.22999572753906,169.1699981689453,136.66961669921875,195955000,0.0,0.0
2013-10-11,168.91000366210938,170.32000732421875,168.77000427246094,170.25999450683594,137.5501708984375,105040000,0.0,0.0
2013-10-14,169.2100067138672,171.0800018310547,169.0800018310547,170.94000244140625,138.0995635986328,112106000,0.0,0.0
2013-10-15,170.50999450683594,171.14999389648438,169.47000122070312,169.6999969482422,137.09776306152344,155485000,0.0,0.0
2013-10-16,170.72000122070312,172.16000366210938,170.63999938964844,172.07000732421875,139.01248168945312,161676000,0.0,0.0
2013-10-17,171.3699951171875,173.32000732421875,171.33999633789062,173.22000122070312,139.94146728515625,129389000,0.0,0.0
2013-10-18,173.86000061035156,174.50999450683594,173.50999450683594,174.38999938964844,140.88670349121094,138316000,0.0,0.0
2013-10-21,174.4499969482422,174.75,174.00999450683594,174.39999389648438,140.89479064941406,104104000,0.0,0.0
2013-10-22,174.91000366210938,175.92999267578125,174.42999267578125,175.41000366210938,141.71078491210938,126663000,0.0,0.0
2013-10-23,174.80999755859375,174.88999938964844,173.9600067138672,174.57000732421875,141.0321807861328,105484000,0.0,0.0
2013-10-24,174.9199981689453,175.3699951171875,174.50999450683594,175.14999389648438,141.50071716308594,70350000,0.0,0.0
2013-10-25,175.50999450683594,176.0,175.1699981689453,175.9499969482422,142.14703369140625,93625000,0.0,0.0
2013-10-28,175.88999938964844,176.47000122070312,175.6999969482422,176.22999572753906,142.37326049804688,84979000,0.0,0.0
2013-10-29,176.6300048828125,177.24000549316406,176.3800048828125,177.1699981689453,143.13259887695312,87401000,0.0,0.0
2013-10-30,177.3800048828125,177.50999450683594,175.66000366210938,176.2899932861328,142.42172241210938,140002000,0.0,0.0
2013-10-31,176.14999389648438,176.88999938964844,175.52999877929688,175.7899932861328,142.01776123046875,133795000,0.0,0.0
2013-11-01,176.02000427246094,176.61000061035156,175.22000122070312,176.2100067138672,142.3570556640625,142805000,0.0,0.0
2013-11-04,176.69000244140625,176.89999389648438,175.97999572753906,176.8300018310547,142.8579559326172,85677000,0.0,0.0
2013-11-05,176.13999938964844,176.75,175.57000732421875,176.27000427246094,142.40554809570312,85825000,0.0,0.0
2013-11-06,177.02999877929688,177.5,176.5399932861328,177.1699981689453,143.13259887695312,87348000,0.0,0.0
2013-11-07,177.5,177.63999938964844,174.75999450683594,174.92999267578125,141.32298278808594,157000000,0.0,0.0
2013-11-08,174.8699951171875,177.30999755859375,174.85000610351562,177.2899932861328,143.22959899902344,136713000,0.0,0.0
2013-11-11,177.1199951171875,177.52999877929688,176.91000366210938,177.32000732421875,143.2538604736328,62614000,0.0,0.0
2013-11-12,176.94000244140625,177.36000061035156,176.3699951171875,176.9600067138672,142.96292114257812,83990000,0.0,0.0
2013-11-13,176.08999633789062,178.42999267578125,176.08999633789062,178.3800048828125,144.11021423339844,103844000,0.0,0.0
2013-11-14,178.5399932861328,179.4199981689453,178.25,179.27000427246094,144.82919311523438,103435000,0.0,0.0
2013-11-15,179.55999755859375,180.1199951171875,179.3300018310547,180.0500030517578,145.4593505859375,102818000,0.0,0.0
2013-11-18,180.3500061035156,180.5,179.02000427246094,179.4199981689453,144.95037841796875,104796000,0.0,0.0
2013-11-19,179.3300018310547,179.8699951171875,178.72000122070312,179.02999877929688,144.6353302001953,93891000,0.0,0.0
2013-11-20,179.38999938964844,179.92999267578125,177.97999572753906,178.47000122070312,144.182861328125,124909000,0.0,0.0
2013-11-21,178.97000122070312,180.0500030517578,178.86000061035156,179.91000366210938,145.3462677001953,92841000,0.0,0.0
2013-11-22,179.97999572753906,180.8300018310547,179.77000427246094,180.80999755859372,146.0733642578125,81296000,0.0,0.0
2013-11-25,181.1300048828125,181.1699981689453,180.3699951171875,180.6300048828125,145.92788696289062,79486000,0.0,0.0
2013-11-26,180.72000122070312,181.22000122070312,180.41000366210935,180.67999267578125,145.96827697753906,86994000,0.0,0.0
2013-11-27,180.8699951171875,181.2400054931641,180.6499938964844,181.1199951171875,146.32382202148438,58800000,0.0,0.0
2013-11-29,181.32000732421875,181.75,180.8000030517578,181.0,146.22683715820312,55870900,0.0,0.0
2013-12-02,181.08999633789065,181.42999267578125,180.25,180.52999877929688,145.84710693359375,99726000,0.0,0.0
2013-12-03,179.94000244140625,180.38999938964844,179.1699981689453,179.75,145.2169647216797,116563000,0.0,0.0
2013-12-04,179.10000610351562,180.47999572753903,178.35000610351562,179.72999572753906,145.20079040527344,123033000,0.0,0.0
2013-12-05,179.41000366210938,179.74000549316406,178.77000427246094,178.94000244140625,144.56259155273438,106934000,0.0,0.0
2013-12-06,180.6699981689453,181.1100006103516,180.1499938964844,180.94000244140625,146.1783447265625,127728000,0.0,0.0
2013-12-09,181.47000122070312,181.6699981689453,181.16000366210935,181.3999938964844,146.54998779296875,70124000,0.0,0.0
2013-12-10,180.97999572753903,181.3600006103516,180.63999938964844,180.75,146.0248260498047,80976000,0.0,0.0
2013-12-11,180.82000732421875,180.8500061035156,178.5,178.72000122070312,144.3848876953125,130591000,0.0,0.0
2013-12-12,178.63999938964844,178.86000061035156,177.75999450683594,178.1300048828125,143.90818786621094,115565000,0.0,0.0
2013-12-13,178.5,178.66000366210938,177.77000427246094,178.11000061035156,143.89208984375,107808000,0.0,0.0
2013-12-16,178.9499969482422,179.80999755859375,178.89999389648438,179.22000122070312,144.78880310058594,96195000,0.0,0.0
2013-12-17,179.3800048828125,179.41000366210938,178.25,178.64999389648438,144.32827758789062,89886000,0.0,0.0
2013-12-18,178.9199981689453,181.72999572753903,177.32000732421875,181.6999969482422,146.79238891601562,234906000,0.0,0.0
2013-12-19,181.17999267578125,181.6999969482422,180.7100067138672,181.4900054931641,146.62274169921875,136531200,0.0,0.0
2013-12-20,180.69000244140625,181.9900054931641,180.57000732421875,181.55999755859372,147.47557067871094,197087000,0.98,0.0
2013-12-23,182.4499969482422,182.63999938964844,182.07000732421875,182.52999877929688,148.2635040283203,85598000,0.0,0.0
2013-12-24,182.5399932861328,183.00999450683597,182.52999877929688,182.92999267578125,148.58837890625,45368800,0.0,0.0
2013-12-26,183.33999633789065,183.9600067138672,183.32000732421875,183.8600006103516,149.34384155273438,63365000,0.0,0.0
2013-12-27,184.1000061035156,184.17999267578125,183.66000366210935,183.8500061035156,149.335693359375,61814000,0.0,0.0
2013-12-30,183.8699951171875,184.0200042724609,183.5800018310547,183.82000732421875,149.31129455566406,56857000,0.0,0.0
2013-12-31,184.07000732421875,184.69000244140625,183.92999267578125,184.69000244140625,150.0180206298828,86119900,0.0,0.0
2014-01-02,183.97999572753903,184.07000732421875,182.47999572753903,182.9199981689453,148.58030700683594,119636900,0.0,0.0
2014-01-03,183.22999572753903,183.6000061035156,182.6300048828125,182.88999938964844,148.555908203125,81390600,0.0,0.0
2014-01-06,183.4900054931641,183.55999755859372,182.0800018310547,182.3600006103516,148.12539672851562,108028200,0.0,0.0
2014-01-07,183.08999633789065,183.7899932861328,182.9499969482422,183.47999572753903,149.03515625,86144200,0.0,0.0
2014-01-08,183.4499969482422,183.8300018310547,182.88999938964844,183.5200042724609,149.0676727294922,96582300,0.0,0.0
2014-01-09,184.1100006103516,184.1300048828125,182.8000030517578,183.63999938964844,149.1650848388672,90683400,0.0,0.0
2014-01-10,183.9499969482422,184.22000122070312,183.00999450683597,184.13999938964844,149.57119750976562,102026400,0.0,0.0
2014-01-13,183.6699981689453,184.17999267578125,181.33999633789065,181.69000244140625,147.58119201660156,149892000,0.0,0.0
2014-01-14,182.2899932861328,183.7700042724609,181.9499969482422,183.6699981689453,149.18948364257812,105016100,0.0,0.0
2014-01-15,184.1000061035156,184.94000244140625,183.7100067138672,184.66000366210935,149.99362182617188,98525800,0.0,0.0
2014-01-16,184.27999877929688,184.66000366210935,183.8300018310547,184.4199981689453,149.79867553710938,72290600,0.0,0.0
2014-01-17,184.1000061035156,184.4499969482422,183.32000732421875,183.63999938964844,149.1650848388672,107848700,0.0,0.0
2014-01-21,184.6999969482422,184.7700042724609,183.0500030517578,184.17999267578125,149.60374450683594,88621200,0.0,0.0
2014-01-22,184.4900054931641,184.57000732421875,183.91000366210935,184.3000030517578,149.7012176513672,61270900,0.0,0.0
2014-01-23,183.3699951171875,183.3999938964844,181.82000732421875,182.7899932861328,148.47463989257812,132496900,0.0,0.0
2014-01-24,181.6000061035156,181.66000366210935,178.8300018310547,178.88999938964844,145.30682373046875,208677100,0.0,0.0
2014-01-27,179.05999755859375,179.52000427246094,177.1199951171875,178.00999450683594,144.59202575683594,180843100,0.0,0.0
2014-01-28,178.13999938964844,179.3000030517578,178.1199951171875,179.07000732421875,145.4530487060547,110463200,0.0,0.0
2014-01-29,177.5800018310547,178.5500030517578,176.8800048828125,177.35000610351562,144.05593872070312,216597300,0.0,0.0
2014-01-30,178.8300018310547,179.80999755859375,178.25999450683594,179.22999572753906,145.5830078125,118938100,0.0,0.0
2014-01-31,177.00999450683594,179.2899932861328,176.9199981689453,178.17999267578125,144.73011779785156,194677900,0.0,0.0
2014-02-03,177.97000122070312,178.3699951171875,173.8300018310547,174.1699981689453,141.472900390625,254837100,0.0,0.0
2014-02-04,174.9499969482422,175.83999633789062,174.11000061035156,175.38999938964844,142.4639434814453,165012400,0.0,0.0
2014-02-05,174.77999877929688,175.55999755859375,173.7100067138672,175.1699981689453,142.28517150878906,164230500,0.0,0.0
2014-02-06,175.5800018310547,177.47999572753906,175.22000122070312,177.47999572753906,144.16151428222656,132877600,0.0,0.0
2014-02-07,178.30999755859375,179.8699951171875,177.72999572753906,179.67999267578125,145.94851684570312,170787200,0.0,0.0
2014-02-10,179.6999969482422,180.07000732421875,179.2100067138672,180.00999450683594,146.21658325195312,92218800,0.0,0.0
2014-02-11,180.16000366210935,182.44000244140625,180.0399932861328,181.97999572753903,147.81674194335938,117814100,0.0,0.0
2014-02-12,182.25,182.8300018310547,181.7100067138672,182.07000732421875,147.88983154296875,94717700,0.0,0.0
2014-02-13,180.83999633789065,183.1999969482422,180.8300018310547,183.00999450683597,148.65335083007812,100542200,0.0,0.0
2014-02-14,182.83999633789065,184.3600006103516,182.6699981689453,184.0200042724609,149.4738006591797,96498400,0.0,0.0
2014-02-18,184.17999267578125,184.4900054931641,183.6499938964844,184.2400054931641,149.65248107910156,80460900,0.0,0.0
2014-02-19,183.75999450683597,184.9499969482422,182.8699951171875,183.0200042724609,148.66146850585938,126524300,0.0,0.0
2014-02-20,183.2700042724609,184.5200042724609,182.6000061035156,184.1000061035156,149.53871154785156,104998100,0.0,0.0
2014-02-21,184.4499969482422,184.88999938964844,183.8000030517578,183.88999938964844,149.36817932128906,118116400,0.0,0.0
2014-02-24,184.27999877929688,186.1499938964844,184.1999969482422,184.91000366210935,150.1966094970703,114063900,0.0,0.0
2014-02-25,185.05999755859372,185.58999633789065,184.22999572753903,184.83999633789065,150.1397705078125,117085000,0.0,0.0
2014-02-26,185.1100006103516,185.6000061035156,184.3300018310547,184.8500061035156,150.14794921875,98677200,0.0,0.0
2014-02-27,184.5800018310547,185.8699951171875,184.3699951171875,185.82000732421875,150.93582153320312,93880800,0.0,0.0
2014-02-28,185.7899932861328,187.1499938964844,185.0500030517578,186.2899932861328,151.317626953125,150842000,0.0,0.0
2014-03-03,184.6499938964844,185.4499969482422,183.75,184.97999572753903,150.2534942626953,167748500,0.0,0.0
2014-03-04,186.7899932861328,187.97999572753903,186.75,187.5800018310547,152.36546325683594,167545900,0.0,0.0
2014-03-05,187.7400054931641,188.07000732421875,187.4499969482422,187.75,152.50352478027344,88376900,0.0,0.0
2014-03-06,188.2100067138672,188.6100006103516,187.77999877929688,188.17999267578125,152.8528289794922,82516500,0.0,0.0
2014-03-07,188.9600067138672,188.9600067138672,187.42999267578125,188.25999450683597,152.91778564453125,114513500,0.0,0.0
2014-03-10,187.97000122070312,188.22999572753903,187.0800018310547,188.16000366210935,152.83651733398438,74939200,0.0,0.0
2014-03-11,188.44000244140625,188.7100067138672,186.8000030517578,187.22999572753903,152.08114624023438,99009100,0.0,0.0
2014-03-12,186.32000732421875,187.3500061035156,185.8999938964844,187.27999877929688,152.1217498779297,104824400,0.0,0.0
2014-03-13,187.83999633789065,187.9900054931641,184.66000366210935,185.17999267578125,150.41598510742188,155014300,0.0,0.0
2014-03-14,184.8500061035156,185.8000030517578,184.44000244140625,184.66000366210935,149.99362182617188,153919600,0.0,0.0
2014-03-17,185.58999633789065,186.7700042724609,185.50999450683597,186.3300018310547,151.3501434326172,98359500,0.0,0.0
2014-03-18,186.7100067138672,187.91000366210935,186.50999450683597,187.66000366210935,152.430419921875,101804600,0.0,0.0
2014-03-19,187.67999267578125,187.94000244140625,185.47000122070312,186.66000366210935,151.61813354492188,176267300,0.0,0.0
2014-03-20,186.25,187.88999938964844,185.9199981689453,187.75,152.50352478027344,117241000,0.0,0.0
2014-03-21,187.7100067138672,189.0200042724609,186.02999877929688,186.1999969482422,151.91200256347656,163128000,0.825,0.0
2014-03-24,186.83999633789065,187.07000732421875,184.6199951171875,185.42999267578125,151.28379821777344,121411000,0.0,0.0
2014-03-25,186.3699951171875,186.94000244140625,185.2700042724609,186.30999755859372,152.00173950195312,103852000,0.0,0.0
2014-03-26,187.0399932861328,187.33999633789065,184.9199981689453,184.97000122070312,150.90855407714844,119843000,0.0,0.0
2014-03-27,184.75,185.33999633789065,183.8999938964844,184.5800018310547,150.59033203125,142383000,0.0,0.0
2014-03-28,185.1100006103516,186.4199981689453,185.0,185.4900054931641,151.3328094482422,101642000,0.0,0.0
2014-03-31,186.6699981689453,187.3000030517578,185.5200042724609,187.00999450683597,152.57281494140625,99745000,0.0,0.0
2014-04-01,187.6199951171875,188.3600006103516,187.0,188.25,153.58450317382812,89193000,0.0,0.0
2014-04-02,188.4900054931641,189.1300048828125,188.13999938964844,188.8800048828125,154.09852600097656,78774000,0.0,0.0
2014-04-03,189.1699981689453,189.22000122070312,188.0500030517578,188.6300048828125,153.89459228515625,77435000,0.0,0.0
2014-04-04,189.66000366210935,189.6999969482422,186.1000061035156,186.3999938964844,152.07518005371094,169381000,0.0,0.0
2014-04-07,185.9499969482422,186.25999450683597,183.9600067138672,184.33999633789065,150.39456176757812,140803000,0.0,0.0
2014-04-08,184.25999450683597,185.3999938964844,183.58999633789065,185.1000061035156,151.01463317871094,112660000,0.0,0.0
2014-04-09,185.6000061035156,187.1499938964844,185.05999755859372,187.08999633789065,152.6381378173828,100254000,0.0,0.0
2014-04-10,187.0800018310547,187.1699981689453,182.92999267578125,183.16000366210935,149.43179321289062,172959000,0.0,0.0
2014-04-11,182.13999938964844,183.4199981689453,181.30999755859372,181.50999450683597,148.08567810058594,167251000,0.0,0.0
2014-04-14,182.92999267578125,183.3699951171875,181.44000244140625,182.94000244140625,149.2523956298828,132382000,0.0,0.0
2014-04-15,183.32000732421875,184.3300018310547,181.50999450683597,184.1999969482422,150.28033447265625,157093000,0.0,0.0
2014-04-16,185.47000122070312,186.13999938964844,184.6499938964844,186.1300048828125,151.8549041748047,105197000,0.0,0.0
2014-04-17,185.8800048828125,186.91000366210935,185.55999755859372,186.38999938964844,152.0670166015625,105255000,0.0,0.0
2014-04-21,186.44000244140625,187.1000061035156,186.2100067138672,187.0399932861328,152.59732055664062,68329000,0.0,0.0
2014-04-22,187.22999572753903,188.3999938964844,187.1300048828125,187.88999938964844,153.29083251953125,85790000,0.0,0.0
2014-04-23,187.82000732421875,187.9199981689453,187.3000030517578,187.4499969482422,152.93185424804688,73869000,0.0,0.0
2014-04-24,188.3699951171875,188.38999938964844,186.92999267578125,187.8300018310547,153.24188232421875,88170000,0.0,0.0
2014-04-25,187.22000122070312,187.3300018310547,185.8699951171875,186.2899932861328,151.98538208007812,100380000,0.0,0.0
2014-04-28,187.0500030517578,187.69000244140625,184.9600067138672,186.8800048828125,152.46681213378906,135121000,0.0,0.0
2014-04-29,187.47999572753903,188.0399932861328,187.0800018310547,187.75,153.1765899658203,84098000,0.0,0.0
2014-04-30,187.44000244140625,188.5,187.17999267578125,188.30999755859372,153.63348388671875,101508000,0.0,0.0
2014-05-01,188.22000122070312,188.83999633789065,187.72999572753903,188.3300018310547,153.64976501464844,93019000,0.0,0.0
2014-05-02,188.30999755859372,189.13999938964844,187.77999877929688,188.05999755859372,153.4295196533203,98122000,0.0,0.0
2014-05-05,187.13999938964844,188.5500030517578,186.6199951171875,188.4199981689453,153.72325134277344,75883000,0.0,0.0
2014-05-06,188.0,188.1300048828125,186.7400054931641,186.77999877929688,152.38523864746094,85454000,0.0,0.0
2014-05-07,187.41000366210935,187.97000122070312,186.00999450683597,187.8800048828125,153.28257751464844,106500000,0.0,0.0
2014-05-08,187.7100067138672,189.0500030517578,187.0800018310547,187.67999267578125,153.11947631835938,93618000,0.0,0.0
2014-05-09,187.7100067138672,188.0399932861328,186.8300018310547,187.9600067138672,153.347900390625,83679000,0.0,0.0
2014-05-12,188.8000030517578,189.8800048828125,188.0,189.7899932861328,154.84092712402344,86940000,0.0,0.0
2014-05-13,190.0399932861328,190.4199981689453,189.7700042724609,189.9600067138672,154.97962951660156,66454000,0.0,0.0
2014-05-14,189.7899932861328,189.8800048828125,188.7899932861328,189.05999755859372,154.2454071044922,72367000,0.0,0.0
2014-05-15,188.67999267578125,188.72000122070312,186.47999572753903,187.3999938964844,152.8910675048828,154956000,0.0,0.0
2014-05-16,187.50999450683597,188.1300048828125,186.72000122070312,188.0500030517578,153.42140197753906,97458000,0.0,0.0
2014-05-19,187.69000244140625,188.88999938964844,187.5200042724609,188.7400054931641,153.98431396484375,63839000,0.0,0.0
2014-05-20,188.6499938964844,188.6699981689453,187.07000732421875,187.5500030517578,153.01339721679688,111644000,0.0,0.0
2014-05-21,188.08999633789065,189.22000122070312,188.05999755859372,189.1300048828125,154.30247497558594,89093000,0.0,0.0
2014-05-22,189.17999267578125,189.97999572753903,188.8600006103516,189.58999633789065,154.677734375,61549000,0.0,0.0
2014-05-23,189.75999450683597,190.47999572753903,189.58999633789065,190.3500061035156,155.29779052734375,61092800,0.0,0.0
2014-05-27,191.05999755859372,191.5800018310547,190.9499969482422,191.5200042724609,156.25233459472656,72010000,0.0,0.0
2014-05-28,191.5200042724609,191.82000732421875,191.05999755859372,191.3800048828125,156.1381378173828,66723000,0.0,0.0
2014-05-29,191.82000732421875,192.3999938964844,191.3300018310547,192.3699951171875,156.9458465576172,64377000,0.0,0.0
2014-05-30,192.19000244140625,192.8000030517578,192.02999877929688,192.67999267578125,157.19874572753906,76316000,0.0,0.0
2014-06-02,192.9499969482422,192.9900054931641,191.97000122070312,192.8999938964844,157.3782501220703,64656000,0.0,0.0
2014-06-03,192.42999267578125,192.8999938964844,192.25,192.8000030517578,157.29666137695312,65047000,0.0,0.0
2014-06-04,192.47000122070312,193.3000030517578,192.2700042724609,193.19000244140625,157.6149139404297,55529000,0.0,0.0
2014-06-05,193.41000366210935,194.6499938964844,192.6999969482422,194.4499969482422,158.6428680419922,92103000,0.0,0.0
2014-06-06,194.8699951171875,195.42999267578125,194.77999877929688,195.3800048828125,159.4015350341797,78696000,0.0,0.0
2014-06-09,195.3500061035156,196.0500030517578,195.1699981689453,195.5800018310547,159.56475830078125,65119000,0.0,0.0
2014-06-10,195.33999633789065,195.63999938964844,194.9199981689453,195.6000061035156,159.5811004638672,57129000,0.0,0.0
2014-06-11,194.8999938964844,195.1199951171875,194.47999572753903,194.9199981689453,159.02627563476562,68772000,0.0,0.0
2014-06-12,194.69000244140625,194.8000030517578,193.1100006103516,193.5399932861328,157.90037536621094,106350000,0.0,0.0
2014-06-13,193.9199981689453,194.32000732421875,193.3000030517578,194.1300048828125,158.38172912597656,82017000,0.0,0.0
2014-06-16,193.88999938964844,194.6999969482422,193.66000366210935,194.2899932861328,158.51223754882812,87424000,0.0,0.0
2014-06-17,194.0200042724609,194.97000122070312,193.80999755859372,194.8300018310547,158.952880859375,84834000,0.0,0.0
2014-06-18,194.8300018310547,196.3699951171875,194.3999938964844,196.25999450683597,160.11953735351562,105267000,0.0,0.0
2014-06-19,196.42999267578125,196.6000061035156,195.8000030517578,196.47999572753903,160.2989959716797,85929000,0.0,0.0
2014-06-20,196.02999877929688,196.1000061035156,195.6999969482422,195.94000244140625,160.62440490722656,100587000,0.937,0.0
2014-06-23,195.9900054931641,196.0500030517578,195.5200042724609,195.8800048828125,160.57525634765625,70611000,0.0,0.0
2014-06-24,195.52999877929688,196.5,194.47999572753903,194.6999969482422,159.60794067382812,96237000,0.0,0.0
2014-06-25,194.2899932861328,195.77999877929688,194.25,195.5800018310547,160.32933044433594,82782000,0.0,0.0
2014-06-26,195.6100006103516,195.6300048828125,194.1300048828125,195.44000244140625,160.214599609375,84312000,0.0,0.0
2014-06-27,194.97999572753903,195.8800048828125,194.88999938964844,195.82000732421875,160.52603149414062,71445100,0.0,0.0
2014-06-30,195.6999969482422,196.1699981689453,195.52999877929688,195.72000122070312,160.44406127929688,70201200,0.0,0.0
2014-07-01,196.1999969482422,197.6300048828125,196.1300048828125,197.02999877929688,161.51800537109375,90470000,0.0,0.0
2014-07-02,197.0500030517578,197.47999572753903,196.9600067138672,197.22999572753903,161.68191528320312,52475000,0.0,0.0
2014-07-03,197.7899932861328,198.2899932861328,197.63999938964844,198.1999969482422,162.47711181640625,52938800,0.0,0.0
2014-07-07,197.82000732421875,197.97999572753903,197.22000122070312,197.50999450683597,161.91146850585938,61696000,0.0,0.0
2014-07-08,197.1499938964844,197.22000122070312,195.75999450683597,196.2400054931641,160.87037658691406,108143000,0.0,0.0
2014-07-09,196.72999572753903,197.3000030517578,196.30999755859372,197.1199951171875,161.591796875,72992000,0.0,0.0
2014-07-10,195.22000122070312,196.8600006103516,195.05999755859372,196.33999633789065,160.95237731933594,99040000,0.0,0.0
2014-07-11,196.22000122070312,196.75,195.77999877929688,196.6100006103516,161.17372131347656,64243000,0.0,0.0
2014-07-14,197.6100006103516,197.8600006103516,197.44000244140625,197.6000061035156,161.98529052734375,58658000,0.0,0.0
2014-07-15,197.72000122070312,198.1000061035156,196.3600006103516,197.22999572753903,161.68191528320312,111307000,0.0,0.0
2014-07-16,198.1100006103516,198.25999450683597,197.4199981689453,197.9600067138672,162.28036499023438,79986400,0.0,0.0
2014-07-17,197.3500061035156,198.1000061035156,195.42999267578125,195.7100067138672,160.43589782714844,145398000,0.0,0.0
2014-07-18,196.3500061035156,197.91000366210935,196.2400054931641,197.7100067138672,162.07542419433594,124330000,0.0,0.0
2014-07-21,197.08999633789065,197.5,196.42999267578125,197.33999633789065,161.77212524414062,67592000,0.0,0.0
2014-07-22,198.00999450683597,198.55999755859372,197.8699951171875,198.1999969482422,162.47711181640625,67678000,0.0,0.0
2014-07-23,198.5,198.8500061035156,198.1000061035156,198.63999938964844,162.83782958984375,65612000,0.0,0.0
2014-07-24,198.8300018310547,199.05999755859372,198.4499969482422,198.6499938964844,162.8459930419922,56888000,0.0,0.0
2014-07-25,198.08999633789065,198.25999450683597,197.3300018310547,197.72000122070312,162.08358764648438,76837000,0.0,0.0
2014-07-28,197.75999450683597,198.08999633789065,196.6199951171875,197.8000030517578,162.1492156982422,69259000,0.0,0.0
2014-07-29,198.1699981689453,198.4499969482422,196.9199981689453,196.9499969482422,161.45242309570312,80466000,0.0,0.0
2014-07-30,197.6499938964844,197.91000366210935,196.16000366210935,196.97999572753903,161.4770050048828,104222000,0.0,0.0
2014-07-31,195.6100006103516,195.77999877929688,192.97000122070312,193.08999633789065,158.28811645507812,183479000,0.0,0.0
2014-08-01,192.55999755859372,193.75999450683597,191.57000732421875,192.5,157.80445861816406,189261000,0.0,0.0
2014-08-04,192.8699951171875,194.3000030517578,192.0500030517578,193.88999938964844,158.9439697265625,91340000,0.0,0.0
2014-08-05,193.1000061035156,193.6000061035156,191.30999755859372,192.00999450683597,157.4027862548828,152690000,0.0,0.0
2014-08-06,191.1100006103516,192.88999938964844,191.0800018310547,192.07000732421875,157.4519805908203,94818000,0.0,0.0
2014-08-07,192.94000244140625,193.1300048828125,190.5500030517578,191.02999877929688,156.59938049316406,135733000,0.0,0.0
2014-08-08,191.4600067138672,193.3699951171875,190.9499969482422,193.2400054931641,158.41107177734375,117014000,0.0,0.0
2014-08-11,193.97000122070312,194.66000366210935,193.7100067138672,193.8000030517578,158.8701629638672,74544000,0.0,0.0
2014-08-12,193.6100006103516,194.1499938964844,192.94000244140625,193.52999877929688,158.6488494873047,73632000,0.0,0.0
2014-08-13,194.2899932861328,195.05999755859372,193.9600067138672,194.83999633789065,159.72274780273438,69047000,0.0,0.0
2014-08-14,195.16000366210935,195.75999450683597,194.97999572753903,195.75999450683597,160.47691345214844,57371000,0.0,0.0
2014-08-15,196.47000122070312,196.6499938964844,194.30999755859372,195.72000122070312,160.44406127929688,139951000,0.0,0.0
2014-08-18,196.8000030517578,197.4499969482422,196.69000244140625,197.3600006103516,161.78851318359375,75424000,0.0,0.0
2014-08-19,197.83999633789065,198.5399932861328,197.44000244140625,198.38999938964844,162.63290405273438,59135000,0.0,0.0
2014-08-20,198.1199951171875,199.16000366210935,198.0800018310547,198.9199981689453,163.06736755371094,72763000,0.0,0.0
2014-08-21,199.08999633789065,199.75999450683597,198.92999267578125,199.5,163.54275512695312,67791000,0.0,0.0
2014-08-22,199.33999633789065,199.69000244140625,198.7400054931641,199.19000244140625,163.28866577148438,76107000,0.0,0.0
2014-08-25,200.13999938964844,200.58999633789065,199.1499938964844,200.1999969482422,164.11660766601562,63855000,0.0,0.0
2014-08-26,200.3300018310547,200.82000732421875,200.27999877929688,200.3300018310547,164.22325134277344,47298000,0.0,0.0
2014-08-27,200.42999267578125,200.57000732421875,199.94000244140625,200.25,164.15768432617188,47874000,0.0,0.0
2014-08-28,199.58999633789065,200.2700042724609,199.38999938964844,200.13999938964844,164.06747436523438,58330000,0.0,0.0
2014-08-29,200.4499969482422,200.72999572753903,199.82000732421875,200.7100067138672,164.5347442626953,65907000,0.0,0.0
2014-09-02,200.97000122070312,201.0,199.8600006103516,200.6100006103516,164.45274353027344,72426000,0.0,0.0
2014-09-03,201.3800048828125,201.41000366210935,200.22000122070312,200.5,164.36257934570312,57462000,0.0,0.0
2014-09-04,200.83999633789065,201.5800018310547,199.66000366210935,200.2100067138672,164.12490844726562,85236000,0.0,0.0
2014-09-05,200.1699981689453,201.19000244140625,199.41000366210935,201.1100006103516,164.8626251220703,102177000,0.0,0.0
2014-09-08,200.9199981689453,201.2100067138672,200.0,200.58999633789065,164.43630981445312,64146000,0.0,0.0
2014-09-09,200.41000366210935,200.5500030517578,198.91000366210935,199.32000732421875,163.39527893066406,88591000,0.0,0.0
2014-09-10,199.42999267578125,200.1999969482422,198.7700042724609,200.07000732421875,164.0100860595703,67251000,0.0,0.0
2014-09-11,199.2700042724609,200.3300018310547,199.1199951171875,200.3000030517578,164.19866943359375,66774400,0.0,0.0
2014-09-12,200.1000061035156,200.1199951171875,198.55999755859372,199.1300048828125,163.23951721191406,117409300,0.0,0.0
2014-09-15,199.16000366210935,199.32000732421875,198.3800048828125,198.97999572753903,163.1165008544922,76401000,0.0,0.0
2014-09-16,198.6100006103516,200.83999633789065,198.5,200.47999572753903,164.34616088867188,116201000,0.0,0.0
2014-09-17,200.7700042724609,201.67999267578125,199.75,200.75,164.5675506591797,151266000,0.0,0.0
2014-09-18,201.3600006103516,201.8500061035156,201.1000061035156,201.82000732421875,165.44468688964844,94990000,0.0,0.0
2014-09-19,201.5200042724609,201.8999938964844,200.2899932861328,200.6999969482422,165.29559326171875,121649000,0.939,0.0
2014-09-22,200.3500061035156,200.3800048828125,198.72999572753903,199.1499938964844,164.01901245117188,125553000,0.0,0.0
2014-09-23,198.42999267578125,199.25999450683597,197.9499969482422,198.00999450683597,163.0801239013672,111393000,0.0,0.0
2014-09-24,198.0399932861328,199.69000244140625,197.5200042724609,199.55999755859372,164.35670471191406,107276000,0.0,0.0
2014-09-25,199.0399932861328,199.0500030517578,196.2700042724609,196.33999633789065,161.7047882080078,150300000,0.0,0.0
2014-09-26,196.6999969482422,198.38999938964844,196.4199981689453,197.8999938964844,162.98948669433594,103547000,0.0,0.0
2014-09-29,196.1999969482422,197.88999938964844,196.0500030517578,197.5399932861328,162.6930694580078,95112000,0.0,0.0
2014-09-30,197.69000244140625,198.3000030517578,196.6100006103516,197.0200042724609,162.2647705078125,131302000,0.0,0.0
2014-10-01,196.6999969482422,196.7700042724609,193.91000366210935,194.3500061035156,160.06578063964844,177798000,0.0,0.0
2014-10-02,194.17999267578125,195.05999755859372,192.3500061035156,194.3800048828125,160.09042358398438,157285000,0.0,0.0
2014-10-03,195.67999267578125,196.94000244140625,195.0800018310547,196.5200042724609,161.85302734375,121569000,0.0,0.0
2014-10-06,197.33999633789065,197.6000061035156,195.5800018310547,196.2899932861328,161.66348266601562,104778000,0.0,0.0
2014-10-07,195.27999877929688,195.72000122070312,193.22000122070312,193.25999450683597,159.1680145263672,147913000,0.0,0.0
2014-10-08,193.3699951171875,196.9199981689453,192.3600006103516,196.63999938964844,161.95184326171875,186461000,0.0,0.0
2014-10-09,196.3300018310547,196.6000061035156,192.5800018310547,192.7400054931641,158.73980712890625,210705000,0.0,0.0
2014-10-10,192.69000244140625,193.6499938964844,190.4900054931641,190.5399932861328,156.9278564453125,221909000,0.0,0.0
2014-10-13,190.4600067138672,191.1499938964844,187.3000030517578,187.41000366210935,154.34999084472656,230939000,0.0,0.0
2014-10-14,188.4199981689453,189.82000732421875,187.0399932861328,187.6999969482422,154.58885192871094,215847000,0.0,0.0
2014-10-15,185.16000366210935,187.69000244140625,181.9199981689453,186.42999267578125,153.54283142089844,380715000,0.0,0.0
2014-10-16,183.05999755859372,187.5800018310547,182.88999938964844,186.2700042724609,153.41111755371094,270391000,0.0,0.0
2014-10-17,188.4199981689453,189.75,187.6199951171875,188.47000122070312,155.22303771972656,214625000,0.0,0.0
2014-10-20,188.1300048828125,190.4499969482422,188.07000732421875,190.3000030517578,156.73023986816406,130011000,0.0,0.0
2014-10-21,191.67999267578125,194.1999969482422,191.47999572753903,194.07000732421875,159.83518981933594,154949000,0.0,0.0
2014-10-22,194.41000366210935,194.91000366210935,192.6100006103516,192.69000244140625,158.69854736328125,151822000,0.0,0.0
2014-10-23,194.6199951171875,196.1999969482422,194.25999450683597,194.92999267578125,160.5434112548828,154944000,0.0,0.0
2014-10-24,195.25,196.4900054931641,194.4900054931641,196.42999267578125,161.77886962890625,117927000,0.0,0.0
2014-10-27,195.72999572753903,196.4499969482422,195.02999877929688,196.16000366210935,161.55650329589844,82954000,0.0,0.0
2014-10-28,196.82000732421875,198.4199981689453,196.72999572753903,198.41000366210935,163.40957641601562,106736000,0.0,0.0
2014-10-29,198.5500030517578,199.1199951171875,196.8000030517578,198.1100006103516,163.1624298095703,142557000,0.0,0.0
2014-10-30,197.5800018310547,199.9499969482422,197.3999938964844,199.3800048828125,164.20846557617188,113330000,0.0,0.0
2014-10-31,201.77999877929688,201.82000732421875,200.7700042724609,201.66000366210935,166.08621215820312,146903000,0.0,0.0
2014-11-03,201.9199981689453,202.4499969482422,201.30999755859372,201.7700042724609,166.17678833007812,93600000,0.0,0.0
2014-11-04,201.22999572753903,201.6000061035156,200.05999755859372,201.07000732421875,165.6002960205078,93343000,0.0,0.0
2014-11-05,202.5399932861328,202.58999633789065,201.4499969482422,202.33999633789065,166.6463165283203,91709000,0.0,0.0
2014-11-06,202.38999938964844,203.25999450683597,201.63999938964844,203.1499938964844,167.3134307861328,107089000,0.0,0.0
2014-11-07,203.1699981689453,203.6000061035156,202.6100006103516,203.33999633789065,167.4699249267578,89540000,0.0,0.0
2014-11-10,203.3800048828125,204.0399932861328,203.1300048828125,203.97999572753903,167.99696350097656,66319000,0.0,0.0
2014-11-11,204.05999755859372,204.30999755859372,203.6499938964844,204.17999267578125,168.16171264648438,54499400,0.0,0.0
2014-11-12,203.3500061035156,204.2400054931641,203.30999755859372,203.9600067138672,167.9805145263672,90120300,0.0,0.0
2014-11-13,204.16000366210935,204.8300018310547,203.2100067138672,204.19000244140625,168.16995239257812,85357900,0.0,0.0
2014-11-14,204.1000061035156,204.4900054931641,203.72000122070312,204.2400054931641,168.21109008789062,80417500,0.0,0.0
2014-11-17,203.8500061035156,204.5800018310547,203.6499938964844,204.3699951171875,168.3181915283203,80441000,0.0,0.0
2014-11-18,204.44000244140625,205.9199981689453,204.44000244140625,205.5500030517578,169.29002380371094,76068100,0.0,0.0
2014-11-19,205.30999755859372,205.5500030517578,204.3000030517578,205.22000122070312,169.01828002929688,82373000,0.0,0.0
2014-11-20,204.25999450683597,205.7100067138672,204.17999267578125,205.5800018310547,169.31475830078125,72840300,0.0,0.0
2014-11-21,207.63999938964844,207.83999633789065,205.97999572753903,206.67999267578125,170.22067260742188,142327300,0.0,0.0
2014-11-24,207.1699981689453,207.38999938964844,206.91000366210935,207.25999450683597,170.69839477539062,65880800,0.0,0.0
2014-11-25,207.5399932861328,207.7899932861328,206.8000030517578,207.1100006103516,170.57485961914062,79108300,0.0,0.0
2014-11-26,207.2899932861328,207.75999450683597,207.02999877929688,207.63999938964844,171.01136779785156,62167800,0.0,0.0
2014-11-28,207.4900054931641,207.8699951171875,206.91000366210935,207.1999969482422,170.6489715576172,57890100,0.0,0.0
2014-12-01,206.3999938964844,206.5399932861328,205.3800048828125,205.75999450683597,169.46295166015625,103968400,0.0,0.0
2014-12-02,205.80999755859372,207.33999633789065,205.77999877929688,207.08999633789065,170.558349609375,74507200,0.0,0.0
2014-12-03,207.3000030517578,208.1499938964844,207.1000061035156,207.88999938964844,171.21722412109375,68952000,0.0,0.0
2014-12-04,207.5399932861328,208.2700042724609,206.6999969482422,207.66000366210935,171.02784729003906,91316600,0.0,0.0
2014-12-05,207.8699951171875,208.47000122070312,207.5500030517578,208.0,171.30780029296875,91025500,0.0,0.0
2014-12-08,207.5200042724609,208.1199951171875,205.92999267578125,206.6100006103516,170.16302490234375,108588200,0.0,0.0
2014-12-09,204.3699951171875,206.6000061035156,203.91000366210935,206.47000122070312,170.04771423339844,125180100,0.0,0.0
2014-12-10,205.91000366210935,205.97999572753903,202.92999267578125,203.16000366210935,167.3217010498047,159856400,0.0,0.0
2014-12-11,203.8800048828125,206.19000244140625,203.7100067138672,204.19000244140625,168.16995239257812,159012800,0.0,0.0
2014-12-12,202.63999938964844,203.82000732421875,200.8500061035156,200.88999938964844,165.4520721435547,202330200,0.0,0.0
2014-12-15,201.97999572753903,202.52999877929688,198.77999877929688,199.50999450683597,164.3155059814453,189965800,0.0,0.0
2014-12-16,198.5800018310547,202.3999938964844,197.8600006103516,197.91000366210935,162.99774169921875,259543800,0.0,0.0
2014-12-17,198.44000244140625,202.33999633789065,198.2899932861328,201.7899932861328,166.19334411621094,253910100,0.0,0.0
2014-12-18,204.7400054931641,212.97000122070312,203.9199981689453,206.77999877929688,170.30307006835938,257633900,0.0,0.0
2014-12-19,206.42999267578125,207.3300018310547,205.6100006103516,206.5200042724609,171.02769470214844,245084600,1.135,0.0
2014-12-22,206.75,207.47000122070312,206.4600067138672,207.47000122070312,171.81442260742188,148318900,0.0,0.0
2014-12-23,208.1699981689453,208.22999572753903,207.3999938964844,207.75,172.04629516601562,122167900,0.0,0.0
2014-12-24,208.0200042724609,208.33999633789065,207.72000122070312,207.7700042724609,172.0628662109375,42963400,0.0,0.0
2014-12-26,208.30999755859372,208.8500061035156,208.25,208.44000244140625,172.61773681640625,57326700,0.0,0.0
2014-12-29,208.22000122070312,208.97000122070312,208.13999938964844,208.72000122070312,172.84957885742188,79643900,0.0,0.0
2014-12-30,208.2100067138672,208.3699951171875,207.50999450683597,207.6000061035156,171.9220733642578,73540800,0.0,0.0
2014-12-31,207.9900054931641,208.19000244140625,205.38999938964844,205.5399932861328,170.21609497070312,130333800,0.0,0.0
2015-01-02,206.3800048828125,206.8800048828125,204.17999267578125,205.42999267578125,170.12498474121094,121465900,0.0,0.0
2015-01-05,204.1699981689453,204.3699951171875,201.3500061035156,201.72000122070312,167.05259704589844,169632600,0.0,0.0
2015-01-06,202.08999633789065,202.72000122070312,198.8600006103516,199.82000732421875,165.47911071777344,209151400,0.0,0.0
2015-01-07,201.4199981689453,202.72000122070312,200.8800048828125,202.30999755859372,167.5412139892578,125346700,0.0,0.0
2015-01-08,204.00999450683597,206.16000366210935,203.9900054931641,205.8999938964844,170.5142364501953,147217800,0.0,0.0
2015-01-09,206.3999938964844,206.4199981689453,203.50999450683597,204.25,169.1477813720703,158567300,0.0,0.0
2015-01-12,204.41000366210935,204.6000061035156,201.9199981689453,202.6499938964844,167.82276916503906,144396100,0.0,0.0
2015-01-13,204.1199951171875,205.47999572753903,200.50999450683597,202.0800018310547,167.3506622314453,214553300,0.0,0.0
2015-01-14,199.6499938964844,201.1000061035156,198.57000732421875,200.8600006103516,166.34039306640625,192991100,0.0,0.0
2015-01-15,201.6300048828125,202.00999450683597,198.8800048828125,199.0200042724609,164.8165740966797,176613900,0.0,0.0
2015-01-16,198.7700042724609,201.82000732421875,198.5500030517578,201.6300048828125,166.9781036376953,211879600,0.0,0.0
2015-01-20,202.3999938964844,202.72000122070312,200.1699981689453,202.05999755859372,167.3341827392578,130991100,0.0,0.0
2015-01-21,201.5,203.66000366210935,200.94000244140625,203.0800018310547,168.1788330078125,122942700,0.0,0.0
2015-01-22,203.9900054931641,206.25999450683597,202.3300018310547,206.1000061035156,170.67984008789062,174356000,0.0,0.0
2015-01-23,205.7899932861328,206.1000061035156,204.80999755859372,204.97000122070312,169.7440643310547,117516800,0.0,0.0
2015-01-26,204.7100067138672,205.55999755859372,203.8500061035156,205.4499969482422,170.14154052734375,92009700,0.0,0.0
2015-01-27,202.97000122070312,204.1199951171875,201.7400054931641,202.7400054931641,167.8972930908203,134044600,0.0,0.0
2015-01-28,204.1699981689453,204.2899932861328,199.91000366210935,200.13999938964844,165.74415588378906,168514300,0.0,0.0
2015-01-29,200.3800048828125,202.3000030517578,198.67999267578125,201.9900054931641,167.27618408203125,173585400,0.0,0.0
2015-01-30,200.57000732421875,202.1699981689453,199.1300048828125,199.4499969482422,165.17269897460938,197729700,0.0,0.0
2015-02-02,200.0500030517578,202.02999877929688,197.8600006103516,201.9199981689453,167.21824645996094,163107000,0.0,0.0
2015-02-03,203.0,204.8500061035156,202.5500030517578,204.83999633789065,169.63638305664062,124212900,0.0,0.0
2015-02-04,203.9199981689453,205.3800048828125,203.50999450683597,204.05999755859372,168.99038696289062,134306700,0.0,0.0
2015-02-05,204.8600006103516,206.3000030517578,204.7700042724609,206.1199951171875,170.6964569091797,97953200,0.0,0.0
2015-02-06,206.55999755859372,207.2400054931641,204.9199981689453,205.5500030517578,170.2244110107422,125672000,0.0,0.0
2015-02-09,204.7700042724609,205.63999938964844,204.13999938964844,204.6300048828125,169.4625244140625,87219000,0.0,0.0
2015-02-10,205.8800048828125,207.1199951171875,204.67999267578125,206.80999755859372,171.26779174804688,96164200,0.0,0.0
2015-02-11,206.6100006103516,207.4499969482422,205.8300018310547,206.92999267578125,171.36721801757812,91087800,0.0,0.0
2015-02-12,207.88999938964844,208.9900054931641,206.97000122070312,208.9199981689453,173.0152130126953,97545900,0.0,0.0
2015-02-13,209.07000732421875,209.83999633789065,208.75999450683597,209.77999877929688,173.72743225097656,93670400,0.0,0.0
2015-02-17,209.3999938964844,210.32000732421875,209.1000061035156,210.1100006103516,174.0006866455078,76968200,0.0,0.0
2015-02-18,209.66000366210935,210.22000122070312,209.33999633789065,210.1300048828125,174.01730346679688,80652900,0.0,0.0
2015-02-19,209.41000366210935,210.4199981689453,209.2400054931641,209.97999572753903,173.89297485351562,91462500,0.0,0.0
2015-02-20,209.47999572753903,211.3300018310547,208.72999572753903,211.2400054931641,174.93646240234375,140896400,0.0,0.0
2015-02-23,210.94000244140625,211.2100067138672,210.47999572753903,211.2100067138672,174.91168212890625,74411100,0.0,0.0
2015-02-24,211.1199951171875,212.0500030517578,210.75999450683597,211.80999755859372,175.4085235595703,72472300,0.0,0.0
2015-02-25,211.66000366210935,212.2400054931641,211.22000122070312,211.6300048828125,175.25946044921875,73061700,0.0,0.0
2015-02-26,211.5200042724609,211.7100067138672,210.6499938964844,211.3800048828125,175.0524444580078,72697900,0.0,0.0
2015-02-27,211.25999450683597,211.5800018310547,210.6000061035156,210.66000366210935,174.45619201660156,108076000,0.0,0.0
2015-03-02,210.77999877929688,212.05999755859372,210.72000122070312,211.9900054931641,175.55763244628906,87491400,0.0,0.0
2015-03-03,211.47000122070312,212.0500030517578,210.0800018310547,211.1199951171875,174.83712768554688,110325800,0.0,0.0
2015-03-04,210.3999938964844,210.4900054931641,209.05999755859372,210.22999572753903,174.10009765625,114497200,0.0,0.0
2015-03-05,210.6199951171875,210.8000030517578,209.8500061035156,210.4600067138672,174.29055786132812,76873000,0.0,0.0
2015-03-06,209.4199981689453,209.94000244140625,207.1000061035156,207.5,171.8392333984375,188128000,0.0,0.0
2015-03-09,207.7400054931641,208.7899932861328,207.5500030517578,208.3600006103516,172.55142211914062,89818900,0.0,0.0
2015-03-10,206.7100067138672,206.80999755859372,204.92999267578125,204.97999572753903,169.75234985351562,157121300,0.0,0.0
2015-03-11,205.2899932861328,205.5,204.3999938964844,204.5,169.35484313964844,110145700,0.0,0.0
2015-03-12,205.25999450683597,207.17999267578125,205.1999969482422,207.1000061035156,171.5080108642578,93993500,0.0,0.0
2015-03-13,206.7700042724609,207.92999267578125,204.5800018310547,205.8300018310547,170.45623779296875,162410900,0.0,0.0
2015-03-16,206.7100067138672,208.69000244140625,205.8600006103516,208.5800018310547,172.73365783691406,136099200,0.0,0.0
2015-03-17,207.69000244140625,208.4199981689453,206.97999572753903,207.9600067138672,172.22019958496094,94510400,0.0,0.0
2015-03-18,207.38999938964844,211.2700042724609,206.6199951171875,210.4600067138672,174.29055786132812,228808500,0.0,0.0
2015-03-19,209.9600067138672,210.47000122070312,209.02999877929688,209.5,173.49549865722656,117917300,0.0,0.0
2015-03-20,209.7100067138672,211.0200042724609,209.4900054931641,210.41000366210935,175.0270233154297,177715100,0.931,0.0
2015-03-23,210.4199981689453,211.1100006103516,210.0,210.0,174.68589782714844,71784500,0.0,0.0
2015-03-24,209.8500061035156,210.3999938964844,208.7400054931641,208.82000732421875,173.70437622070312,77805300,0.0,0.0
2015-03-25,209.07000732421875,209.3500061035156,205.7100067138672,205.75999450683597,171.1588897705078,159521700,0.0,0.0
2015-03-26,204.9600067138672,206.3699951171875,204.1199951171875,205.2700042724609,170.7512969970703,153067200,0.0,0.0
2015-03-27,205.1300048828125,205.9499969482422,204.8999938964844,205.7400054931641,171.14227294921875,118939000,0.0,0.0
2015-03-30,206.97999572753903,208.6100006103516,206.9600067138672,208.25,173.23019409179688,96180400,0.0,0.0
2015-03-31,207.25999450683597,208.1000061035156,206.3600006103516,206.42999267578125,171.71624755859375,126768700,0.0,0.0
2015-04-01,206.38999938964844,206.4199981689453,204.50999450683597,205.6999969482422,171.1089630126953,137303600,0.0,0.0
2015-04-02,205.6199951171875,206.97999572753903,205.3999938964844,206.44000244140625,171.7245635986328,86900900,0.0,0.0
2015-04-06,205.3699951171875,208.4499969482422,205.2100067138672,207.8300018310547,172.88079833984375,114368200,0.0,0.0
2015-04-07,207.8600006103516,208.75999450683597,207.2400054931641,207.27999877929688,172.42332458496094,81236300,0.0,0.0
2015-04-08,207.5500030517578,208.50999450683597,207.0800018310547,207.97999572753903,173.0055694580078,89351900,0.0,0.0
2015-04-09,207.77999877929688,209.17999267578125,207.19000244140625,208.8999938964844,173.7708282470703,85548900,0.0,0.0
2015-04-10,209.1999969482422,210.08999633789065,208.9600067138672,210.0399932861328,174.71914672851562,72722900,0.0,0.0
2015-04-13,209.8699951171875,210.6300048828125,209.02999877929688,209.08999633789065,173.9289093017578,74436600,0.0,0.0
2015-04-14,208.8500061035156,209.7100067138672,208.1000061035156,209.4900054931641,174.2616424560547,75099900,0.0,0.0
2015-04-15,210.0500030517578,211.0399932861328,209.9499969482422,210.42999267578125,175.04359436035156,99529300,0.0,0.0
2015-04-16,210.02999877929688,210.97999572753903,209.7899932861328,210.3699951171875,174.99371337890625,68934900,0.0,0.0
2015-04-17,208.94000244140625,209.22999572753903,207.00999450683597,207.9499969482422,172.98062133789062,191113200,0.0,0.0
2015-04-20,209.05999755859372,210.25,208.9600067138672,209.8500061035156,174.5611572265625,92189500,0.0,0.0
2015-04-21,210.6699981689453,210.8600006103516,209.2400054931641,209.6000061035156,174.35313415527344,72559800,0.0,0.0
2015-04-22,210.00999450683597,210.8500061035156,208.8999938964844,210.6300048828125,175.20997619628906,78264600,0.0,0.0
2015-04-23,210.1499938964844,211.94000244140625,210.00999450683597,211.16000366210935,175.65086364746094,102585900,0.0,0.0
2015-04-24,211.66000366210935,211.97000122070312,211.1100006103516,211.6499938964844,176.0584259033203,61327400,0.0,0.0
2015-04-27,212.3300018310547,212.47999572753903,210.5399932861328,210.7700042724609,175.32643127441406,79358100,0.0,0.0
2015-04-28,210.7400054931641,211.5,209.3300018310547,211.44000244140625,175.88375854492188,86863500,0.0,0.0
2015-04-29,210.3699951171875,211.2899932861328,209.6000061035156,210.57000732421875,175.16004943847656,125684900,0.0,0.0
2015-04-30,209.8800048828125,210.3500061035156,207.6199951171875,208.4600067138672,173.40487670898438,161304900,0.0,0.0
2015-05-01,209.3999938964844,210.7700042724609,209.27999877929688,210.72000122070312,175.2848358154297,103399700,0.0,0.0
2015-05-04,211.22999572753903,212.0200042724609,211.1000061035156,211.32000732421875,175.783935546875,70927200,0.0,0.0
2015-05-05,211.02999877929688,211.4600067138672,208.72999572753903,208.8999938964844,173.7708282470703,113326200,0.0,0.0
2015-05-06,209.55999755859372,209.92999267578125,206.75999450683597,208.0399932861328,173.0554962158203,135060200,0.0,0.0
2015-05-07,207.9199981689453,209.3800048828125,207.5200042724609,208.8699951171875,173.74595642089844,88244900,0.0,0.0
2015-05-08,210.8800048828125,211.8600006103516,210.77999877929688,211.6199951171875,176.03346252441406,155877300,0.0,0.0
2015-05-11,211.57000732421875,211.88999938964844,210.5200042724609,210.6100006103516,175.19337463378906,75708100,0.0,0.0
2015-05-12,209.6100006103516,210.6300048828125,208.6199951171875,209.97999572753903,174.66925048828125,119727600,0.0,0.0
2015-05-13,210.47000122070312,211.22000122070312,209.7400054931641,210.0200042724609,174.7025604248047,94667900,0.0,0.0
2015-05-14,211.2400054931641,212.32000732421875,210.91000366210935,212.2100067138672,176.52426147460938,95934000,0.0,0.0
2015-05-15,212.44000244140625,212.6100006103516,211.8600006103516,212.44000244140625,176.715576171875,76510100,0.0,0.0
2015-05-18,212.2400054931641,213.3999938964844,212.16000366210935,213.1000061035156,177.2646026611328,74549700,0.0,0.0
2015-05-19,213.2400054931641,213.57000732421875,212.69000244140625,213.02999877929688,177.20640563964844,72114600,0.0,0.0
2015-05-20,213.1499938964844,213.77999877929688,212.5,212.8800048828125,177.08160400390625,76857500,0.0,0.0
2015-05-21,212.7100067138672,213.75,212.50999450683597,213.5,177.59732055664062,64764600,0.0,0.0
2015-05-22,213.0399932861328,213.5399932861328,212.91000366210935,212.9900054931641,177.1731414794922,57433500,0.0,0.0
2015-05-26,212.3999938964844,212.91000366210935,210.1999969482422,210.6999969482422,175.26812744140625,124308600,0.0,0.0
2015-05-27,211.25,212.97999572753903,210.75999450683597,212.6999969482422,176.9318389892578,93214000,0.0,0.0
2015-05-28,212.3300018310547,212.58999633789065,211.6300048828125,212.4600067138672,176.73219299316406,74974600,0.0,0.0
2015-05-29,212.3800048828125,212.42999267578125,210.82000732421875,211.13999938964844,175.63418579101562,124919600,0.0,0.0
2015-06-01,211.94000244140625,212.33999633789065,210.6199951171875,211.57000732421875,175.99188232421875,93338800,0.0,0.0
2015-06-02,211.0200042724609,212.19000244140625,210.2700042724609,211.3600006103516,175.81723022460938,91531000,0.0,0.0
2015-06-03,212.0,212.6699981689453,211.3300018310547,211.9199981689453,176.28302001953125,87820900,0.0,0.0
2015-06-04,211.07000732421875,211.8600006103516,209.75,210.1300048828125,174.79405212402344,151882800,0.0,0.0
2015-06-05,209.9499969482422,210.5800018310547,208.97999572753903,209.7700042724609,174.49459838867188,121704700,0.0,0.0
2015-06-08,209.63999938964844,209.82000732421875,208.38999938964844,208.47999572753903,173.42147827148438,89063300,0.0,0.0
2015-06-09,208.4499969482422,209.1000061035156,207.69000244140625,208.4499969482422,173.3965606689453,105034700,0.0,0.0
2015-06-10,209.3699951171875,211.41000366210935,209.3000030517578,210.9499969482422,175.47616577148438,134551300,0.0,0.0
2015-06-11,211.47999572753903,212.08999633789065,211.1999969482422,211.6300048828125,176.04183959960938,73876400,0.0,0.0
2015-06-12,210.63999938964844,211.47999572753903,209.67999267578125,210.00999450683597,174.69422912597656,135382400,0.0,0.0
2015-06-15,208.63999938964844,209.4499969482422,207.7899932861328,209.1100006103516,173.94552612304688,124384200,0.0,0.0
2015-06-16,208.92999267578125,210.3500061035156,208.72000122070312,210.25,174.89390563964844,85308200,0.0,0.0
2015-06-17,210.58999633789065,211.32000732421875,209.3600006103516,210.58999633789065,175.17669677734375,126708600,0.0,0.0
2015-06-18,211.30999755859372,213.33999633789065,210.6300048828125,212.77999877929688,176.99838256835938,165867900,0.0,0.0
2015-06-19,211.4600067138672,211.5500030517578,210.3600006103516,210.80999755859372,176.21266174316406,130478700,1.03,0.0
2015-06-22,211.91000366210935,212.58999633789065,211.63999938964844,211.88999938964844,177.1154327392578,70696000,0.0,0.0
2015-06-23,212.13999938964844,212.44000244140625,211.57000732421875,212.0399932861328,177.2407989501953,68476800,0.0,0.0
2015-06-24,211.72000122070312,212.1699981689453,210.47000122070312,210.5,175.9535369873047,92307300,0.0,0.0
2015-06-25,211.1000061035156,211.25,209.7700042724609,209.8600006103516,175.41856384277344,97107400,0.0,0.0
2015-06-26,210.2899932861328,210.5800018310547,209.16000366210935,209.82000732421875,175.38514709472656,104174800,0.0,0.0
2015-06-29,208.0500030517578,209.8300018310547,205.3300018310547,205.4199981689453,171.707275390625,202621300,0.0,0.0
2015-06-30,207.25999450683597,207.32000732421875,205.27999877929688,205.8500061035156,172.06671142578125,182925100,0.0,0.0
2015-07-01,207.72999572753903,208.02999877929688,206.55999755859372,207.5,173.4459686279297,135979900,0.0,0.0
2015-07-02,208.07000732421875,208.2700042724609,206.80999755859372,207.30999755859372,173.28709411621094,104373700,0.0,0.0
2015-07-06,205.7700042724609,207.6499938964844,205.52999877929688,206.72000122070312,172.79385375976562,117975400,0.0,0.0
2015-07-07,206.9600067138672,208.1699981689453,204.1100006103516,208.0200042724609,173.88055419921875,173820200,0.0,0.0
2015-07-08,206.4199981689453,206.75999450683597,204.25,204.52999877929688,170.96331787109375,164020100,0.0,0.0
2015-07-09,207.0399932861328,207.3500061035156,204.7700042724609,204.8999938964844,171.27256774902344,144113100,0.0,0.0
2015-07-10,207.2899932861328,207.97999572753903,204.9499969482422,207.47999572753903,173.42916870117188,129456900,0.0,0.0
2015-07-13,208.9900054931641,209.8999938964844,208.94000244140625,209.7700042724609,175.34339904785156,106069400,0.0,0.0
2015-07-14,209.72000122070312,211.0500030517578,209.6499938964844,210.67999267578125,176.1039581298828,81709600,0.0,0.0
2015-07-15,210.72999572753903,211.27999877929688,210.0399932861328,210.6100006103516,176.04550170898438,97914100,0.0,0.0
2015-07-16,211.8699951171875,212.3000030517578,211.5800018310547,212.3000030517578,177.45816040039062,106683300,0.0,0.0
2015-07-17,212.2899932861328,212.5500030517578,211.8000030517578,212.47999572753903,177.60862731933594,89030000,0.0,0.0
2015-07-20,212.75,213.17999267578125,212.2100067138672,212.58999633789065,177.7005615234375,70446800,0.0,0.0
2015-07-21,212.42999267578125,212.7400054931641,211.38999938964844,211.75,176.99844360351562,77965000,0.0,0.0
2015-07-22,210.92999267578125,211.7700042724609,210.88999938964844,211.3699951171875,176.68075561523438,88667900,0.0,0.0
2015-07-23,211.52999877929688,211.6499938964844,209.75,210.17999267578125,175.68606567382812,90509100,0.0,0.0
2015-07-24,210.3000030517578,210.3699951171875,207.6000061035156,208.0,173.8638458251953,117755000,0.0,0.0
2015-07-27,206.94000244140625,207.5500030517578,206.25999450683597,206.7899932861328,172.85243225097656,132361100,0.0,0.0
2015-07-28,207.7899932861328,209.5,206.8000030517578,209.3300018310547,174.97555541992188,123544800,0.0,0.0
2015-07-29,209.47999572753903,211.0399932861328,209.30999755859372,210.7700042724609,176.17922973632812,105791300,0.0,0.0
2015-07-30,210.16000366210935,211.0200042724609,209.4199981689453,210.82000732421875,176.22103881835938,91304400,0.0,0.0
2015-07-31,211.4199981689453,211.4499969482422,210.16000366210935,210.5,175.9535369873047,103266900,0.0,0.0
2015-08-03,210.4600067138672,210.52999877929688,208.6499938964844,209.7899932861328,175.36004638671875,113965700,0.0,0.0
2015-08-04,209.6999969482422,210.25,208.8000030517578,209.3800048828125,175.0174102783203,81820800,0.0,0.0
2015-08-05,210.4499969482422,211.30999755859372,209.72999572753903,210.07000732421875,175.59414672851562,85786800,0.0,0.0
2015-08-06,210.2899932861328,210.4199981689453,207.6499938964844,208.3500061035156,174.1563720703125,116030800,0.0,0.0
2015-08-07,208.16000366210935,208.33999633789065,206.8699951171875,207.9499969482422,173.82205200195312,117858000,0.0,0.0
2015-08-10,209.27999877929688,210.6699981689453,209.27999877929688,210.57000732421875,176.01206970214844,80270700,0.0,0.0
2015-08-11,208.97000122070312,209.47000122070312,207.75999450683597,208.6699981689453,174.42391967773438,126081400,0.0,0.0
2015-08-12,207.1100006103516,209.13999938964844,205.3600006103516,208.9199981689453,174.6328582763672,172123700,0.0,0.0
2015-08-13,208.72999572753903,209.5500030517578,208.00999450683597,208.66000366210935,174.41549682617188,89383300,0.0,0.0
2015-08-14,208.42999267578125,209.50999450683597,208.25999450683597,209.4199981689453,175.05081176757812,72786500,0.0,0.0
2015-08-17,208.7100067138672,210.58999633789065,208.16000366210935,210.58999633789065,176.0287628173828,79072600,0.0,0.0
2015-08-18,210.25999450683597,210.67999267578125,209.6999969482422,209.97999572753903,175.5188751220703,71692700,0.0,0.0
2015-08-19,209.08999633789065,210.00999450683597,207.3500061035156,208.32000732421875,174.13134765625,172946000,0.0,0.0
2015-08-20,206.50999450683597,208.2899932861328,203.8999938964844,203.97000122070312,170.4952850341797,194327900,0.0,0.0
2015-08-21,201.72999572753903,203.94000244140625,197.5200042724609,197.8300018310547,165.36288452148438,346588500,0.0,0.0
2015-08-24,187.4900054931641,197.47999572753903,182.3999938964844,189.5,158.39999389648438,507244300,0.0,0.0
2015-08-25,195.42999267578125,195.4499969482422,186.9199981689453,187.2700042724609,156.53598022460938,369833100,0.0,0.0
2015-08-26,192.0800018310547,194.7899932861328,188.3699951171875,194.4600067138672,162.5460205078125,339257000,0.0,0.0
2015-08-27,197.0200042724609,199.4199981689453,195.2100067138672,199.2700042724609,166.56658935546875,274143900,0.0,0.0
2015-08-28,198.5,199.83999633789065,197.9199981689453,199.27999877929688,166.57489013671875,160414400,0.0,0.0
2015-08-31,198.1100006103516,199.1300048828125,197.00999450683597,197.6699981689453,165.22915649414062,163298800,0.0,0.0
2015-09-01,193.1199951171875,194.7700042724609,190.72999572753903,191.7700042724609,160.2974395751953,256000400,0.0,0.0
2015-09-02,194.6199951171875,195.4600067138672,192.4199981689453,195.41000366210935,163.34007263183594,160269300,0.0,0.0
2015-09-03,196.25999450683597,198.0500030517578,194.9600067138672,195.5500030517578,163.45706176757812,152087800,0.0,0.0
2015-09-04,192.8500061035156,193.8600006103516,191.6100006103516,192.58999633789065,160.98287963867188,207081000,0.0,0.0
2015-09-08,195.94000244140625,197.6100006103516,195.1699981689453,197.42999267578125,165.02857971191406,116025700,0.0,0.0
2015-09-09,199.32000732421875,199.47000122070312,194.3500061035156,194.7899932861328,162.82183837890625,149347700,0.0,0.0
2015-09-10,194.55999755859372,197.22000122070312,194.25,195.8500061035156,163.7078399658203,158611100,0.0,0.0
2015-09-11,195.3800048828125,196.82000732421875,194.52999877929688,196.7400054931641,164.45181274414062,119691200,0.0,0.0
2015-09-14,196.9499969482422,197.00999450683597,195.42999267578125,196.00999450683597,163.8415985107422,79452000,0.0,0.0
2015-09-15,196.6100006103516,198.9900054931641,195.9600067138672,198.4600067138672,165.88949584960938,113806200,0.0,0.0
2015-09-16,198.82000732421875,200.41000366210935,198.41000366210935,200.17999267578125,167.32725524902344,99581600,0.0,0.0
2015-09-17,200.0200042724609,202.88999938964844,199.27999877929688,199.72999572753903,166.9510498046875,276046600,0.0,0.0
2015-09-18,195.7100067138672,198.67999267578125,194.9600067138672,195.4499969482422,164.22283935546875,223657500,1.033,0.0
2015-09-21,196.44000244140625,197.67999267578125,195.2100067138672,196.4600067138672,165.071533203125,105726200,0.0,0.0
2015-09-22,193.8800048828125,194.4600067138672,192.55999755859372,193.91000366210935,162.9289093017578,153890900,0.0,0.0
2015-09-23,194.1100006103516,194.6699981689453,192.91000366210935,193.6000061035156,162.6684112548828,92790600,0.0,0.0
2015-09-24,192.1499938964844,193.4499969482422,190.55999755859372,192.8999938964844,162.08026123046875,159378800,0.0,0.0
2015-09-25,194.63999938964844,195.0,191.80999755859372,192.8500061035156,162.03822326660156,155054800,0.0,0.0
2015-09-28,191.77999877929688,191.91000366210935,187.63999938964844,188.00999450683597,157.97154235839844,178515900,0.0,0.0
2015-09-29,188.2700042724609,189.7400054931641,186.92999267578125,188.1199951171875,158.06399536132812,159045600,0.0,0.0
2015-09-30,190.3699951171875,191.8300018310547,189.44000244140625,191.6300048828125,161.01319885253906,163452000,0.0,0.0
2015-10-01,192.0800018310547,192.4900054931641,189.82000732421875,192.1300048828125,161.43328857421875,131079000,0.0,0.0
2015-10-02,189.7700042724609,195.02999877929688,189.1199951171875,195.0,163.8446807861328,211003300,0.0,0.0
2015-10-05,196.4600067138672,198.7400054931641,196.3300018310547,198.47000122070312,166.7603302001953,126320800,0.0,0.0
2015-10-06,198.30999755859372,198.97999572753903,197.0,197.7899932861328,166.18899536132812,110274500,0.0,0.0
2015-10-07,198.8999938964844,199.8300018310547,197.47999572753903,199.41000366210935,167.5501708984375,124307300,0.0,0.0
2015-10-08,198.9499969482422,201.5500030517578,198.58999633789065,201.2100067138672,169.0625762939453,153055200,0.0,0.0
2015-10-09,201.3800048828125,201.8999938964844,200.5800018310547,201.3300018310547,169.16342163085938,107069200,0.0,0.0
2015-10-12,201.4199981689453,201.75999450683597,200.91000366210935,201.5200042724609,169.32305908203125,56395600,0.0,0.0
2015-10-13,200.6499938964844,202.16000366210935,200.0500030517578,200.25,168.2559814453125,88038700,0.0,0.0
2015-10-14,200.17999267578125,200.8699951171875,198.94000244140625,199.2899932861328,167.4492950439453,99106200,0.0,0.0
2015-10-15,200.0800018310547,202.3600006103516,199.63999938964844,202.3500061035156,170.02044677734375,134142200,0.0,0.0
2015-10-16,202.8300018310547,203.2899932861328,201.9199981689453,203.2700042724609,170.79347229003906,114580100,0.0,0.0
2015-10-19,202.5,203.3699951171875,202.1300048828125,203.3699951171875,170.87745666503906,76523900,0.0,0.0
2015-10-20,202.8500061035156,203.83999633789065,202.5500030517578,203.1100006103516,170.65896606445312,78448500,0.0,0.0
2015-10-21,203.6100006103516,203.7899932861328,201.6499938964844,201.8500061035156,169.60031127929688,102038000,0.0,0.0
2015-10-22,202.97999572753903,205.50999450683597,201.8500061035156,205.25999450683597,172.4654998779297,174911700,0.0,0.0
2015-10-23,207.25,207.9499969482422,206.3000030517578,207.50999450683597,174.3560791015625,144442300,0.0,0.0
2015-10-26,207.3000030517578,207.3699951171875,206.55999755859372,207.0,173.927490234375,69033000,0.0,0.0
2015-10-27,206.1999969482422,207.0,205.7899932861328,206.6000061035156,173.5914306640625,77905800,0.0,0.0
2015-10-28,207.0,208.97999572753903,206.2100067138672,208.9499969482422,175.56594848632812,135906700,0.0,0.0
2015-10-29,208.3500061035156,209.2700042724609,208.2100067138672,208.8300018310547,175.46514892578125,90525500,0.0,0.0
2015-10-30,209.05999755859372,209.44000244140625,207.7400054931641,207.92999267578125,174.7089080810547,131076900,0.0,0.0
2015-11-02,208.32000732421875,210.6199951171875,208.1699981689453,210.38999938964844,176.77589416503906,86270800,0.0,0.0
2015-11-03,209.97000122070312,211.66000366210935,209.6999969482422,211.0,177.28842163085938,95246100,0.0,0.0
2015-11-04,211.3500061035156,211.5,209.72000122070312,210.3600006103516,176.75062561035156,96224500,0.0,0.0
2015-11-05,210.42999267578125,210.97999572753903,209.08999633789065,210.1499938964844,176.57423400878906,78408700,0.0,0.0
2015-11-06,209.7400054931641,210.32000732421875,208.4600067138672,210.0399932861328,176.4818115234375,110471500,0.0,0.0
2015-11-09,209.30999755859372,209.4900054931641,206.9499969482422,208.0800018310547,174.83494567871094,131008700,0.0,0.0
2015-11-10,207.50999450683597,208.6000061035156,207.19000244140625,208.55999755859372,175.23822021484375,75874600,0.0,0.0
2015-11-11,208.8800048828125,208.94000244140625,207.66000366210935,207.7400054931641,174.54930114746094,67846000,0.0,0.0
2015-11-12,206.5,207.05999755859372,204.82000732421875,204.83999633789065,172.1125946044922,121315200,0.0,0.0
2015-11-13,204.3500061035156,204.6699981689453,202.44000244140625,202.5399932861328,170.18006896972656,153577100,0.0,0.0
2015-11-16,202.32000732421875,205.69000244140625,202.17999267578125,205.6199951171875,172.76800537109375,117645200,0.0,0.0
2015-11-17,205.9900054931641,207.0399932861328,204.8800048828125,205.47000122070312,172.6419677734375,121123700,0.0,0.0
2015-11-18,206.0399932861328,208.8999938964844,205.9900054931641,208.72999572753903,175.381103515625,121342500,0.0,0.0
2015-11-19,208.58999633789065,209.0500030517578,208.1999969482422,208.5500030517578,175.2298583984375,88220500,0.0,0.0
2015-11-20,209.4499969482422,210.1199951171875,208.8600006103516,209.30999755859372,175.86842346191406,94011500,0.0,0.0
2015-11-23,209.3800048828125,209.97999572753903,208.5200042724609,209.07000732421875,175.666748046875,64931200,0.0,0.0
2015-11-24,207.8699951171875,209.8300018310547,207.41000366210935,209.3500061035156,175.9020538330078,98874400,0.0,0.0
2015-11-25,209.5,209.7400054931641,209.00999450683597,209.32000732421875,175.87681579589844,51980100,0.0,0.0
2015-11-27,209.42999267578125,209.8000030517578,208.8600006103516,209.55999755859372,176.07847595214844,37317800,0.0,0.0
2015-11-30,209.75,209.88999938964844,208.55999755859372,208.69000244140625,175.34750366210938,112822700,0.0,0.0
2015-12-01,209.44000244140625,210.82000732421875,209.1100006103516,210.67999267578125,177.01953125,97858400,0.0,0.0
2015-12-02,210.6199951171875,211.0,208.22999572753903,208.52999877929688,175.2130584716797,108441300,0.0,0.0
2015-12-03,208.8300018310547,209.1499938964844,204.75,205.6100006103516,172.75961303710938,166224200,0.0,0.0
2015-12-04,205.6100006103516,209.97000122070312,205.6100006103516,209.6199951171875,176.12893676757812,192913900,0.0,0.0
2015-12-07,209.22999572753903,209.72999572753903,207.1999969482422,208.3500061035156,175.0618438720703,102027100,0.0,0.0
2015-12-08,206.4900054931641,208.2899932861328,205.77999877929688,206.9499969482422,173.8854522705078,103372400,0.0,0.0
2015-12-09,206.19000244140625,208.67999267578125,204.17999267578125,205.33999633789065,172.53271484375,162401500,0.0,0.0
2015-12-10,205.4199981689453,207.42999267578125,205.13999938964844,205.8699951171875,172.9780731201172,116128900,0.0,0.0
2015-12-11,203.3500061035156,204.13999938964844,201.50999450683597,201.8800048828125,169.62550354003906,211173300,0.0,0.0
2015-12-14,202.07000732421875,203.0500030517578,199.9499969482422,202.8999938964844,170.48257446289062,182385200,0.0,0.0
2015-12-15,204.6999969482422,206.1100006103516,202.8699951171875,205.02999877929688,172.27223205566406,154069600,0.0,0.0
2015-12-16,206.3699951171875,208.38999938964844,204.8000030517578,208.02999877929688,174.79290771484375,197017000,0.0,0.0
2015-12-17,208.3999938964844,208.47999572753903,204.83999633789065,204.8600006103516,172.12939453125,173092500,0.0,0.0
2015-12-18,202.7700042724609,202.92999267578125,199.8300018310547,200.0200042724609,169.06292724609375,251393500,1.212,0.0
2015-12-21,201.41000366210935,201.8800048828125,200.08999633789065,201.6699981689453,170.45750427246094,99094300,0.0,0.0
2015-12-22,202.72000122070312,203.8500061035156,201.5500030517578,203.5,172.00436401367188,111026200,0.0,0.0
2015-12-23,204.69000244140625,206.07000732421875,204.5800018310547,206.0200042724609,174.1343231201172,110987200,0.0,0.0
2015-12-24,205.72000122070312,206.3300018310547,205.4199981689453,205.67999267578125,173.84690856933594,48539600,0.0,0.0
2015-12-28,204.8600006103516,205.25999450683597,203.94000244140625,205.2100067138672,173.4496612548828,65899900,0.0,0.0
2015-12-29,206.50999450683597,207.7899932861328,206.47000122070312,207.3999938964844,175.30068969726562,92640700,0.0,0.0
2015-12-30,207.1100006103516,207.2100067138672,205.75999450683597,205.92999267578125,174.0582275390625,63317700,0.0,0.0
2015-12-31,205.1300048828125,205.88999938964844,203.8699951171875,203.8699951171875,172.31704711914062,114877900,0.0,0.0
2016-01-04,200.4900054931641,201.02999877929688,198.58999633789065,201.0200042724609,169.9081573486328,222353500,0.0,0.0
2016-01-05,201.3999938964844,201.8999938964844,200.0500030517578,201.3600006103516,170.195556640625,110845800,0.0,0.0
2016-01-06,198.33999633789065,200.05999755859372,197.6000061035156,198.82000732421875,168.04864501953125,152112600,0.0,0.0
2016-01-07,195.3300018310547,197.44000244140625,193.58999633789065,194.0500030517578,164.016845703125,213436100,0.0,0.0
2016-01-08,195.19000244140625,195.8500061035156,191.5800018310547,191.9199981689453,162.21653747558594,209817200,0.0,0.0
2016-01-11,193.00999450683597,193.41000366210935,189.82000732421875,192.1100006103516,162.37721252441406,187941300,0.0,0.0
2016-01-12,193.82000732421875,194.5500030517578,191.13999938964844,193.66000366210935,163.6873016357422,172330500,0.0,0.0
2016-01-13,194.4499969482422,194.8600006103516,188.3800048828125,188.8300018310547,159.60479736328125,221168900,0.0,0.0
2016-01-14,189.5500030517578,193.25999450683597,187.66000366210935,191.92999267578125,162.22499084472656,240795600,0.0,0.0
2016-01-15,186.7700042724609,188.75999450683597,185.5200042724609,187.80999755859372,158.74266052246094,324846400,0.0,0.0
2016-01-19,189.9600067138672,190.1100006103516,186.1999969482422,188.05999755859372,158.9540252685547,195244400,0.0,0.0
2016-01-20,185.02999877929688,187.5,181.0200042724609,185.6499938964844,156.91696166992188,286547800,0.0,0.0
2016-01-21,186.2100067138672,188.8699951171875,184.63999938964844,186.69000244140625,157.79600524902344,195772900,0.0,0.0
2016-01-22,189.77999877929688,190.75999450683597,188.8800048828125,190.5200042724609,161.03318786621094,168319600,0.0,0.0
2016-01-25,189.9199981689453,190.1499938964844,187.41000366210935,187.63999938964844,158.59896850585938,130371700,0.0,0.0
2016-01-26,188.4199981689453,190.52999877929688,188.0200042724609,190.1999969482422,160.7627410888672,141036800,0.0,0.0
2016-01-27,189.5800018310547,191.55999755859372,187.05999755859372,188.1300048828125,159.0131378173828,185681700,0.0,0.0
2016-01-28,189.9600067138672,190.1999969482422,187.16000366210935,189.1100006103516,159.84146118164062,143798800,0.0,0.0
2016-01-29,190.0200042724609,193.8800048828125,189.8800048828125,193.72000122070312,163.7379913330078,210529300,0.0,0.0
2016-02-01,192.52999877929688,194.5800018310547,191.83999633789065,193.6499938964844,163.67877197265625,136061600,0.0,0.0
2016-02-02,191.9600067138672,191.97000122070312,189.5399932861328,190.16000366210935,160.72898864746094,182564900,0.0,0.0
2016-02-03,191.41000366210935,191.77999877929688,187.1000061035156,191.3000030517578,161.69248962402344,205054900,0.0,0.0
2016-02-04,190.7100067138672,192.75,189.9600067138672,191.6000061035156,161.94606018066406,139531800,0.0,0.0
2016-02-05,190.9900054931641,191.6699981689453,187.1999969482422,187.9499969482422,158.86099243164062,180788300,0.0,0.0
2016-02-08,185.7700042724609,186.1199951171875,182.8000030517578,185.4199981689453,156.7225799560547,191526700,0.0,0.0
2016-02-09,183.3600006103516,186.94000244140625,183.1999969482422,185.42999267578125,156.7310333251953,184513100,0.0,0.0
2016-02-10,186.41000366210935,188.33999633789065,185.1199951171875,185.2700042724609,156.5957794189453,148214100,0.0,0.0
2016-02-11,182.33999633789065,184.1000061035156,181.08999633789065,182.8600006103516,154.5587921142578,219058900,0.0,0.0
2016-02-12,184.9600067138672,186.6499938964844,183.9600067138672,186.6300048828125,157.74530029296875,127632400,0.0,0.0
2016-02-16,188.7700042724609,189.80999755859372,187.6300048828125,189.77999877929688,160.4077606201172,120250700,0.0,0.0
2016-02-17,191.16000366210935,193.32000732421875,191.00999450683597,192.8800048828125,163.0279541015625,136009500,0.0,0.0
2016-02-18,193.1999969482422,193.2700042724609,191.72000122070312,192.08999633789065,162.3602752685547,102343000,0.0,0.0
2016-02-19,191.1699981689453,192.17999267578125,190.4499969482422,192.0,162.28416442871094,114793000,0.0,0.0
2016-02-22,193.8699951171875,194.9499969482422,193.7899932861328,194.77999877929688,164.6339111328125,103640300,0.0,0.0
2016-02-23,194.0,194.32000732421875,192.17999267578125,192.32000732421875,162.55465698242188,111455300,0.0,0.0
2016-02-24,190.6300048828125,193.52999877929688,189.32000732421875,193.1999969482422,163.29840087890625,150812200,0.0,0.0
2016-02-25,193.72999572753903,195.5500030517578,192.8300018310547,195.5399932861328,165.27622985839844,110728300,0.0,0.0
2016-02-26,196.57000732421875,196.67999267578125,194.8999938964844,195.08999633789065,164.89596557617188,129833700,0.0,0.0
2016-02-29,195.1100006103516,196.22999572753903,193.3300018310547,193.55999755859372,163.60275268554688,125918100,0.0,0.0
2016-03-01,195.00999450683597,198.2100067138672,194.4499969482422,198.1100006103516,167.4485626220703,141799700,0.0,0.0
2016-03-02,197.7400054931641,199.05999755859372,197.25,199.0,168.2007598876953,102415000,0.0,0.0
2016-03-03,198.7899932861328,199.8000030517578,198.1100006103516,199.77999877929688,168.8600616455078,95172200,0.0,0.0
2016-03-04,200.00999450683597,201.3500061035156,199.02999877929688,200.42999267578125,169.4095001220703,129293600,0.0,0.0
2016-03-07,199.33999633789065,201.07000732421875,199.25,200.58999633789065,169.544677734375,100219000,0.0,0.0
2016-03-08,199.32000732421875,199.9199981689453,198.2100067138672,198.3999938964844,167.6936492919922,123974900,0.0,0.0
2016-03-09,199.3600006103516,199.7899932861328,198.42999267578125,199.3800048828125,168.52198791503906,94801200,0.0,0.0
2016-03-10,199.9600067138672,201.07000732421875,197.3800048828125,199.5399932861328,168.65724182128906,156838700,0.0,0.0
2016-03-11,201.25999450683597,202.80999755859372,199.5200042724609,202.75999450683597,171.37884521484375,137964500,0.0,0.0
2016-03-14,202.16000366210935,203.0399932861328,201.7700042724609,202.5,171.1591033935547,73612000,0.0,0.0
2016-03-15,201.3600006103516,202.52999877929688,201.0500030517578,202.1699981689453,170.88014221191406,93169100,0.0,0.0
2016-03-16,201.6000061035156,203.82000732421875,201.5500030517578,203.33999633789065,171.86911010742188,129303200,0.0,0.0
2016-03-17,203.2400054931641,205.22999572753903,202.7700042724609,204.6300048828125,172.95945739746094,134278500,0.0,0.0
2016-03-18,204.1699981689453,204.77999877929688,203.8000030517578,204.3800048828125,173.63909912109375,138372400,1.05,0.0
2016-03-21,204.07000732421875,204.94000244140625,203.8000030517578,204.6699981689453,173.88543701171875,72926700,0.0,0.0
2016-03-22,203.75999450683597,205.22999572753903,203.57000732421875,204.55999755859372,173.79200744628906,97471900,0.0,0.0
2016-03-23,204.1100006103516,204.3300018310547,203.00999450683597,203.2100067138672,172.6450653076172,81052500,0.0,0.0
2016-03-24,202.0,203.16000366210935,201.7400054931641,203.1199951171875,172.5686492919922,84360900,0.0,0.0
2016-03-28,203.6100006103516,203.8600006103516,202.7100067138672,203.2400054931641,172.67054748535156,62408200,0.0,0.0
2016-03-29,202.75999450683597,205.25,202.3999938964844,205.1199951171875,174.2677764892578,92922900,0.0,0.0
2016-03-30,206.3000030517578,206.8699951171875,205.58999633789065,206.0200042724609,175.03245544433594,86365300,0.0,0.0
2016-03-31,205.91000366210935,206.41000366210935,205.3300018310547,205.5200042724609,174.60760498046875,94584100,0.0,0.0
2016-04-01,204.3500061035156,207.13999938964844,203.97999572753903,206.9199981689453,175.7970428466797,114423500,0.0,0.0
2016-04-04,206.8300018310547,207.07000732421875,205.88999938964844,206.25,175.2278594970703,63497000,0.0,0.0
2016-04-05,204.6699981689453,206.25999450683597,203.88999938964844,204.19000244140625,173.47767639160156,99662200,0.0,0.0
2016-04-06,204.19000244140625,206.4900054931641,203.97999572753903,206.4199981689453,175.37222290039062,91839800,0.0,0.0
2016-04-07,205.13999938964844,205.55999755859372,203.08999633789065,203.9499969482422,173.27374267578125,113859000,0.0,0.0
2016-04-08,205.33999633789065,205.8500061035156,203.8699951171875,204.5,173.7410125732422,95040600,0.0,0.0
2016-04-11,205.25,206.07000732421875,203.91000366210935,204.0200042724609,173.333251953125,83757500,0.0,0.0
2016-04-12,204.22000122070312,206.25,203.6999969482422,205.9199981689453,174.9474334716797,115350600,0.0,0.0
2016-04-13,207.0,208.1000061035156,206.83999633789065,208.0,176.71463012695312,96336400,0.0,0.0
2016-04-14,208.07000732421875,208.6000061035156,207.6000061035156,208.00999450683597,176.7230224609375,65212900,0.0,0.0
2016-04-15,208.00999450683597,208.1699981689453,207.3999938964844,207.77999877929688,176.52767944335938,75761600,0.0,0.0
2016-04-18,207.77999877929688,209.27999877929688,207.0,209.2400054931641,177.7681121826172,82531000,0.0,0.0
2016-04-19,209.7400054931641,210.1999969482422,208.94000244140625,209.8999938964844,178.32882690429688,88316100,0.0,0.0
2016-04-20,209.9499969482422,210.9199981689453,209.38999938964844,210.1000061035156,178.49868774414062,81100300,0.0,0.0
2016-04-21,210.1199951171875,210.25,208.6499938964844,208.97000122070312,177.53871154785156,85695000,0.0,0.0
2016-04-22,208.5500030517578,209.2899932861328,207.91000366210935,208.97000122070312,177.53871154785156,99251700,0.0,0.0
2016-04-25,208.25999450683597,208.66000366210935,207.5399932861328,208.6100006103516,177.23284912109375,66166500,0.0,0.0
2016-04-26,209.0399932861328,209.5200042724609,208.3600006103516,208.9199981689453,177.4962158203125,75864200,0.0,0.0
2016-04-27,208.47000122070312,209.80999755859372,208.0500030517578,209.3500061035156,177.861572265625,77329400,0.0,0.0
2016-04-28,208.4600067138672,209.75999450683597,206.9600067138672,207.4499969482422,176.24732971191406,97216200,0.0,0.0
2016-04-29,206.72000122070312,207.1300048828125,205.02999877929688,206.3300018310547,175.29580688476562,142424100,0.0,0.0
2016-05-02,206.9199981689453,208.17999267578125,206.41000366210935,207.97000122070312,176.68914794921875,62188000,0.0,0.0
2016-05-03,206.5200042724609,206.8000030517578,205.27999877929688,206.16000366210935,175.15135192871094,106422100,0.0,0.0
2016-05-04,204.9900054931641,205.8500061035156,204.4199981689453,205.00999450683597,174.17434692382812,92243800,0.0,0.0
2016-05-05,205.55999755859372,205.97999572753903,204.47000122070312,204.97000122070312,174.14035034179688,67619200,0.0,0.0
2016-05-06,204.05999755859372,205.7700042724609,203.8800048828125,205.72000122070312,174.777587890625,89315000,0.0,0.0
2016-05-09,205.57000732421875,206.3999938964844,205.3600006103516,205.88999938964844,174.9219512939453,74374900,0.0,0.0
2016-05-10,206.72000122070312,208.47000122070312,206.63999938964844,208.4499969482422,177.09695434570312,77472200,0.0,0.0
2016-05-11,207.91000366210935,208.5399932861328,206.5,206.5,175.4402313232422,81727000,0.0,0.0
2016-05-12,207.2899932861328,207.4900054931641,205.3699951171875,206.55999755859372,175.4912109375,89586300,0.0,0.0
2016-05-13,206.2100067138672,206.8600006103516,204.3800048828125,204.75999450683597,173.9619903564453,96474600,0.0,0.0
2016-05-16,204.9600067138672,207.33999633789065,204.88999938964844,206.77999877929688,175.67813110351562,77486800,0.0,0.0
2016-05-17,206.4600067138672,206.8000030517578,204.22999572753903,204.8500061035156,174.03839111328125,114924900,0.0,0.0
2016-05-18,204.44000244140625,206.3000030517578,203.6300048828125,204.91000366210935,174.08937072753906,120062100,0.0,0.0
2016-05-19,204.05999755859372,204.5399932861328,202.77999877929688,204.1999969482422,173.48614501953125,115430500,0.0,0.0
2016-05-20,204.9199981689453,206.1000061035156,204.8600006103516,205.4900054931641,174.5821533203125,104990400,0.0,0.0
2016-05-23,205.50999450683597,205.83999633789065,204.9900054931641,205.2100067138672,174.3442840576172,58682600,0.0,0.0
2016-05-24,206.1699981689453,208.2400054931641,206.13999938964844,207.8699951171875,176.60421752929688,93537800,0.0,0.0
2016-05-25,208.6699981689453,209.7700042724609,207.8699951171875,209.27999877929688,177.8020782470703,76621400,0.0,0.0
2016-05-26,209.44000244140625,209.7100067138672,208.97000122070312,209.33999633789065,177.85305786132812,55280700,0.0,0.0
2016-05-27,209.52999877929688,210.25,209.47000122070312,210.2400054931641,178.61769104003906,64211200,0.0,0.0
2016-05-31,210.55999755859372,210.69000244140625,209.17999267578125,209.83999633789065,178.27786254882812,109879400,0.0,0.0
2016-06-01,209.1199951171875,210.47999572753903,208.88999938964844,210.2700042724609,178.64315795898438,69936200,0.0,0.0
2016-06-02,209.8000030517578,210.92999267578125,209.2400054931641,210.91000366210935,179.18695068359375,63044700,0.0,0.0
2016-06-03,210.25,210.69000244140625,208.8600006103516,210.27999877929688,178.65167236328125,101757100,0.0,0.0
2016-06-06,210.6999969482422,211.7700042724609,210.50999450683597,211.3500061035156,179.5607147216797,64887000,0.0,0.0
2016-06-07,211.52999877929688,212.33999633789065,211.5,211.67999267578125,179.84107971191406,60974800,0.0,0.0
2016-06-08,211.83999633789065,212.5200042724609,211.69000244140625,212.3699951171875,180.4272918701172,66170900,0.0,0.0
2016-06-09,211.50999450683597,212.22000122070312,211.19000244140625,212.0800018310547,180.18096923828125,73786900,0.0,0.0
2016-06-10,210.4600067138672,210.8600006103516,209.42999267578125,210.07000732421875,178.4732666015625,113829200,0.0,0.0
2016-06-13,209.3600006103516,210.3699951171875,208.3500061035156,208.4499969482422,177.09695434570312,117751200,0.0,0.0
2016-06-14,208.0,208.7400054931641,206.9199981689453,208.0399932861328,176.74859619140625,125059300,0.0,0.0
2016-06-15,208.0399932861328,209.3600006103516,207.52999877929688,207.75,176.502197265625,109124500,0.0,0.0
2016-06-16,207.75,208.57000732421875,205.58999633789065,208.3699951171875,177.0290069580078,149533100,0.0,0.0
2016-06-17,207.1699981689453,207.1999969482422,205.75,206.5200042724609,176.3697052001953,117055700,1.078,0.0
2016-06-20,208.82000732421875,209.6100006103516,207.75,207.8500061035156,177.50550842285156,82789600,0.0,0.0
2016-06-21,208.3000030517578,208.9199981689453,207.77999877929688,208.44000244140625,178.0093994140625,72461700,0.0,0.0
2016-06-22,208.6499938964844,209.5,207.92999267578125,208.1000061035156,177.7190399169922,95560500,0.0,0.0
2016-06-23,209.80999755859372,210.8699951171875,209.2700042724609,210.80999755859372,180.03335571289062,102731400,0.0,0.0
2016-06-24,203.6300048828125,210.8500061035156,202.72000122070312,203.2400054931641,173.5685272216797,333444400,0.0,0.0
2016-06-27,201.58999633789065,201.6000061035156,198.6499938964844,199.6000061035156,170.45994567871094,230775800,0.0,0.0
2016-06-28,201.47999572753903,203.22999572753903,201.1199951171875,203.1999969482422,173.53436279296875,159382400,0.0,0.0
2016-06-29,204.83999633789065,206.92999267578125,204.72000122070312,206.66000366210935,176.4892120361328,137328600,0.0,0.0
2016-06-30,207.2100067138672,209.5399932861328,206.55999755859372,209.47999572753903,178.89752197265625,165021900,0.0,0.0
2016-07-01,209.47999572753903,210.4900054931641,209.2899932861328,209.9199981689453,179.2732696533203,106055300,0.0,0.0
2016-07-05,208.9499969482422,209.0800018310547,207.7100067138672,208.41000366210935,177.9837646484375,109803700,0.0,0.0
2016-07-06,207.8300018310547,209.8000030517578,207.05999755859372,209.66000366210935,179.05126953125,96021500,0.0,0.0
2016-07-07,209.8699951171875,210.6499938964844,208.6300048828125,209.52999877929688,178.94021606445312,85593800,0.0,0.0
2016-07-08,211.0500030517578,212.94000244140625,210.77999877929688,212.6499938964844,181.6047515869141,133971000,0.0,0.0
2016-07-11,213.19000244140625,214.07000732421875,212.9499969482422,213.3999938964844,182.2452545166016,73633900,0.0,0.0
2016-07-12,214.52999877929688,215.3000030517578,213.42999267578125,214.9499969482422,183.56900024414065,101275600,0.0,0.0
2016-07-13,215.44000244140625,215.4499969482422,214.3500061035156,214.9199981689453,183.5433349609375,87324100,0.0,0.0
2016-07-14,216.3999938964844,216.6699981689453,215.66000366210935,216.1199951171875,184.568115234375,91230900,0.0,0.0
2016-07-15,216.77999877929688,217.00999450683597,215.30999755859372,215.8300018310547,184.3205108642578,107155400,0.0,0.0
2016-07-18,215.97000122070312,216.6000061035156,215.6699981689453,216.41000366210935,184.81578063964844,58725900,0.0,0.0
2016-07-19,215.9199981689453,216.22999572753903,215.6300048828125,216.19000244140625,184.6279296875,54345700,0.0,0.0
2016-07-20,216.19000244140625,217.3699951171875,216.19000244140625,217.08999633789065,185.39649963378903,58159500,0.0,0.0
2016-07-21,216.9600067138672,217.22000122070312,215.75,216.2700042724609,184.6962432861328,67777300,0.0,0.0
2016-07-22,216.41000366210935,217.3000030517578,216.1000061035156,217.2400054931641,185.5246734619141,62787500,0.0,0.0
2016-07-25,217.0,217.05999755859372,215.97000122070312,216.6499938964844,185.02078247070312,55873100,0.0,0.0
2016-07-26,216.52999877929688,217.1699981689453,215.75999450683597,216.75,185.10617065429688,70080500,0.0,0.0
2016-07-27,217.19000244140625,217.2700042724609,215.6199951171875,216.5200042724609,184.9097595214844,84083900,0.0,0.0
2016-07-28,216.2899932861328,217.1100006103516,215.75,216.7700042724609,185.12327575683597,65035700,0.0,0.0
2016-07-29,216.4600067138672,217.5399932861328,216.1300048828125,217.1199951171875,185.42218017578125,79519400,0.0,0.0
2016-08-01,217.19000244140625,217.6499938964844,216.41000366210935,216.94000244140625,185.2684326171875,73311400,0.0,0.0
2016-08-02,216.6499938964844,216.8300018310547,214.57000732421875,215.5500030517578,184.0813751220703,92295500,0.0,0.0
2016-08-03,215.47999572753903,216.25,215.1300048828125,216.17999267578125,184.6193389892578,53993600,0.0,0.0
2016-08-04,216.30999755859372,216.77999877929688,214.25,216.41000366210935,184.81578063964844,46585500,0.0,0.0
2016-08-05,216.41000366210935,218.22999572753903,216.41000366210935,218.17999267578125,186.327392578125,71892200,0.0,0.0
2016-08-08,218.3999938964844,218.5200042724609,217.7400054931641,218.0500030517578,186.2164001464844,39906500,0.0,0.0
2016-08-09,218.1300048828125,218.75999450683597,217.8000030517578,218.17999267578125,186.327392578125,51251700,0.0,0.0
2016-08-10,218.30999755859372,218.3999938964844,217.22999572753903,217.63999938964844,185.86627197265625,57941100,0.0,0.0
2016-08-11,218.25999450683597,218.94000244140625,217.9499969482422,218.6499938964844,186.7287750244141,72504300,0.0,0.0
2016-08-12,218.2899932861328,218.7100067138672,217.9900054931641,218.4600067138672,186.5665283203125,61313500,0.0,0.0
2016-08-15,218.88999938964844,219.5,218.8800048828125,219.08999633789065,187.10452270507807,49813500,0.0,0.0
2016-08-16,218.6000061035156,218.67999267578125,217.9600067138672,217.9600067138672,186.13954162597656,53213600,0.0,0.0
2016-08-17,218.0,218.52999877929688,217.0200042724609,218.3699951171875,186.48963928222656,75134300,0.0,0.0
2016-08-18,218.33999633789065,218.8999938964844,218.2100067138672,218.8600006103516,186.9081268310547,52989300,0.0,0.0
2016-08-19,218.30999755859372,218.75,217.7400054931641,218.5399932861328,186.6348419189453,75443000,0.0,0.0
2016-08-22,218.25999450683597,218.8000030517578,217.8300018310547,218.52999877929688,186.6262664794922,61368800,0.0,0.0
2016-08-23,219.25,219.6000061035156,218.8999938964844,218.97000122070312,187.0020904541016,53399200,0.0,0.0
2016-08-24,218.8000030517578,218.91000366210935,217.3600006103516,217.8500061035156,186.04556274414065,71728900,0.0,0.0
2016-08-25,217.3999938964844,218.19000244140625,217.22000122070312,217.6999969482422,185.91751098632807,69224800,0.0,0.0
2016-08-26,217.9199981689453,219.1199951171875,216.25,217.2899932861328,185.5673370361328,122506300,0.0,0.0
2016-08-29,217.44000244140625,218.6699981689453,217.3999938964844,218.3600006103516,186.48110961914065,70502200,0.0,0.0
2016-08-30,218.25999450683597,218.58999633789065,217.3500061035156,218.0,186.17369079589844,58114500,0.0,0.0
2016-08-31,217.6100006103516,217.75,216.47000122070312,217.3800048828125,185.64422607421875,85269500,0.0,0.0
2016-09-01,217.3699951171875,217.72999572753903,216.02999877929688,217.38999938964844,185.6527404785156,97844200,0.0,0.0
2016-09-02,218.38999938964844,218.8699951171875,217.6999969482422,218.3699951171875,186.48963928222656,79293900,0.0,0.0
2016-09-06,218.6999969482422,219.1199951171875,217.8600006103516,219.02999877929688,187.0533142089844,56702100,0.0,0.0
2016-09-07,218.83999633789065,219.22000122070312,218.3000030517578,219.00999450683597,187.03619384765625,76554900,0.0,0.0
2016-09-08,218.6199951171875,218.94000244140625,218.1499938964844,218.50999450683597,186.60923767089844,74102900,0.0,0.0
2016-09-09,216.97000122070312,217.02999877929688,213.25,213.27999877929688,182.1427459716797,221589100,0.0,0.0
2016-09-12,212.38999938964844,216.80999755859372,212.30999755859372,216.33999633789065,184.75601196289065,168110900,0.0,0.0
2016-09-13,214.83999633789065,215.1499938964844,212.5,213.22999572753903,182.10006713867188,182828800,0.0,0.0
2016-09-14,213.2899932861328,214.6999969482422,212.5,213.1499938964844,182.03175354003903,134185500,0.0,0.0
2016-09-15,212.9600067138672,215.72999572753903,212.75,215.27999877929688,183.85073852539065,134427900,0.0,0.0
2016-09-16,213.47999572753903,213.69000244140625,212.57000732421875,213.3699951171875,183.1400451660156,155236400,1.082,0.0
2016-09-19,214.1300048828125,214.8800048828125,213.02999877929688,213.41000366210935,183.1744384765625,80250500,0.0,0.0
2016-09-20,214.41000366210935,214.58999633789065,213.3800048828125,213.4199981689453,183.18299865722656,69665300,0.0,0.0
2016-09-21,214.2400054931641,216.02999877929688,213.44000244140625,215.82000732421875,185.2429962158203,110284400,0.0,0.0
2016-09-22,217.0,217.52999877929688,216.7100067138672,217.17999267578125,186.41030883789065,76678700,0.0,0.0
2016-09-23,216.72000122070312,216.8800048828125,215.8800048828125,215.9900054931641,185.3888702392578,73630900,0.0,0.0
2016-09-26,215.0200042724609,215.22999572753903,214.00999450683597,214.2400054931641,183.88674926757807,89827300,0.0,0.0
2016-09-27,214.0500030517578,215.67999267578125,213.6199951171875,215.57000732421875,185.0283660888672,78494800,0.0,0.0
2016-09-28,215.8300018310547,216.82000732421875,214.7100067138672,216.63999938964844,185.9467620849609,87411000,0.0,0.0
2016-09-29,216.3999938964844,216.8699951171875,214.0399932861328,214.67999267578125,184.2644500732422,128070600,0.0,0.0
2016-09-30,215.6499938964844,217.1199951171875,215.3600006103516,216.3000030517578,185.65499877929688,117202900,0.0,0.0
2016-10-03,215.82000732421875,216.0399932861328,215.0399932861328,215.77999877929688,185.2086639404297,83512100,0.0,0.0
2016-10-04,215.91000366210935,216.1699981689453,213.9900054931641,214.67999267578125,184.2644500732422,119948100,0.0,0.0
2016-10-05,215.41000366210935,216.1300048828125,215.3300018310547,215.6300048828125,185.07989501953125,72816000,0.0,0.0
2016-10-06,215.3699951171875,216.0399932861328,214.7400054931641,215.77999877929688,185.2086639404297,62927400,0.0,0.0
2016-10-07,216.1000061035156,216.3000030517578,214.19000244140625,215.0399932861328,184.573486328125,89788300,0.0,0.0
2016-10-10,216.16000366210935,216.6999969482422,215.9900054931641,216.16000366210935,185.5348052978516,51855000,0.0,0.0
2016-10-11,215.66000366210935,215.7400054931641,212.5800018310547,213.42999267578125,183.19155883789065,130367400,0.0,0.0
2016-10-12,213.58999633789065,214.32000732421875,213.00999450683597,213.7100067138672,183.431884765625,73866100,0.0,0.0
2016-10-13,212.16000366210935,213.58999633789065,211.2100067138672,213.00999450683597,182.83111572265625,101357000,0.0,0.0
2016-10-14,214.1499938964844,214.69000244140625,213.02999877929688,213.1199951171875,182.9254913330078,93346200,0.0,0.0
2016-10-17,213.08999633789065,213.38999938964844,212.1699981689453,212.3800048828125,182.2903289794922,58275700,0.0,0.0
2016-10-18,214.2400054931641,214.30999755859372,213.2700042724609,213.7100067138672,183.431884765625,76869700,0.0,0.0
2016-10-19,214.0200042724609,214.63999938964844,213.6000061035156,214.27999877929688,183.921142578125,66519200,0.0,0.0
2016-10-20,213.8699951171875,214.52999877929688,213.1100006103516,213.8800048828125,183.57778930664065,73639800,0.0,0.0
2016-10-21,213.8800048828125,214.0800018310547,212.75999450683597,213.97999572753903,183.6636505126953,89089100,0.0,0.0
2016-10-24,215.0,215.32000732421875,214.47999572753903,214.88999938964844,184.4447021484375,60146600,0.0,0.0
2016-10-25,214.67999267578125,214.97999572753903,213.97999572753903,214.1699981689453,183.82672119140625,66542300,0.0,0.0
2016-10-26,213.2100067138672,214.4199981689453,212.92999267578125,213.7400054931641,183.4576416015625,75705500,0.0,0.0
2016-10-27,214.5800018310547,214.6199951171875,213.0800018310547,213.1699981689453,182.96841430664065,77220200,0.0,0.0
2016-10-28,213.13999938964844,213.92999267578125,211.7100067138672,212.5399932861328,182.4276580810547,140623200,0.0,0.0
2016-10-31,212.92999267578125,213.19000244140625,212.3600006103516,212.5500030517578,182.4362335205078,61272500,0.0,0.0
2016-11-01,212.92999267578125,212.9900054931641,209.6000061035156,211.00999450683597,181.1144256591797,122781800,0.0,0.0
2016-11-02,210.6499938964844,211.1000061035156,209.22999572753903,209.7400054931641,180.0244140625,103330800,0.0,0.0
2016-11-03,209.9900054931641,210.2400054931641,208.4600067138672,208.77999877929688,179.20034790039062,88939300,0.0,0.0
2016-11-04,208.91000366210935,209.88999938964844,208.3800048828125,208.5500030517578,179.00299072265625,109122100,0.0,0.0
2016-11-07,208.5500030517578,213.19000244140625,208.5500030517578,213.1499938964844,182.9512634277344,109794900,0.0,0.0
2016-11-08,212.69000244140625,214.7700042724609,212.3800048828125,214.1100006103516,183.7752227783203,106772100,0.0,0.0
2016-11-09,212.3699951171875,217.1000061035156,212.33999633789065,216.3800048828125,185.7236175537109,258429000,0.0,0.0
2016-11-10,217.3000030517578,218.30999755859372,215.22000122070312,216.9199981689453,186.1871032714844,172113300,0.0,0.0
2016-11-11,216.0800018310547,216.6999969482422,215.32000732421875,216.4199981689453,185.75796508789065,100552700,0.0,0.0
2016-11-14,217.02999877929688,217.2700042724609,215.72000122070312,216.58999633789065,185.90386962890625,94580000,0.0,0.0
2016-11-15,217.0399932861328,218.27999877929688,216.8000030517578,218.27999877929688,187.35438537597656,91652600,0.0,0.0
2016-11-16,217.55999755859372,218.13999938964844,217.4199981689453,217.8699951171875,187.0025177001953,65617700,0.0,0.0
2016-11-17,218.0500030517578,219.05999755859372,217.9199981689453,218.9900054931641,187.96380615234372,69797200,0.0,0.0
2016-11-18,219.07000732421875,219.2700042724609,218.2899932861328,218.5,187.5432586669922,86265800,0.0,0.0
2016-11-21,219.1699981689453,220.17999267578125,219.0,220.1499938964844,188.95948791503903,72402600,0.0,0.0
2016-11-22,220.50999450683597,220.7899932861328,219.72999572753903,220.5800018310547,189.32858276367188,67429000,0.0,0.0
2016-11-23,219.97999572753903,220.75999450683597,219.75,220.6999969482422,189.43157958984372,56620200,0.0,0.0
2016-11-25,221.1000061035156,221.55999755859372,221.00999450683597,221.5200042724609,190.1354217529297,37872300,0.0,0.0
2016-11-28,221.16000366210935,221.47999572753903,220.3600006103516,220.47999572753903,189.2427673339844,76572500,0.0,0.0
2016-11-29,220.5200042724609,221.44000244140625,220.1699981689453,220.91000366210935,189.61178588867188,69886700,0.0,0.0
2016-11-30,221.6300048828125,221.82000732421875,220.30999755859372,220.3800048828125,189.15684509277344,113291800,0.0,0.0
2016-12-01,220.72999572753903,220.72999572753903,219.1499938964844,219.57000732421875,188.46170043945312,79040500,0.0,0.0
2016-12-02,219.6699981689453,220.25,219.25999450683597,219.67999267578125,188.55609130859372,74840300,0.0,0.0
2016-12-05,220.6499938964844,221.3999938964844,220.4199981689453,221.0,189.68907165527344,67837800,0.0,0.0
2016-12-06,221.22000122070312,221.7400054931641,220.66000366210935,221.6999969482422,190.28990173339844,59877400,0.0,0.0
2016-12-07,221.5200042724609,224.6699981689453,221.3800048828125,224.6000061035156,192.779052734375,110738100,0.0,0.0
2016-12-08,224.57000732421875,225.6999969482422,224.25999450683597,225.1499938964844,193.25115966796875,99714400,0.0,0.0
2016-12-09,225.41000366210935,226.52999877929688,225.3699951171875,226.50999450683597,194.4183807373047,88005800,0.0,0.0
2016-12-12,226.3999938964844,226.9600067138672,225.75999450683597,226.25,194.1952362060547,102016100,0.0,0.0
2016-12-13,227.0200042724609,228.33999633789065,227.0,227.75999450683597,195.4913330078125,110477500,0.0,0.0
2016-12-14,227.41000366210935,228.22999572753903,225.3699951171875,225.8800048828125,193.877685546875,142501800,0.0,0.0
2016-12-15,226.16000366210935,227.80999755859372,225.88999938964844,226.80999755859372,194.6759490966797,124972600,0.0,0.0
2016-12-16,226.00999450683597,226.0800018310547,224.6699981689453,225.0399932861328,194.2951812744141,156420200,1.329,0.0
2016-12-19,225.25,226.0200042724609,225.0800018310547,225.52999877929688,194.7183074951172,90341100,0.0,0.0
2016-12-20,226.1499938964844,226.57000732421875,225.8800048828125,226.3999938964844,195.4693603515625,89838800,0.0,0.0
2016-12-21,226.25,226.4499969482422,225.7700042724609,225.7700042724609,194.92544555664065,67909000,0.0,0.0
2016-12-22,225.6000061035156,225.7400054931641,224.9199981689453,225.3800048828125,194.58871459960935,56219100,0.0,0.0
2016-12-23,225.42999267578125,225.72000122070312,225.2100067138672,225.7100067138672,194.8736267089844,36697800,0.0,0.0
2016-12-27,226.0200042724609,226.72999572753903,226.0,226.2700042724609,195.357177734375,42672500,0.0,0.0
2016-12-28,226.57000732421875,226.58999633789065,224.2700042724609,224.3999938964844,193.74264526367188,64095000,0.0,0.0
2016-12-29,224.47999572753903,224.88999938964844,223.83999633789065,224.3500061035156,193.69940185546875,48696100,0.0,0.0
2016-12-30,224.72999572753903,224.8300018310547,222.72999572753903,223.52999877929688,192.991455078125,108998300,0.0,0.0
2017-01-03,225.0399932861328,225.8300018310547,223.8800048828125,225.2400054931641,194.46783447265625,91366500,0.0,0.0
2017-01-04,225.6199951171875,226.75,225.6100006103516,226.5800018310547,195.62478637695312,78744400,0.0,0.0
2017-01-05,226.2700042724609,226.5800018310547,225.47999572753903,226.3999938964844,195.4693603515625,78379000,0.0,0.0
2017-01-06,226.52999877929688,227.75,225.8999938964844,227.2100067138672,196.168701171875,71559900,0.0,0.0
2017-01-09,226.91000366210935,227.07000732421875,226.4199981689453,226.4600067138672,195.5211944580078,46939700,0.0,0.0
2017-01-10,226.47999572753903,227.4499969482422,226.00999450683597,226.4600067138672,195.5211944580078,63771900,0.0,0.0
2017-01-11,226.3600006103516,227.1000061035156,225.58999633789065,227.1000061035156,196.0737762451172,74650000,0.0,0.0
2017-01-12,226.5,226.75,224.9600067138672,226.52999877929688,195.5815887451172,72113200,0.0,0.0
2017-01-13,226.72999572753903,227.3999938964844,226.69000244140625,227.0500030517578,196.0305938720703,62717900,0.0,0.0
2017-01-17,226.30999755859372,226.77999877929688,225.8000030517578,226.25,195.33984375,61240800,0.0,0.0
2017-01-18,226.5399932861328,226.8000030517578,225.8999938964844,226.75,195.77159118652344,54793300,0.0,0.0
2017-01-19,226.83999633789065,227.0,225.41000366210935,225.91000366210935,195.04627990722656,66608800,0.0,0.0
2017-01-20,226.6999969482422,227.30999755859372,225.97000122070312,226.7400054931641,195.76292419433597,129168600,0.0,0.0
2017-01-23,226.7400054931641,226.80999755859372,225.2700042724609,226.1499938964844,195.2535095214844,75061600,0.0,0.0
2017-01-24,226.3999938964844,228.0800018310547,226.2700042724609,227.6000061035156,196.50543212890625,95555300,0.0,0.0
2017-01-25,228.6999969482422,229.57000732421875,228.50999450683597,229.57000732421875,198.206298828125,84437700,0.0,0.0
2017-01-26,229.3999938964844,229.7100067138672,229.00999450683597,229.3300018310547,197.99903869628903,59970700,0.0,0.0
2017-01-27,229.4199981689453,229.58999633789065,228.75999450683597,228.97000122070312,197.688232421875,59711100,0.0,0.0
2017-01-30,228.1699981689453,228.1999969482422,226.41000366210935,227.5500030517578,196.46226501464844,79737300,0.0,0.0
2017-01-31,226.97999572753903,227.6000061035156,226.32000732421875,227.52999877929688,196.4449615478516,75880800,0.0,0.0
2017-02-01,227.52999877929688,228.58999633789065,226.94000244140625,227.6199951171875,196.52267456054688,79117700,0.0,0.0
2017-02-02,227.6199951171875,228.1000061035156,226.82000732421875,227.7700042724609,196.65219116210935,69657600,0.0,0.0
2017-02-03,228.82000732421875,229.5500030517578,228.4600067138672,229.33999633789065,198.00770568847656,80563200,0.0,0.0
2017-02-06,228.8699951171875,229.3300018310547,228.5399932861328,228.92999267578125,197.65374755859372,57790100,0.0,0.0
2017-02-07,229.3800048828125,229.66000366210935,228.72000122070312,228.94000244140625,197.66232299804688,57931200,0.0,0.0
2017-02-08,228.94000244140625,229.38999938964844,228.30999755859372,229.2400054931641,197.9213714599609,51566200,0.0,0.0
2017-02-09,229.2400054931641,230.9499969482422,229.2400054931641,230.6000061035156,199.0956115722656,65955200,0.0,0.0
2017-02-10,231.0,231.7700042724609,230.6199951171875,231.50999450683597,199.88124084472656,66015900,0.0,0.0
2017-02-13,232.0800018310547,233.07000732421875,232.0500030517578,232.7700042724609,200.9691162109375,55182100,0.0,0.0
2017-02-14,232.55999755859372,233.7100067138672,232.16000366210935,233.6999969482422,201.77200317382807,71109000,0.0,0.0
2017-02-15,233.4499969482422,235.13999938964844,233.38999938964844,234.9199981689453,202.8253936767578,86785800,0.0,0.0
2017-02-16,234.9499969482422,235.16000366210935,233.8500061035156,234.72000122070312,202.6526641845703,84722400,0.0,0.0
2017-02-17,233.9499969482422,235.08999633789065,233.92999267578125,235.08999633789065,202.97213745117188,77204100,0.0,0.0
2017-02-21,235.5200042724609,236.69000244140625,235.50999450683597,236.4900054931641,204.18089294433597,88946100,0.0,0.0
2017-02-22,236.0200042724609,236.5399932861328,235.8300018310547,236.27999877929688,203.9996032714844,62115200,0.0,0.0
2017-02-23,236.8800048828125,236.8999938964844,235.55999755859372,236.44000244140625,204.1377410888672,74615900,0.0,0.0
2017-02-24,235.4600067138672,236.7899932861328,235.41000366210935,236.7400054931641,204.396728515625,82381600,0.0,0.0
2017-02-27,236.63999938964844,237.30999755859372,236.3500061035156,237.1100006103516,204.71615600585935,56515400,0.0,0.0
2017-02-28,236.6699981689453,236.9499969482422,236.0200042724609,236.47000122070312,204.16360473632807,96961900,0.0,0.0
2017-03-01,238.38999938964844,240.32000732421875,238.3699951171875,239.77999877929688,207.0213928222656,149158200,0.0,0.0
2017-03-02,239.55999755859372,239.57000732421875,238.2100067138672,238.2700042724609,205.71771240234372,70246000,0.0,0.0
2017-03-03,238.1699981689453,238.6100006103516,237.72999572753903,238.4199981689453,205.84722900390625,81974300,0.0,0.0
2017-03-06,237.5,238.1199951171875,237.00999450683597,237.7100067138672,205.2342071533203,55391500,0.0,0.0
2017-03-07,237.3600006103516,237.7700042724609,236.75999450683597,237.0,204.62124633789065,65103700,0.0,0.0
2017-03-08,237.33999633789065,237.63999938964844,236.3999938964844,236.55999755859372,204.24131774902344,78168800,0.0,0.0
2017-03-09,236.6999969482422,237.2400054931641,235.7400054931641,236.8600006103516,204.5003204345703,90683900,0.0,0.0
2017-03-10,237.97000122070312,238.0200042724609,236.58999633789065,237.69000244140625,205.2169189453125,81991700,0.0,0.0
2017-03-13,237.6199951171875,237.8600006103516,237.2400054931641,237.80999755859372,205.32052612304688,57256800,0.0,0.0
2017-03-14,237.17999267578125,237.2400054931641,236.19000244140625,236.8999938964844,204.53488159179688,59880800,0.0,0.0
2017-03-15,237.55999755859372,239.44000244140625,237.2899932861328,238.9499969482422,206.3047790527344,96081800,0.0,0.0
2017-03-16,239.1100006103516,239.1999969482422,238.1000061035156,238.47999572753903,205.89898681640625,78344000,0.0,0.0
2017-03-17,237.75,237.97000122070312,237.02999877929688,237.02999877929688,205.53746032714844,89002100,1.033,0.0
2017-03-20,237.02999877929688,237.3600006103516,236.32000732421875,236.7700042724609,205.3119354248047,52537000,0.0,0.0
2017-03-21,237.47000122070312,237.6100006103516,233.5800018310547,233.72999572753903,202.6758575439453,131809300,0.0,0.0
2017-03-22,233.7700042724609,234.6100006103516,233.0500030517578,234.27999877929688,203.15277099609372,97569200,0.0,0.0
2017-03-23,234.27999877929688,235.33999633789065,233.6000061035156,234.02999877929688,202.93603515625,100410300,0.0,0.0
2017-03-24,234.3800048828125,235.0399932861328,232.9600067138672,233.8600006103516,202.7885589599609,112504900,0.0,0.0
2017-03-27,231.92999267578125,233.9199981689453,231.6100006103516,233.6199951171875,202.58042907714844,87454500,0.0,0.0
2017-03-28,233.2700042724609,235.80999755859372,233.13999938964844,235.32000732421875,204.0545959472656,93483900,0.0,0.0
2017-03-29,234.9900054931641,235.80999755859372,234.72999572753903,235.5399932861328,204.245361328125,61950400,0.0,0.0
2017-03-30,235.47000122070312,236.5200042724609,235.2700042724609,236.2899932861328,204.8956756591797,56737900,0.0,0.0
2017-03-31,235.8999938964844,236.50999450683597,235.67999267578125,235.7400054931641,204.41880798339844,73733100,0.0,0.0
2017-04-03,235.8000030517578,236.02999877929688,233.91000366210935,235.3300018310547,204.0632781982422,85546500,0.0,0.0
2017-04-04,235.0,235.5800018310547,234.55999755859372,235.47999572753903,204.1933135986328,56466200,0.0,0.0
2017-04-05,236.25999450683597,237.38999938964844,234.5399932861328,234.77999877929688,203.5863494873047,108800600,0.0,0.0
2017-04-06,234.94000244140625,236.0399932861328,234.42999267578125,235.44000244140625,204.1586761474609,69135800,0.0,0.0
2017-04-07,235.1499938964844,236.0,234.63999938964844,235.1999969482422,203.95053100585935,74412300,0.0,0.0
2017-04-10,235.3600006103516,236.25999450683597,234.72999572753903,235.33999633789065,204.0719451904297,67615300,0.0,0.0
2017-04-11,234.8999938964844,235.17999267578125,233.33999633789065,235.05999755859372,203.8291778564453,88045300,0.0,0.0
2017-04-12,234.7400054931641,234.9600067138672,233.7700042724609,234.02999877929688,202.93603515625,81864400,0.0,0.0
2017-04-13,233.63999938964844,234.4900054931641,232.50999450683597,232.50999450683597,201.6179351806641,92880400,0.0,0.0
2017-04-17,233.1100006103516,234.57000732421875,232.8800048828125,234.57000732421875,203.40423583984372,68405400,0.0,0.0
2017-04-18,233.72000122070312,234.4900054931641,233.0800018310547,233.8699951171875,202.7972412109375,83225800,0.0,0.0
2017-04-19,234.5200042724609,234.9499969482422,233.17999267578125,233.44000244140625,202.4244384765625,68699900,0.0,0.0
2017-04-20,234.1499938964844,235.8500061035156,233.77999877929688,235.33999633789065,204.0719451904297,92572200,0.0,0.0
2017-04-21,235.25,235.30999755859372,234.1300048828125,234.58999633789065,203.42160034179688,110389800,0.0,0.0
2017-04-24,237.17999267578125,237.41000366210935,234.55999755859372,237.1699981689453,205.65884399414065,119209900,0.0,0.0
2017-04-25,237.91000366210935,238.9499969482422,237.80999755859372,238.5500030517578,206.85548400878903,76698300,0.0,0.0
2017-04-26,238.50999450683597,239.52999877929688,238.3500061035156,238.3999938964844,206.7253570556641,84702500,0.0,0.0
2017-04-27,238.7700042724609,238.9499969482422,237.97999572753903,238.6000061035156,206.89878845214844,57410300,0.0,0.0
2017-04-28,238.8999938964844,238.92999267578125,237.92999267578125,238.0800018310547,206.44793701171875,63532800,0.0,0.0
2017-05-01,238.67999267578125,239.1699981689453,238.1999969482422,238.67999267578125,206.9681854248047,66882500,0.0,0.0
2017-05-02,238.83999633789065,238.97999572753903,238.3000030517578,238.7700042724609,207.04627990722656,57375700,0.0,0.0
2017-05-03,238.7700042724609,238.8800048828125,237.6999969482422,238.47999572753903,206.79476928710935,73137700,0.0,0.0
2017-05-04,238.8300018310547,238.9199981689453,237.77999877929688,238.75999450683597,207.03756713867188,61462700,0.0,0.0
2017-05-05,239.19000244140625,239.72000122070312,238.67999267578125,239.6999969482422,207.8527069091797,62001300,0.0,0.0
2017-05-08,239.75,239.9199981689453,239.1699981689453,239.66000366210935,207.81797790527344,48385700,0.0,0.0
2017-05-09,239.9600067138672,240.19000244140625,239.0399932861328,239.44000244140625,207.6272125244141,51363200,0.0,0.0
2017-05-10,239.38999938964844,239.8699951171875,239.1499938964844,239.8699951171875,208.0000457763672,54293800,0.0,0.0
2017-05-11,239.3500061035156,239.57000732421875,238.1300048828125,239.3800048828125,207.57521057128903,62358300,0.0,0.0
2017-05-12,239.08999633789065,239.42999267578125,238.6699981689453,238.97999572753903,207.2283477783203,53912700,0.0,0.0
2017-05-15,239.47000122070312,240.44000244140625,239.4499969482422,240.3000030517578,208.3729553222656,61918900,0.0,0.0
2017-05-16,240.63999938964844,240.6699981689453,239.6300048828125,240.0800018310547,208.1821746826172,51241800,0.0,0.0
2017-05-17,240.0800018310547,240.0800018310547,235.75,235.82000732421875,204.4881896972656,172174100,0.0,0.0
2017-05-18,235.72999572753903,237.75,235.42999267578125,236.7700042724609,205.3119354248047,107047700,0.0,0.0
2017-05-19,237.3300018310547,239.0800018310547,237.2700042724609,238.30999755859372,206.6473846435547,115011400,0.0,0.0
2017-05-22,238.8999938964844,239.7100067138672,238.82000732421875,239.5200042724609,207.6965789794922,61010600,0.0,0.0
2017-05-23,239.9499969482422,240.2400054931641,239.50999450683597,240.0500030517578,208.1561737060547,48341700,0.0,0.0
2017-05-24,240.32000732421875,240.72999572753903,239.92999267578125,240.6100006103516,208.64178466796875,46927700,0.0,0.0
2017-05-25,241.1999969482422,242.0800018310547,240.9600067138672,241.75999450683597,209.6389617919922,64071700,0.0,0.0
2017-05-26,241.5399932861328,241.8999938964844,241.4499969482422,241.7100067138672,209.5955810546875,46629900,0.0,0.0
2017-05-30,241.33999633789065,241.7899932861328,241.16000366210935,241.5,209.41354370117188,35201900,0.0,0.0
2017-05-31,241.83999633789065,241.8800048828125,240.63999938964844,241.44000244140625,209.3614959716797,91796000,0.0,0.0
2017-06-01,241.97000122070312,243.3800048828125,241.63999938964844,243.3600006103516,211.02638244628903,68962000,0.0,0.0
2017-06-02,243.4199981689453,244.3500061035156,243.0800018310547,244.1699981689453,211.728759765625,88666100,0.0,0.0
2017-06-05,243.97000122070312,244.3000030517578,243.75999450683597,243.9900054931641,211.5726776123047,44698800,0.0,0.0
2017-06-06,243.33999633789065,243.97999572753903,243.1199951171875,243.2100067138672,210.8963623046875,50375400,0.0,0.0
2017-06-07,243.6000061035156,243.9199981689453,242.8300018310547,243.66000366210935,211.28659057617188,54144300,0.0,0.0
2017-06-08,243.7700042724609,244.3300018310547,243.1699981689453,243.77999877929688,211.3906097412109,65950700,0.0,0.0
2017-06-09,244.08999633789065,245.00999450683597,241.9499969482422,243.41000366210935,211.0697784423828,132256400,0.0,0.0
2017-06-12,243.1300048828125,243.4199981689453,242.3800048828125,243.3600006103516,211.02638244628903,86108100,0.0,0.0
2017-06-13,243.97999572753903,244.6100006103516,243.5800018310547,244.5500030517578,212.05833435058597,60067000,0.0,0.0
2017-06-14,244.8600006103516,244.8699951171875,243.2899932861328,244.2400054931641,211.78944396972656,78602300,0.0,0.0
2017-06-15,242.67999267578125,243.91000366210935,242.3600006103516,243.7700042724609,211.3819122314453,66464900,0.0,0.0
2017-06-16,242.7700042724609,242.8300018310547,241.6300048828125,242.63999938964844,211.4281005859375,84553100,1.183,0.0
2017-06-19,243.58999633789065,244.72999572753903,243.47999572753903,244.66000366210935,213.188232421875,65123800,0.0,0.0
2017-06-20,244.25,244.25999450683597,242.9900054931641,243.00999450683597,211.7504730224609,56906400,0.0,0.0
2017-06-21,243.4600067138672,243.58999633789065,242.41000366210935,242.9499969482422,211.69827270507807,55977600,0.0,0.0
2017-06-22,242.9600067138672,243.52999877929688,242.63999938964844,242.83999633789065,211.60240173339844,44148100,0.0,0.0
2017-06-23,242.91000366210935,243.50999450683597,242.47000122070312,243.1300048828125,211.85508728027344,66986800,0.0,0.0
2017-06-26,243.8999938964844,244.3800048828125,243.0500030517578,243.2899932861328,211.99447631835935,56700500,0.0,0.0
2017-06-27,243.0399932861328,243.3800048828125,241.30999755859372,241.3300018310547,210.28659057617188,82247700,0.0,0.0
2017-06-28,242.5,243.72000122070312,242.22999572753903,243.4900054931641,212.1687774658203,70042600,0.0,0.0
2017-06-29,243.66000366210935,243.72000122070312,239.9600067138672,241.3500061035156,210.30404663085935,106949700,0.0,0.0
2017-06-30,242.27999877929688,242.7100067138672,241.5800018310547,241.8000030517578,210.69613647460935,86820700,0.0,0.0
2017-07-03,242.8800048828125,243.3800048828125,242.2100067138672,242.2100067138672,211.0534210205078,39153800,0.0,0.0
2017-07-05,242.6300048828125,243.00999450683597,241.6999969482422,242.7700042724609,211.54139709472656,54427600,0.0,0.0
2017-07-06,241.88999938964844,242.02999877929688,240.33999633789065,240.5500030517578,209.60693359375,65400800,0.0,0.0
2017-07-07,241.2100067138672,242.27999877929688,240.55999755859372,242.1100006103516,210.9662933349609,57972300,0.0,0.0
2017-07-10,242.1100006103516,242.8000030517578,241.75999450683597,242.3699951171875,211.19281005859372,36663300,0.0,0.0
2017-07-11,242.3699951171875,242.5500030517578,240.8500061035156,242.19000244140625,211.03594970703125,50354600,0.0,0.0
2017-07-12,243.3000030517578,244.1999969482422,243.3000030517578,244.00999450683597,212.6218414306641,59610400,0.0,0.0
2017-07-13,244.0200042724609,244.5500030517578,243.75999450683597,244.4199981689453,212.9791259765625,39471600,0.0,0.0
2017-07-14,244.4199981689453,245.97000122070312,244.30999755859372,245.55999755859372,213.97250366210935,60262700,0.0,0.0
2017-07-17,245.47000122070312,245.91000366210935,245.3300018310547,245.52999877929688,213.9463348388672,33531900,0.0,0.0
2017-07-18,245.05999755859372,245.72000122070312,244.6699981689453,245.66000366210935,214.0596466064453,42742500,0.0,0.0
2017-07-19,246.0200042724609,247.0,246.00999450683597,246.9900054931641,215.21859741210935,51034300,0.0,0.0
2017-07-20,247.27999877929688,247.4199981689453,246.47000122070312,247.1000061035156,215.3143615722656,47135200,0.0,0.0
2017-07-21,246.44000244140625,246.91000366210935,246.17999267578125,246.8800048828125,215.1226806640625,82340800,0.0,0.0
2017-07-24,246.7899932861328,246.97999572753903,246.27999877929688,246.82000732421875,215.07041931152344,46622300,0.0,0.0
2017-07-25,247.67999267578125,247.8000030517578,247.16000366210935,247.4199981689453,215.5932464599609,54915600,0.0,0.0
2017-07-26,247.75,247.7899932861328,247.1300048828125,247.42999267578125,215.60191345214844,47575400,0.0,0.0
2017-07-27,247.9600067138672,248.0,245.67999267578125,247.1999969482422,215.4015045166016,70766600,0.0,0.0
2017-07-28,246.6499938964844,247.05999755859372,246.1300048828125,246.91000366210935,215.14886474609372,50088400,0.0,0.0
2017-07-31,247.3699951171875,247.47999572753903,246.52999877929688,246.7700042724609,215.0268402099609,65838700,0.0,0.0
2017-08-01,247.4600067138672,247.5,246.72000122070312,247.32000732421875,215.5061187744141,55050400,0.0,0.0
2017-08-02,247.47000122070312,247.6000061035156,246.3699951171875,247.44000244140625,215.6106719970703,47211200,0.0,0.0
2017-08-03,247.30999755859372,247.33999633789065,246.63999938964844,246.9600067138672,215.19239807128903,40856000,0.0,0.0
2017-08-04,247.5200042724609,247.7899932861328,246.97000122070312,247.41000366210935,215.58453369140625,60191800,0.0,0.0
2017-08-07,247.4900054931641,247.8699951171875,247.3699951171875,247.8699951171875,215.98532104492188,31995000,0.0,0.0
2017-08-08,247.50999450683597,248.91000366210935,246.8300018310547,247.25999450683597,215.4537811279297,61719400,0.0,0.0
2017-08-09,246.47000122070312,247.30999755859372,246.05999755859372,247.25,215.4450836181641,62632600,0.0,0.0
2017-08-10,246.2899932861328,246.44000244140625,243.6999969482422,243.75999450683597,212.404052734375,120479500,0.0,0.0
2017-08-11,244.0200042724609,244.8000030517578,243.75,244.1199951171875,212.7176971435547,74869900,0.0,0.0
2017-08-14,245.58999633789065,246.7899932861328,245.5500030517578,246.5399932861328,214.82638549804688,73291900,0.0,0.0
2017-08-15,246.97999572753903,247.0,246.16000366210935,246.50999450683597,214.80029296875,55242700,0.0,0.0
2017-08-16,247.1100006103516,247.57000732421875,246.4499969482422,246.94000244140625,215.1749725341797,56715500,0.0,0.0
2017-08-17,246.2400054931641,246.6000061035156,243.08999633789065,243.08999633789065,211.8202209472656,128490400,0.0,0.0
2017-08-18,242.8999938964844,244.19000244140625,242.1999969482422,242.7100067138672,211.48907470703125,136748000,0.0,0.0
2017-08-21,242.63999938964844,243.1999969482422,241.8300018310547,242.8999938964844,211.6546936035156,65469700,0.0,0.0
2017-08-22,243.57000732421875,245.6199951171875,243.5500030517578,245.44000244140625,213.86790466308597,63140100,0.0,0.0
2017-08-23,244.3300018310547,245.0500030517578,244.16000366210935,244.55999755859372,213.10113525390625,50203800,0.0,0.0
2017-08-24,245.0,245.17999267578125,243.75,243.9900054931641,212.60443115234372,50741700,0.0,0.0
2017-08-25,244.8999938964844,245.6100006103516,244.38999938964844,244.55999755859372,213.10113525390625,64445900,0.0,0.0
2017-08-28,245.1699981689453,245.1999969482422,244.08999633789065,244.57000732421875,213.10987854003903,40565600,0.0,0.0
2017-08-29,243.05999755859372,245.1499938964844,242.92999267578125,244.8500061035156,213.35385131835935,51135700,0.0,0.0
2017-08-30,244.8300018310547,246.32000732421875,244.6199951171875,246.00999450683597,214.3645782470703,62030800,0.0,0.0
2017-08-31,246.72000122070312,247.7700042724609,246.0500030517578,247.4900054931641,215.6542816162109,103803900,0.0,0.0
2017-09-01,247.9199981689453,248.3300018310547,247.6699981689453,247.83999633789065,215.9591827392578,62007000,0.0,0.0
2017-09-05,247.25999450683597,247.5200042724609,244.9499969482422,246.05999755859372,214.408203125,91398800,0.0,0.0
2017-09-06,246.83999633789065,247.27999877929688,246.22999572753903,246.8999938964844,215.1401214599609,57916900,0.0,0.0
2017-09-07,247.25,247.2700042724609,246.3999938964844,246.8699951171875,215.11395263671875,58034700,0.0,0.0
2017-09-08,246.5399932861328,247.1100006103516,246.3000030517578,246.5800018310547,214.861328125,63832800,0.0,0.0
2017-09-11,248.0399932861328,249.3000030517578,248.0200042724609,249.2100067138672,217.15293884277344,71364800,0.0,0.0
2017-09-12,249.6300048828125,250.08999633789065,249.4199981689453,250.0500030517578,217.88491821289065,56896000,0.0,0.0
2017-09-13,249.72000122070312,250.2100067138672,249.58999633789065,250.1699981689453,217.98947143554688,59228000,0.0,0.0
2017-09-14,249.8000030517578,250.32000732421875,249.6000061035156,250.08999633789065,217.9197998046875,95446300,0.0,0.0
2017-09-15,248.69000244140625,249.2899932861328,248.57000732421875,249.19000244140625,218.21316528320312,95432400,1.235,0.0
2017-09-18,249.6100006103516,250.1199951171875,249.27999877929688,249.72000122070312,218.67724609375,46235200,0.0,0.0
2017-09-19,250.0,250.07000732421875,249.6000061035156,249.97000122070312,218.89617919921875,47108100,0.0,0.0
2017-09-20,250.07000732421875,250.19000244140625,248.9199981689453,250.05999755859372,218.97494506835935,59574100,0.0,0.0
2017-09-21,249.8800048828125,249.97999572753903,249.19000244140625,249.38999938964844,218.3882751464844,48211400,0.0,0.0
2017-09-22,249.0500030517578,249.6300048828125,249.0200042724609,249.44000244140625,218.43206787109372,51214000,0.0,0.0
2017-09-25,249.1499938964844,249.5500030517578,248.0800018310547,248.92999267578125,217.9854431152344,57064400,0.0,0.0
2017-09-26,249.4199981689453,249.6999969482422,248.80999755859372,249.0800018310547,218.1168670654297,54082000,0.0,0.0
2017-09-27,249.8800048828125,250.4900054931641,248.8699951171875,250.0500030517578,218.96624755859372,81001400,0.0,0.0
2017-09-28,249.72999572753903,250.44000244140625,249.6300048828125,250.3500061035156,219.2289276123047,44778800,0.0,0.0
2017-09-29,250.33999633789065,251.32000732421875,250.1300048828125,251.22999572753903,219.9994964599609,85578000,0.0,0.0
2017-10-02,251.4900054931641,252.32000732421875,251.2899932861328,252.32000732421875,220.95407104492188,59023000,0.0,0.0
2017-10-03,252.32000732421875,252.88999938964844,252.22999572753903,252.8600006103516,221.4268951416016,66810200,0.0,0.0
2017-10-04,252.69000244140625,253.44000244140625,252.55999755859372,253.16000366210935,221.6895751953125,55953600,0.0,0.0
2017-10-05,253.5399932861328,254.67999267578125,253.1999969482422,254.66000366210935,223.0031280517578,63522800,0.0,0.0
2017-10-06,254.1499938964844,254.6999969482422,253.8500061035156,254.3699951171875,222.7491607666016,80646000,0.0,0.0
2017-10-09,254.6300048828125,254.6999969482422,253.6499938964844,253.9499969482422,222.3814239501953,35803100,0.0,0.0
2017-10-10,254.6000061035156,255.0500030517578,253.97999572753903,254.6199951171875,222.9680938720703,43057400,0.0,0.0
2017-10-11,254.50999450683597,255.0200042724609,254.32000732421875,255.0200042724609,223.31842041015625,47674300,0.0,0.0
2017-10-12,254.66000366210935,255.05999755859372,254.3699951171875,254.63999938964844,222.98568725585935,47065100,0.0,0.0
2017-10-13,255.13999938964844,255.2700042724609,254.63999938964844,254.9499969482422,223.2571258544922,54800400,0.0,0.0
2017-10-16,255.2100067138672,255.50999450683597,254.82000732421875,255.2899932861328,223.55487060546875,38221700,0.0,0.0
2017-10-17,255.22999572753903,255.5200042724609,254.97999572753903,255.47000122070312,223.7124481201172,31561000,0.0,0.0
2017-10-18,255.8999938964844,255.9499969482422,255.5,255.72000122070312,223.931396484375,40888300,0.0,0.0
2017-10-19,254.8300018310547,255.8300018310547,254.3500061035156,255.7899932861328,223.99270629882807,61903800,0.0,0.0
2017-10-20,256.70001220703125,257.1400146484375,255.7700042724609,257.1099853515625,225.14859008789065,89176400,0.0,0.0
2017-10-23,257.4800109863281,257.510009765625,256.0199890136719,256.1099853515625,224.2729034423828,63915300,0.0,0.0
2017-10-24,256.6000061035156,256.8299865722656,256.1499938964844,256.5599975585937,224.66688537597656,66935900,0.0,0.0
2017-10-25,256.17999267578125,256.3099975585937,254.0,255.2899932861328,223.55487060546875,103715300,0.0,0.0
2017-10-26,255.9900054931641,256.29998779296875,255.47999572753903,255.6199951171875,223.8437957763672,69798000,0.0,0.0
2017-10-27,256.4700012207031,257.8900146484375,255.6300048828125,257.7099914550781,225.6739959716797,85562500,0.0,0.0
2017-10-30,256.4700012207031,257.6000061035156,256.4100036621094,256.75,224.83335876464844,54285700,0.0,0.0
2017-10-31,257.17999267578125,257.44000244140625,256.8099975585937,257.1499938964844,225.18360900878903,60304800,0.0,0.0
2017-11-01,258.0400085449219,258.42999267578125,257.07000732421875,257.489990234375,225.4813995361328,54202700,0.0,0.0
2017-11-02,257.4100036621094,257.75,256.19000244140625,257.5899963378906,225.5689697265625,56449500,0.0,0.0
2017-11-03,257.7699890136719,258.5,257.29998779296875,258.45001220703125,226.3220367431641,59589700,0.0,0.0
2017-11-06,258.29998779296875,259.0,258.2200012207031,258.8500061035156,226.6723175048828,49652600,0.0,0.0
2017-11-07,258.9700012207031,259.3500061035156,258.0899963378906,258.6700134277344,226.5146942138672,57502200,0.0,0.0
2017-11-08,258.4700012207031,259.2200012207031,258.1499938964844,259.1099853515625,226.8999481201172,50469600,0.0,0.0
2017-11-09,257.7300109863281,258.3900146484375,256.3599853515625,258.1700134277344,226.0768280029297,95085500,0.0,0.0
2017-11-10,257.7300109863281,258.2900085449219,257.3699951171875,258.0899963378906,226.00677490234372,59984700,0.0,0.0
2017-11-13,257.3099975585937,258.5899963378906,257.2699890136719,258.3299865722656,226.21697998046875,50228600,0.0,0.0
2017-11-14,257.4100036621094,257.8500061035156,256.5199890136719,257.7300109863281,225.69151306152344,61315200,0.0,0.0
2017-11-15,256.6199951171875,257.2200012207031,255.6300048828125,256.44000244140625,224.56190490722656,80811500,0.0,0.0
2017-11-16,257.5199890136719,259.0400085449219,257.4700012207031,258.6199951171875,226.47085571289065,67777000,0.0,0.0
2017-11-17,258.2200012207031,258.5899963378906,257.7699890136719,257.8599853515625,225.80532836914065,75756800,0.0,0.0
2017-11-20,258.1400146484375,258.5199890136719,257.8599853515625,258.29998779296875,226.190673828125,48075500,0.0,0.0
2017-11-21,259.17999267578125,260.20001220703125,258.260009765625,259.989990234375,227.67059326171875,69176800,0.0,0.0
2017-11-22,260.0,260.1499938964844,259.57000732421875,259.760009765625,227.4691619873047,45033400,0.0,0.0
2017-11-24,260.32000732421875,260.4800109863281,260.1600036621094,260.3599853515625,227.9946136474609,27856500,0.0,0.0
2017-11-27,260.4100036621094,260.75,260.0,260.2300109863281,227.8807373046875,52274900,0.0,0.0
2017-11-28,260.760009765625,262.8999938964844,260.6499938964844,262.8699951171875,230.1925201416016,98971700,0.0,0.0
2017-11-29,263.0199890136719,263.6300048828125,262.20001220703125,262.7099914550781,230.052490234375,77512100,0.0,0.0
2017-11-30,263.760009765625,266.04998779296875,263.6700134277344,265.010009765625,232.06655883789065,127894400,0.0,0.0
2017-12-01,264.760009765625,265.3099975585937,260.760009765625,264.4599914550781,231.5849151611328,164390900,0.0,0.0
2017-12-04,266.3099975585937,266.79998779296875,264.0799865722656,264.1400146484375,231.30471801757807,94040600,0.0,0.0
2017-12-05,263.19000244140625,265.1499938964844,263.0400085449219,263.19000244140625,230.4727935791016,77994500,0.0,0.0
2017-12-06,263.29998779296875,263.7300109863281,262.7099914550781,263.239990234375,230.51657104492188,75898600,0.0,0.0
2017-12-07,264.07000732421875,264.42999267578125,262.94000244140625,264.07000732421875,231.24339294433597,77218600,0.0,0.0
2017-12-08,265.1600036621094,265.5199890136719,264.0299987792969,265.510009765625,232.50440979003903,76563900,0.0,0.0
2017-12-11,266.3099975585937,266.3800048828125,265.4800109863281,266.3099975585937,233.20492553710935,83077500,0.0,0.0
2017-12-12,267.2099914550781,267.32000732421875,266.3500061035156,266.7799987792969,233.6165008544922,85195800,0.0,0.0
2017-12-13,267.0599975585937,267.5599975585937,266.6499938964844,266.75,233.5902404785156,102905400,0.0,0.0
2017-12-14,267.0899963378906,267.2200012207031,265.6000061035156,265.6600036621094,232.6357269287109,100666700,0.0,0.0
2017-12-15,265.45001220703125,267.0400085449219,265.3900146484375,266.510009765625,234.57296752929688,144610300,1.351,0.0
2017-12-18,268.1000061035156,268.6000061035156,267.9800109863281,268.20001220703125,236.06048583984372,83653600,0.0,0.0
2017-12-19,268.4800109863281,268.5299987792969,267.0899963378906,267.1700134277344,235.1539001464844,82382900,0.0,0.0
2017-12-20,268.2699890136719,268.3299865722656,266.69000244140625,267.0299987792969,235.0305938720703,76751500,0.0,0.0
2017-12-21,267.739990234375,268.3900146484375,267.29998779296875,267.5799865722656,235.5147857666016,67032300,0.0,0.0
2017-12-22,267.6000061035156,267.6400146484375,266.8999938964844,267.510009765625,235.453125,78720900,0.0,0.0
2017-12-26,267.04998779296875,267.44000244140625,266.8900146484375,267.19000244140625,235.1715087890625,45244400,0.0,0.0
2017-12-27,267.3800048828125,267.7300109863281,267.010009765625,267.32000732421875,235.2859344482422,57751000,0.0,0.0
2017-12-28,267.8900146484375,267.9200134277344,267.45001220703125,267.8699951171875,235.7700042724609,45116100,0.0,0.0
2017-12-29,268.5299987792969,268.54998779296875,266.6400146484375,266.8599853515625,234.88104248046875,96007400,0.0,0.0
2018-01-02,267.8399963378906,268.8099975585937,267.3999938964844,268.7699890136719,236.5621032714844,86655700,0.0,0.0
2018-01-03,268.9599914550781,270.6400146484375,268.9599914550781,270.4700012207031,238.0584259033203,90070400,0.0,0.0
2018-01-04,271.20001220703125,272.1600036621094,270.5400085449219,271.6099853515625,239.0617828369141,80636400,0.0,0.0
2018-01-05,272.510009765625,273.5599975585937,271.95001220703125,273.4200134277344,240.6549072265625,83524000,0.0,0.0
2018-01-08,273.3099975585937,274.1000061035156,272.9800109863281,273.9200134277344,241.0950469970703,57319200,0.0,0.0
2018-01-09,274.3999938964844,275.25,274.0799865722656,274.5400085449219,241.64077758789065,57254000,0.0,0.0
2018-01-10,273.67999267578125,274.4200134277344,272.9200134277344,274.1199951171875,241.27102661132807,69574300,0.0,0.0
2018-01-11,274.75,276.1199951171875,274.5599975585937,276.1199951171875,243.03135681152344,62361500,0.0,0.0
2018-01-12,276.4200134277344,278.1099853515625,276.0799865722656,277.9200134277344,244.61566162109372,90816100,0.0,0.0
2018-01-16,279.3500061035156,280.0899963378906,276.17999267578125,276.9700012207031,243.77951049804688,106555100,0.0,0.0
2018-01-17,278.0299987792969,280.04998779296875,276.9700012207031,279.6099853515625,246.1031188964844,113258800,0.0,0.0
2018-01-18,279.4800109863281,279.9599914550781,278.5799865722656,279.1400146484375,245.68946838378903,100728000,0.0,0.0
2018-01-19,279.79998779296875,280.4100036621094,279.1400146484375,280.4100036621094,246.8074188232422,140920100,0.0,0.0
2018-01-22,280.1700134277344,282.69000244140625,280.1099853515625,282.69000244140625,248.8141021728516,91322400,0.0,0.0
2018-01-23,282.739990234375,283.6199951171875,282.3699951171875,283.2900085449219,249.34217834472656,97084700,0.0,0.0
2018-01-24,284.0199890136719,284.70001220703125,281.8399963378906,283.17999267578125,249.24539184570312,134816100,0.0,0.0
2018-01-25,284.1600036621094,284.2699890136719,282.3999938964844,283.29998779296875,249.3509521484375,84587300,0.0,0.0
2018-01-26,284.25,286.6300048828125,283.9599914550781,286.5799865722656,252.23789978027344,107743100,0.0,0.0
2018-01-29,285.92999267578125,286.42999267578125,284.5,284.67999267578125,250.56561279296875,90118300,0.0,0.0
2018-01-30,282.6000061035156,284.739990234375,281.2200012207031,281.760009765625,247.99563598632807,131796400,0.0,0.0
2018-01-31,282.7300109863281,283.29998779296875,280.67999267578125,281.8999938964844,248.1187744140625,108364800,0.0,0.0
2018-02-01,281.07000732421875,283.0599975585937,280.67999267578125,281.5799865722656,247.8370819091797,90102500,0.0,0.0
2018-02-02,280.0799865722656,280.2300109863281,275.4100036621094,275.45001220703125,242.44174194335935,173174800,0.0,0.0
2018-02-05,273.45001220703125,275.8500061035156,263.3099975585937,263.92999267578125,232.30218505859372,294681800,0.0,0.0
2018-02-06,259.94000244140625,269.70001220703125,258.70001220703125,269.1300048828125,236.8790283203125,355026800,0.0,0.0
2018-02-07,268.5,272.3599853515625,267.5799865722656,267.6700134277344,235.5940093994141,167376100,0.0,0.0
2018-02-08,268.010009765625,268.1700134277344,257.5899963378906,257.6300048828125,226.75717163085935,246449500,0.0,0.0
2018-02-09,260.79998779296875,263.6099853515625,252.9199981689453,261.5,230.163330078125,283565300,0.0,0.0
2018-02-12,263.8299865722656,267.010009765625,261.6600036621094,265.3399963378906,233.54319763183597,143736000,0.0,0.0
2018-02-13,263.9700012207031,266.6199951171875,263.3099975585937,266.0,234.1241149902344,81223600,0.0,0.0
2018-02-14,264.3099975585937,270.0,264.29998779296875,269.5899963378906,237.28392028808597,120735700,0.0,0.0
2018-02-15,271.57000732421875,273.0400085449219,268.7699890136719,273.0299987792969,240.3116455078125,111200300,0.0,0.0
2018-02-16,272.32000732421875,275.32000732421875,272.2699890136719,273.1099853515625,240.38204956054688,160420100,0.0,0.0
2018-02-20,272.0299987792969,273.6700134277344,270.5,271.3999938964844,238.8769989013672,86369700,0.0,0.0
2018-02-21,271.8999938964844,274.7200012207031,269.94000244140625,270.04998779296875,237.68882751464844,98883700,0.0,0.0
2018-02-22,271.1000061035156,273.04998779296875,269.6400146484375,270.3999938964844,237.996826171875,110511300,0.0,0.0
2018-02-23,271.7900085449219,274.7099914550781,271.25,274.7099914550781,241.7903289794922,92766400,0.0,0.0
2018-02-26,275.92999267578125,278.010009765625,275.260009765625,277.8999938964844,244.5980987548828,86491400,0.0,0.0
2018-02-27,278.1099853515625,278.9200134277344,274.3599853515625,274.42999267578125,241.54396057128903,99099200,0.0,0.0
2018-02-28,275.67999267578125,276.19000244140625,271.2900085449219,271.6499938964844,239.0970916748047,121907800,0.0,0.0
2018-03-01,271.4100036621094,273.1700134277344,266.0,267.70001220703125,235.6204071044922,176855100,0.0,0.0
2018-03-02,265.79998779296875,269.7200012207031,264.82000732421875,269.0799865722656,236.8350372314453,139083200,0.0,0.0
2018-03-05,267.7300109863281,272.8900146484375,267.6099853515625,272.19000244140625,239.57237243652344,97307400,0.0,0.0
2018-03-06,273.29998779296875,273.3900146484375,271.17999267578125,272.8800048828125,240.1796112060547,79213200,0.0,0.0
2018-03-07,270.4200134277344,273.17999267578125,270.20001220703125,272.7799987792969,240.09165954589844,87063500,0.0,0.0
2018-03-08,273.54998779296875,274.239990234375,272.4200134277344,274.1000061035156,241.2534637451172,66901200,0.0,0.0
2018-03-09,275.70001220703125,278.8699951171875,275.3399963378906,278.8699951171875,245.45176696777344,113625300,0.0,0.0
2018-03-12,279.20001220703125,279.9100036621094,278.0799865722656,278.5199890136719,245.14376831054688,71924800,0.0,0.0
2018-03-13,279.8399963378906,280.4100036621094,276.0299987792969,276.7200012207031,243.55943298339844,91968900,0.0,0.0
2018-03-14,277.8099975585937,278.0199890136719,274.6700134277344,275.29998779296875,242.30958557128903,105895100,0.0,0.0
2018-03-15,275.8800048828125,276.6099853515625,274.42999267578125,275.0,242.0455322265625,83433000,0.0,0.0
2018-03-16,274.5,275.3900146484375,274.1400146484375,274.20001220703125,242.30807495117188,100343700,1.097,0.0
2018-03-19,273.3500061035156,274.3999938964844,268.6199951171875,270.489990234375,239.02960205078125,109208400,0.0,0.0
2018-03-20,270.94000244140625,271.6700134277344,270.17999267578125,270.95001220703125,239.43603515625,59757300,0.0,0.0
2018-03-21,270.8999938964844,273.2699890136719,270.19000244140625,270.42999267578125,238.9765472412109,78709600,0.0,0.0
2018-03-22,267.9100036621094,268.8699951171875,263.3599853515625,263.6700134277344,233.00282287597656,148785900,0.0,0.0
2018-03-23,264.1700134277344,264.5400085449219,257.8299865722656,258.04998779296875,228.0364532470703,183534800,0.0,0.0
2018-03-26,262.1300048828125,265.42999267578125,259.4100036621094,265.1099853515625,234.2753448486328,141956100,0.0,0.0
2018-03-27,266.1700134277344,266.7699890136719,258.8399963378906,260.6000061035156,230.28988647460935,129941400,0.0,0.0
2018-03-28,260.75,262.6400146484375,258.5799865722656,259.8299865722656,229.60943603515625,146452300,0.0,0.0
2018-03-29,261.1199951171875,265.260009765625,259.8399963378906,263.1499938964844,232.54324340820312,111601600,0.0,0.0
2018-04-02,262.54998779296875,263.1300048828125,254.6699981689453,257.4700012207031,227.5239105224609,186286300,0.0,0.0
2018-04-03,258.8699951171875,261.3099975585937,256.8399963378906,260.7699890136719,230.44004821777344,119956900,0.0,0.0
2018-04-04,256.75,264.3599853515625,256.6000061035156,263.5599975585937,232.90557861328125,123715300,0.0,0.0
2018-04-05,265.54998779296875,266.6400146484375,264.32000732421875,265.6400146484375,234.74371337890625,82652600,0.0,0.0
2018-04-06,263.4200134277344,265.1099853515625,258.0,259.7200012207031,229.51217651367188,179521200,0.0,0.0
2018-04-09,261.3699951171875,264.8399963378906,259.94000244140625,261.0,230.6433258056641,105442900,0.0,0.0
2018-04-10,264.2699890136719,266.0400085449219,262.9800109863281,265.1499938964844,234.3106384277344,103529000,0.0,0.0
2018-04-11,263.4700012207031,265.6400146484375,263.3900146484375,263.760009765625,233.0823516845703,91140200,0.0,0.0
2018-04-12,265.260009765625,267.0,265.0599975585937,265.92999267578125,234.99989318847656,68890500,0.0,0.0
2018-04-13,267.4100036621094,267.5400085449219,264.010009765625,265.1499938964844,234.3106384277344,85079200,0.0,0.0
2018-04-16,267.0,268.20001220703125,266.07000732421875,267.3299865722656,236.23712158203125,63405300,0.0,0.0
2018-04-17,269.3299865722656,270.8699951171875,268.75,270.19000244140625,238.7644195556641,64682000,0.0,0.0
2018-04-18,270.69000244140625,271.29998779296875,269.8699951171875,270.3900146484375,238.94114685058597,57303900,0.0,0.0
2018-04-19,269.6499938964844,269.8800048828125,267.7200012207031,268.8900146484375,237.61569213867188,77655900,0.0,0.0
2018-04-20,268.8099975585937,269.0599975585937,265.6099853515625,266.6099853515625,235.600830078125,99953100,0.0,0.0
2018-04-23,267.260009765625,267.8900146484375,265.3500061035156,266.57000732421875,235.56544494628903,65558000,0.0,0.0
2018-04-24,267.7300109863281,267.9800109863281,261.2799987792969,262.9800109863281,232.3930206298828,112885500,0.0,0.0
2018-04-25,262.9100036621094,264.1300048828125,260.8500061035156,263.6300048828125,232.96746826171875,103840900,0.0,0.0
2018-04-26,264.7900085449219,267.25,264.2900085449219,266.3099975585937,235.3357086181641,67731900,0.0,0.0
2018-04-27,267.0,267.3399963378906,265.5,266.5599975585937,235.55665588378903,57053600,0.0,0.0
2018-04-30,267.260009765625,267.8900146484375,264.42999267578125,264.510009765625,233.74514770507807,82182300,0.0,0.0
2018-05-01,263.8699951171875,265.1000061035156,262.1099853515625,264.9800109863281,234.1604461669922,74203400,0.0,0.0
2018-05-02,264.760009765625,265.67999267578125,262.760009765625,263.20001220703125,232.58746337890625,86368900,0.0,0.0
2018-05-03,262.260009765625,263.3599853515625,259.04998779296875,262.6199951171875,232.07492065429688,136311500,0.0,0.0
2018-05-04,261.5199890136719,266.7900085449219,261.1499938964844,266.0199890136719,235.07945251464844,91222100,0.0,0.0
2018-05-07,266.8900146484375,268.0199890136719,266.1099853515625,266.9200134277344,235.8748016357422,55304900,0.0,0.0
2018-05-08,266.5,267.3299865722656,265.1499938964844,266.9200134277344,235.8748016357422,67499200,0.0,0.0
2018-05-09,267.67999267578125,269.8699951171875,267.0899963378906,269.5,238.1547088623047,59666100,0.0,0.0
2018-05-10,270.3399963378906,272.3900146484375,270.2200012207031,272.0199890136719,240.38162231445312,72063900,0.0,0.0
2018-05-11,272.1600036621094,273.1499938964844,271.5799865722656,272.8500061035156,241.11505126953125,59871500,0.0,0.0
2018-05-14,273.3399963378906,274.0799865722656,272.3599853515625,272.9800109863281,241.2298583984375,54790600,0.0,0.0
2018-05-15,271.5899963378906,271.6099853515625,270.0299987792969,271.1000061035156,239.5686492919922,87036100,0.0,0.0
2018-05-16,271.1400146484375,272.760009765625,271.1099853515625,272.239990234375,240.57598876953125,53942600,0.0,0.0
2018-05-17,271.94000244140625,273.2300109863281,271.1300048828125,272.010009765625,240.37283325195312,56536400,0.0,0.0
2018-05-18,271.6199951171875,272.0299987792969,270.92999267578125,271.3299865722656,239.7717742919922,64368000,0.0,0.0
2018-05-21,273.010009765625,273.9800109863281,272.57000732421875,273.3699951171875,241.5746154785156,58025900,0.0,0.0
2018-05-22,273.9599914550781,274.25,272.239990234375,272.6099853515625,240.90293884277344,52966400,0.0,0.0
2018-05-23,271.1700134277344,273.3900146484375,270.989990234375,273.3599853515625,241.5657501220703,64694200,0.0,0.0
2018-05-24,272.9100036621094,273.2200012207031,270.7799987792969,272.79998779296875,241.07086181640625,76043800,0.0,0.0
2018-05-25,272.1499938964844,272.8599853515625,271.5799865722656,272.1499938964844,240.49644470214844,56374800,0.0,0.0
2018-05-29,270.3099975585937,271.1700134277344,267.760009765625,269.0199890136719,237.73052978515625,115908600,0.0,0.0
2018-05-30,270.5,273.1099853515625,270.4200134277344,272.6099853515625,240.90293884277344,69678400,0.0,0.0
2018-05-31,272.1499938964844,272.489990234375,270.260009765625,270.94000244140625,239.42718505859372,93519900,0.0,0.0
2018-06-01,272.4100036621094,273.94000244140625,272.3299865722656,273.6000061035156,241.77784729003903,71258400,0.0,0.0
2018-06-04,274.5299987792969,275.19000244140625,274.260009765625,274.8999938964844,242.9266357421875,45385200,0.0,0.0
2018-06-05,275.04998779296875,275.5299987792969,274.17999267578125,275.1000061035156,243.10336303710935,51135000,0.0,0.0
2018-06-06,275.7900085449219,277.5199890136719,275.0899963378906,277.3999938964844,245.1359100341797,62732200,0.0,0.0
2018-06-07,277.95001220703125,278.2799987792969,276.3399963378906,277.3699951171875,245.10939025878903,72969400,0.0,0.0
2018-06-08,276.8500061035156,278.25,276.6600036621094,278.19000244140625,245.83401489257807,72139700,0.0,0.0
2018-06-11,278.44000244140625,279.3699951171875,278.3099975585937,278.5599975585937,246.1609039306641,58892500,0.0,0.0
2018-06-12,279.0299987792969,279.3299865722656,278.19000244140625,278.9200134277344,246.4790496826172,72329000,0.0,0.0
2018-06-13,279.19000244140625,279.4800109863281,277.79998779296875,278.0299987792969,245.6926422119141,79070600,0.0,0.0
2018-06-14,279.010009765625,279.3299865722656,278.0599975585937,278.7300109863281,246.3111572265625,77097600,0.0,0.0
2018-06-15,276.6000061035156,277.510009765625,275.3500061035156,277.1300048828125,245.9969940185547,120041600,1.246,0.0
2018-06-18,275.489990234375,276.70001220703125,274.95001220703125,276.5599975585937,245.4910125732422,52917600,0.0,0.0
2018-06-19,274.0,275.75,273.5299987792969,275.5,244.55007934570312,97531500,0.0,0.0
2018-06-20,276.2699890136719,276.7200012207031,275.5899963378906,275.9700012207031,244.96722412109372,53785500,0.0,0.0
2018-06-21,275.9599914550781,275.9800109863281,273.67999267578125,274.239990234375,243.4315490722656,71061400,0.0,0.0
2018-06-22,275.6600036621094,275.7900085449219,274.489990234375,274.739990234375,243.87550354003903,54898500,0.0,0.0
2018-06-25,273.44000244140625,273.6199951171875,269.1000061035156,271.0,240.5556640625,137854200,0.0,0.0
2018-06-26,271.6400146484375,272.5599975585937,270.7900085449219,271.6000061035156,241.0882873535156,68547400,0.0,0.0
2018-06-27,272.260009765625,273.8699951171875,269.17999267578125,269.3500061035156,239.0910186767578,105110700,0.0,0.0
2018-06-28,269.2900085449219,271.75,268.489990234375,270.8900146484375,240.4579315185547,76650500,0.0,0.0
2018-06-29,272.1199951171875,273.6600036621094,271.1499938964844,271.2799987792969,240.8041229248047,97592500,0.0,0.0
2018-07-02,269.510009765625,272.0400085449219,269.239990234375,271.8599853515625,241.31903076171875,63554800,0.0,0.0
2018-07-03,272.8699951171875,272.9800109863281,270.4200134277344,270.8999938964844,240.46682739257807,42187100,0.0,0.0
2018-07-05,272.1700134277344,273.17999267578125,270.9599914550781,273.1099853515625,242.4285430908203,56925900,0.0,0.0
2018-07-06,273.1400146484375,275.8399963378906,272.7099914550781,275.4200134277344,244.47901916503903,66493700,0.0,0.0
2018-07-09,276.54998779296875,277.9599914550781,276.5,277.8999938964844,246.68052673339844,50550400,0.0,0.0
2018-07-10,278.4100036621094,279.010009765625,278.0799865722656,278.8999938964844,247.5681304931641,51966800,0.0,0.0
2018-07-11,277.1499938964844,278.0400085449219,276.5199890136719,276.8599853515625,245.75721740722656,77054700,0.0,0.0
2018-07-12,278.2799987792969,279.42999267578125,277.6000061035156,279.3699951171875,247.9852752685547,60124700,0.0,0.0
2018-07-13,279.1700134277344,279.92999267578125,278.6600036621094,279.5899963378906,248.18060302734372,48216000,0.0,0.0
2018-07-16,279.6400146484375,279.79998779296875,278.8399963378906,279.3399963378906,247.95867919921875,48201000,0.0,0.0
2018-07-17,278.4700012207031,280.9100036621094,278.4100036621094,280.4700012207031,248.96176147460935,52315500,0.0,0.0
2018-07-18,280.5599975585937,281.17999267578125,280.0599975585937,281.0599975585937,249.4853973388672,44593500,0.0,0.0
2018-07-19,280.3099975585937,280.739990234375,279.4599914550781,280.0,248.54446411132807,61412100,0.0,0.0
2018-07-20,279.7699890136719,280.4800109863281,279.5,279.67999267578125,248.260498046875,82337700,0.0,0.0
2018-07-23,279.45001220703125,280.42999267578125,279.0599975585937,280.20001220703125,248.7221221923828,47047600,0.0,0.0
2018-07-24,281.7900085449219,282.5599975585937,280.6300048828125,281.6099853515625,249.9737091064453,68026900,0.0,0.0
2018-07-25,281.3299865722656,284.3699951171875,281.2799987792969,284.010009765625,252.1041259765625,78882900,0.0,0.0
2018-07-26,283.20001220703125,284.1099853515625,283.0899963378906,283.3399963378906,251.5093688964844,57919500,0.0,0.0
2018-07-27,283.7099914550781,283.82000732421875,280.3800048828125,281.4200134277344,249.8050079345703,76768700,0.0,0.0
2018-07-30,281.510009765625,281.69000244140625,279.3599853515625,279.95001220703125,248.5001983642578,63742500,0.0,0.0
2018-07-31,280.8099975585937,282.0199890136719,280.3800048828125,281.3299865722656,249.72512817382807,68570500,0.0,0.0
2018-08-01,281.5599975585937,282.1300048828125,280.1300048828125,280.8599853515625,249.307861328125,53853300,0.0,0.0
2018-08-02,279.3900146484375,282.5799865722656,279.1600036621094,282.3900146484375,250.66603088378903,63426400,0.0,0.0
2018-08-03,282.5299987792969,283.6600036621094,282.3299865722656,283.6000061035156,251.74017333984372,53935400,0.0,0.0
2018-08-06,283.6400146484375,284.989990234375,283.20001220703125,284.6400146484375,252.6632537841797,39400900,0.0,0.0
2018-08-07,285.3900146484375,286.010009765625,285.239990234375,285.5799865722656,253.4976959228516,43196600,0.0,0.0
2018-08-08,285.3900146484375,285.9100036621094,284.94000244140625,285.4599914550781,253.3911590576172,42114600,0.0,0.0
2018-08-09,285.5299987792969,285.9700012207031,284.9200134277344,285.07000732421875,253.04498291015625,35717000,0.0,0.0
2018-08-10,283.45001220703125,284.0599975585937,282.3599853515625,283.1600036621094,251.34954833984372,77076000,0.0,0.0
2018-08-13,283.4700012207031,284.1600036621094,281.7699890136719,282.1000061035156,250.40866088867188,65732900,0.0,0.0
2018-08-14,282.9200134277344,284.1700134277344,282.4800109863281,283.8999938964844,252.0064239501953,43842000,0.0,0.0
2018-08-15,282.3800048828125,282.5400085449219,280.1600036621094,281.7799987792969,250.12454223632807,102925400,0.0,0.0
2018-08-16,283.3999938964844,285.0400085449219,283.3599853515625,284.0599975585937,252.14846801757807,69967900,0.0,0.0
2018-08-17,283.8299865722656,285.5599975585937,283.3699951171875,285.0599975585937,253.0361328125,65618500,0.0,0.0
2018-08-20,285.57000732421875,285.9700012207031,285.0599975585937,285.6700134277344,253.57749938964844,39807500,0.0,0.0
2018-08-21,286.25,287.3099975585937,285.7099914550781,286.3399963378906,254.17225646972656,67272000,0.0,0.0
2018-08-22,285.8800048828125,286.760009765625,285.5799865722656,286.1700134277344,254.02133178710935,44993300,0.0,0.0
2018-08-23,285.9700012207031,286.94000244140625,285.42999267578125,285.7900085449219,253.68411254882807,49204900,0.0,0.0
2018-08-24,286.44000244140625,287.6700134277344,286.3800048828125,287.510009765625,255.2108917236328,57487400,0.0,0.0
2018-08-27,288.8599853515625,289.8999938964844,288.67999267578125,289.7799987792969,257.2258605957031,57072400,0.0,0.0
2018-08-28,290.29998779296875,290.4200134277344,289.3999938964844,289.9200134277344,257.3500671386719,46943500,0.0,0.0
2018-08-29,290.1600036621094,291.739990234375,289.8900146484375,291.4800109863281,258.7349853515625,61485500,0.0,0.0
2018-08-30,290.94000244140625,291.3599853515625,289.6300048828125,290.29998779296875,257.6873779296875,61229500,0.0,0.0
2018-08-31,289.8399963378906,290.8099975585937,289.2900085449219,290.3099975585937,257.6963195800781,66140800,0.0,0.0
2018-09-04,289.8399963378906,290.2099914550781,288.67999267578125,289.8099975585937,257.2524719238281,57594400,0.0,0.0
2018-09-05,289.4100036621094,289.6400146484375,287.8900146484375,289.0299987792969,256.5601806640625,72452400,0.0,0.0
2018-09-06,289.1499938964844,289.489990234375,287.0,288.1600036621094,255.7878570556641,65909900,0.0,0.0
2018-09-07,286.9800109863281,288.70001220703125,286.7099914550781,287.6000061035156,255.2906951904297,73524800,0.0,0.0
2018-09-10,288.739990234375,289.0400085449219,287.8800048828125,288.1000061035156,255.7345733642578,50210900,0.0,0.0
2018-09-11,287.3699951171875,289.54998779296875,286.9800109863281,289.04998779296875,256.5778503417969,50530500,0.0,0.0
2018-09-12,289.0599975585937,289.79998779296875,288.2300109863281,289.1199951171875,256.6400146484375,59810800,0.0,0.0
2018-09-13,290.32000732421875,291.0400085449219,290.0,290.8299865722656,258.1578063964844,51034200,0.0,0.0
2018-09-14,291.0599975585937,291.2699890136719,290.0,290.8800048828125,258.2022399902344,55079900,0.0,0.0
2018-09-17,290.82000732421875,290.8599853515625,289.0299987792969,289.3399963378906,256.83526611328125,68244000,0.0,0.0
2018-09-18,289.5799865722656,291.5799865722656,289.54998779296875,290.9100036621094,258.2288818359375,61930400,0.0,0.0
2018-09-19,290.9700012207031,291.69000244140625,290.8299865722656,291.2200012207031,258.5039978027344,49080600,0.0,0.0
2018-09-20,292.6400146484375,293.94000244140625,291.239990234375,293.5799865722656,260.5990295410156,100360600,0.0,0.0
2018-09-21,293.0899963378906,293.2200012207031,291.8099975585937,291.989990234375,260.36090087890625,105479700,1.323,0.0
2018-09-24,291.3399963378906,291.5,290.3699951171875,291.0199890136719,259.4959716796875,53409600,0.0,0.0
2018-09-25,291.5299987792969,291.6499938964844,290.4800109863281,290.75,259.2552185058594,44370000,0.0,0.0
2018-09-26,290.9100036621094,292.239990234375,289.4100036621094,289.8800048828125,258.4793701171875,79739700,0.0,0.0
2018-09-27,290.4100036621094,291.9100036621094,290.1000061035156,290.69000244140625,259.20172119140625,59249500,0.0,0.0
2018-09-28,289.989990234375,291.2799987792969,289.95001220703125,290.7200012207031,259.2284851074219,70091400,0.0,0.0
2018-10-01,292.1099853515625,292.92999267578125,290.9800109863281,291.7300109863281,260.12896728515625,62078900,0.0,0.0
2018-10-02,291.5599975585937,292.3599853515625,291.1400146484375,291.5599975585937,259.9774169921875,47258200,0.0,0.0
2018-10-03,292.739990234375,293.2099914550781,291.32000732421875,291.7200012207031,260.1201171875,64694600,0.0,0.0
2018-10-04,291.17999267578125,291.239990234375,287.6600036621094,289.44000244140625,258.0871276855469,111545900,0.0,0.0
2018-10-05,289.69000244140625,290.2699890136719,286.2200012207031,287.82000732421875,256.6425476074219,105951700,0.0,0.0
2018-10-08,287.04998779296875,288.2200012207031,285.5,287.82000732421875,256.6425476074219,87742200,0.0,0.0
2018-10-09,287.3900146484375,288.8599853515625,286.7699890136719,287.3999938964844,256.26806640625,74339000,0.0,0.0
2018-10-10,286.8299865722656,286.9100036621094,277.8800048828125,278.29998779296875,248.15370178222656,214731000,0.0,0.0
2018-10-11,277.0799865722656,278.8999938964844,270.3599853515625,272.1700134277344,242.68785095214844,274840500,0.0,0.0
2018-10-12,276.7699890136719,277.0899963378906,272.3699951171875,275.95001220703125,246.0583648681641,183186500,0.0,0.0
2018-10-15,275.54998779296875,277.0400085449219,274.29998779296875,274.3999938964844,244.6762237548828,102263700,0.0,0.0
2018-10-16,276.6000061035156,280.82000732421875,276.07000732421875,280.3999938964844,250.0263214111328,118255800,0.0,0.0
2018-10-17,280.44000244140625,281.1499938964844,277.5599975585937,280.45001220703125,250.0708923339844,110626000,0.0,0.0
2018-10-18,279.3999938964844,280.07000732421875,274.9700012207031,276.3999938964844,246.4595947265625,134557500,0.0,0.0
2018-10-19,277.1300048828125,279.29998779296875,275.4700012207031,276.25,246.32589721679688,139901600,0.0,0.0
2018-10-22,277.0,277.3599853515625,274.4100036621094,275.010009765625,245.22018432617188,82415800,0.0,0.0
2018-10-23,270.95001220703125,274.8699951171875,268.6099853515625,273.6099853515625,243.97186279296875,146352700,0.0,0.0
2018-10-24,273.3299865722656,273.760009765625,264.70001220703125,265.32000732421875,236.579833984375,177806700,0.0,0.0
2018-10-25,267.3800048828125,271.8099975585937,266.2300109863281,270.0799865722656,240.82418823242188,138061500,0.0,0.0
2018-10-26,265.9200134277344,271.0,262.2900085449219,265.3299865722656,236.58876037597656,201574600,0.0,0.0
2018-10-29,268.79998779296875,270.25,259.8500061035156,263.8599853515625,235.2780303955078,160749100,0.0,0.0
2018-10-30,263.6700134277344,268.1199951171875,263.1199951171875,267.7699890136719,238.764404296875,157116000,0.0,0.0
2018-10-31,270.6499938964844,273.2300109863281,270.1199951171875,270.6300048828125,241.3146209716797,128296300,0.0,0.0
2018-11-01,271.6000061035156,273.7300109863281,270.3800048828125,273.510009765625,243.88267517089844,99495000,0.0,0.0
2018-11-02,274.75,275.2300109863281,269.5899963378906,271.8900146484375,242.4381103515625,122634100,0.0,0.0
2018-11-05,272.44000244140625,274.010009765625,271.3500061035156,273.3900146484375,243.7756500244141,65622500,0.0,0.0
2018-11-06,273.32000732421875,275.29998779296875,273.25,275.1199951171875,245.31825256347656,60085900,0.0,0.0
2018-11-07,277.5599975585937,281.1000061035156,277.0799865722656,281.010009765625,250.5702972412109,102752100,0.0,0.0
2018-11-08,280.1099853515625,281.2200012207031,279.2200012207031,280.5,250.11544799804688,65584900,0.0,0.0
2018-11-09,279.0299987792969,279.239990234375,276.17999267578125,277.760009765625,247.6722717285156,98812600,0.0,0.0
2018-11-12,277.19000244140625,277.4599914550781,271.989990234375,272.57000732421875,243.04454040527344,99673600,0.0,0.0
2018-11-13,273.0899963378906,275.3299865722656,271.25,272.0599975585937,242.58969116210935,98176600,0.0,0.0
2018-11-14,274.1600036621094,274.6099853515625,268.45001220703125,270.20001220703125,240.93125915527344,125335900,0.0,0.0
2018-11-15,268.7799987792969,273.5400085449219,267.010009765625,273.0199890136719,243.44573974609372,135101400,0.0,0.0
2018-11-16,271.7900085449219,274.75,271.2099914550781,273.7300109863281,244.07882690429688,126668000,0.0,0.0
2018-11-19,273.04998779296875,273.3800048828125,268.07000732421875,269.1000061035156,239.9503631591797,103061700,0.0,0.0
2018-11-20,265.3599853515625,267.0,263.1499938964844,264.1199951171875,235.50982666015625,136021300,0.0,0.0
2018-11-21,265.8599853515625,267.1499938964844,265.010009765625,265.0199890136719,236.31231689453125,75563700,0.0,0.0
2018-11-23,263.17999267578125,264.82000732421875,263.07000732421875,263.25,234.73403930664065,42807900,0.0,0.0
2018-11-26,265.7799987792969,267.75,265.3399963378906,267.5,238.523681640625,79981400,0.0,0.0
2018-11-27,266.3399963378906,268.3999938964844,265.6600036621094,268.3999938964844,239.32618713378903,75502400,0.0,0.0
2018-11-28,269.6000061035156,274.5799865722656,268.3299865722656,274.5799865722656,244.83676147460935,127629600,0.0,0.0
2018-11-29,273.7099914550781,275.54998779296875,272.42999267578125,273.9800109863281,244.30181884765625,82346400,0.0,0.0
2018-11-30,273.8099975585937,276.2799987792969,273.45001220703125,275.6499938964844,245.79086303710935,98204200,0.0,0.0
2018-12-03,280.2799987792969,280.3999938964844,277.510009765625,279.29998779296875,249.04544067382807,103176300,0.0,0.0
2018-12-04,278.3699951171875,278.8500061035156,269.8999938964844,270.25,240.9758453369141,177986000,0.0,0.0
2018-12-06,265.9200134277344,269.9700012207031,262.44000244140625,269.8399963378906,240.61024475097656,204185400,0.0,0.0
2018-12-07,269.4599914550781,271.2200012207031,262.6300048828125,263.57000732421875,235.0193634033203,161018900,0.0,0.0
2018-12-10,263.3699951171875,265.1600036621094,258.6199951171875,264.07000732421875,235.4652099609375,151445900,0.0,0.0
2018-12-11,267.6600036621094,267.8699951171875,262.4800109863281,264.1300048828125,235.51873779296875,121504400,0.0,0.0
2018-12-12,267.4700012207031,269.0,265.3699951171875,265.4599914550781,236.7046661376953,97976700,0.0,0.0
2018-12-13,266.5199890136719,267.489990234375,264.1199951171875,265.3699951171875,236.6244201660156,96662700,0.0,0.0
2018-12-14,262.9599914550781,264.0299987792969,259.8500061035156,260.4700012207031,232.25515747070312,116961100,0.0,0.0
2018-12-17,259.3999938964844,260.6499938964844,253.52999877929688,255.3600006103516,227.69873046875,165492300,0.0,0.0
2018-12-18,257.20001220703125,257.95001220703125,253.27999877929688,255.0800018310547,227.44903564453125,134515100,0.0,0.0
2018-12-19,255.1699981689453,259.3999938964844,249.3500061035156,251.25999450683597,224.0428466796875,214992800,0.0,0.0
2018-12-20,249.8600006103516,251.6199951171875,244.6499938964844,247.1699981689453,220.3958740234375,252053400,0.0,0.0
2018-12-21,246.7400054931641,249.7100067138672,239.97999572753903,240.6999969482422,215.8800811767578,255345600,1.435,0.0
2018-12-24,239.0399932861328,240.83999633789065,234.2700042724609,234.33999633789065,210.1758728027344,147311600,0.0,0.0
2018-12-26,235.97000122070312,246.17999267578125,233.75999450683597,246.17999267578125,220.7949676513672,218485400,0.0,0.0
2018-12-27,242.57000732421875,248.2899932861328,238.9600067138672,248.07000732421875,222.4901428222656,186267300,0.0,0.0
2018-12-28,249.5800018310547,251.3999938964844,246.4499969482422,247.75,222.20309448242188,153100200,0.0,0.0
2018-12-31,249.55999755859372,250.19000244140625,247.47000122070312,249.9199981689453,224.1493377685547,144299400,0.0,0.0
2019-01-02,245.97999572753903,251.2100067138672,245.9499969482422,250.17999267578125,224.38250732421875,126925200,0.0,0.0
2019-01-03,248.22999572753903,248.57000732421875,243.6699981689453,244.2100067138672,219.02813720703125,144140700,0.0,0.0
2019-01-04,247.58999633789065,253.1100006103516,247.1699981689453,252.38999938964844,226.3646697998047,142628800,0.0,0.0
2019-01-07,252.69000244140625,255.9499969482422,251.69000244140625,254.3800048828125,228.14947509765625,103139100,0.0,0.0
2019-01-08,256.82000732421875,257.3099975585937,254.0,256.7699890136719,230.29296875,102512600,0.0,0.0
2019-01-09,257.5599975585937,258.9100036621094,256.19000244140625,257.9700012207031,231.3692779541016,95006600,0.0,0.0
2019-01-10,256.260009765625,259.1600036621094,255.5,258.8800048828125,232.18540954589844,96823900,0.0,0.0
2019-01-11,257.67999267578125,259.010009765625,257.0299987792969,258.9800109863281,232.275146484375,73858100,0.0,0.0
2019-01-14,256.8599853515625,258.29998779296875,256.4100036621094,257.3999938964844,230.8580474853516,70908200,0.0,0.0
2019-01-15,257.82000732421875,260.70001220703125,257.8099975585937,260.3500061035156,233.50384521484372,85208300,0.0,0.0
2019-01-16,260.8299865722656,261.9700012207031,260.6000061035156,260.9800109863281,234.06884765625,77636700,0.0,0.0
2019-01-17,260.010009765625,263.9200134277344,259.9599914550781,262.9599914550781,235.84474182128903,96118400,0.0,0.0
2019-01-18,264.9800109863281,266.9800109863281,263.0,266.4599914550781,238.98385620117188,127900300,0.0,0.0
2019-01-22,264.82000732421875,265.0599975585937,261.0599975585937,262.8599853515625,235.7550811767578,115531200,0.0,0.0
2019-01-23,264.010009765625,264.7900085449219,260.6600036621094,263.4100036621094,236.24835205078125,86030300,0.0,0.0
2019-01-24,263.2099914550781,264.20001220703125,262.0799865722656,263.54998779296875,236.37387084960935,59204100,0.0,0.0
2019-01-25,265.6099853515625,266.70001220703125,263.6600036621094,265.7799987792969,238.3739471435547,96883400,0.0,0.0
2019-01-28,263.3900146484375,263.8299865722656,261.7900085449219,263.760009765625,236.56224060058597,85613700,0.0,0.0
2019-01-29,263.9200134277344,264.54998779296875,262.4800109863281,263.4100036621094,236.24835205078125,66136300,0.0,0.0
2019-01-30,265.1000061035156,268.5199890136719,264.25,267.5799865722656,239.9883270263672,92473700,0.0,0.0
2019-01-31,267.510009765625,270.4700012207031,267.2699890136719,269.92999267578125,242.0959930419922,104012100,0.0,0.0
2019-02-01,270.1499938964844,271.20001220703125,269.17999267578125,270.0599975585937,242.21263122558597,85782500,0.0,0.0
2019-02-04,270.1099853515625,272.0299987792969,269.3599853515625,271.9599914550781,243.9167022705078,60744800,0.0,0.0
2019-02-05,272.44000244140625,273.44000244140625,271.8800048828125,273.1000061035156,244.93914794921875,79552800,0.0,0.0
2019-02-06,272.7900085449219,273.3399963378906,271.9200134277344,272.739990234375,244.61618041992188,58347800,0.0,0.0
2019-02-07,270.94000244140625,271.54998779296875,268.2900085449219,270.1400146484375,242.28436279296875,95482000,0.0,0.0
2019-02-08,268.75,270.5799865722656,267.8299865722656,270.4700012207031,242.58030700683597,75788900,0.0,0.0
2019-02-11,271.20001220703125,271.489990234375,270.0299987792969,270.6199951171875,242.71487426757807,68021400,0.0,0.0
2019-02-12,272.4200134277344,274.5199890136719,272.3399963378906,274.1000061035156,245.8359832763672,72270200,0.0,0.0
2019-02-13,275.0299987792969,275.92999267578125,274.5599975585937,274.989990234375,246.6341552734375,65277200,0.0,0.0
2019-02-14,273.7799987792969,275.6400146484375,272.8699951171875,274.3800048828125,246.08709716796875,83234400,0.0,0.0
2019-02-15,276.3599853515625,277.4100036621094,276.1300048828125,277.3699951171875,248.76882934570312,97088700,0.0,0.0
2019-02-19,276.4800109863281,278.5799865722656,276.4700012207031,277.8500061035156,249.1993560791016,59120800,0.0,0.0
2019-02-20,277.8099975585937,278.9200134277344,277.25,278.4100036621094,249.7015838623047,76610800,0.0,0.0
2019-02-21,277.70001220703125,278.1000061035156,276.3500061035156,277.4200134277344,248.81375122070312,64214700,0.0,0.0
2019-02-22,278.1099853515625,279.3599853515625,277.3999938964844,279.1400146484375,250.35630798339844,78114600,0.0,0.0
2019-02-25,280.7300109863281,281.3099975585937,279.42999267578125,279.5199890136719,250.6971435546875,69030700,0.0,0.0
2019-02-26,279.1300048828125,280.29998779296875,278.8999938964844,279.32000732421875,250.5177459716797,56844100,0.0,0.0
2019-02-27,278.5199890136719,279.5899963378906,277.4800109863281,279.20001220703125,250.41015625,56921600,0.0,0.0
2019-02-28,278.9599914550781,279.45001220703125,278.32000732421875,278.67999267578125,249.9437713623047,69268300,0.0,0.0
2019-03-01,280.44000244140625,280.8800048828125,278.82000732421875,280.4200134277344,251.50433349609372,78880500,0.0,0.0
2019-03-04,281.6000061035156,281.8699951171875,276.8399963378906,279.3999938964844,250.58946228027344,106494600,0.0,0.0
2019-03-05,279.5400085449219,279.760009765625,278.4100036621094,279.0199890136719,250.24868774414065,59114600,0.0,0.0
2019-03-06,279.1499938964844,279.1600036621094,276.9700012207031,277.3299865722656,248.73297119140625,75039800,0.0,0.0
2019-03-07,276.8299865722656,276.989990234375,274.07000732421875,275.010009765625,246.65219116210935,94885100,0.0,0.0
2019-03-08,272.94000244140625,274.6499938964844,272.4200134277344,274.4599914550781,246.15892028808597,85795800,0.0,0.0
2019-03-11,275.260009765625,278.6199951171875,275.2300109863281,278.44000244140625,249.72845458984372,65098900,0.0,0.0
2019-03-12,279.0599975585937,280.07000732421875,278.8500061035156,279.489990234375,250.67022705078125,79667500,0.0,0.0
2019-03-13,280.4800109863281,282.3800048828125,280.29998779296875,281.3399963378906,252.3294677734375,80639200,0.0,0.0
2019-03-14,281.3699951171875,281.8399963378906,280.6700134277344,281.1600036621094,252.1679229736328,67518400,0.0,0.0
2019-03-15,280.5400085449219,282.2099914550781,280.3299865722656,281.3099975585937,253.4138946533203,81309000,1.233,0.0
2019-03-18,281.54998779296875,282.6600036621094,281.29998779296875,282.3299865722656,254.33274841308597,62199800,0.0,0.0
2019-03-19,283.510009765625,284.3599853515625,281.4100036621094,282.3999938964844,254.39572143554688,90268100,0.0,0.0
2019-03-20,282.1600036621094,283.5,280.32000732421875,281.54998779296875,253.63011169433597,84609200,0.0,0.0
2019-03-21,280.6400146484375,285.17999267578125,280.5899963378906,284.7300109863281,256.4947204589844,79550400,0.0,0.0
2019-03-22,283.2200012207031,283.79998779296875,279.17999267578125,279.25,251.5580902099609,122659300,0.0,0.0
2019-03-25,278.8699951171875,280.19000244140625,277.6400146484375,279.0400085449219,251.36892700195312,85575200,0.0,0.0
2019-03-26,280.989990234375,282.17999267578125,279.5599975585937,281.1199951171875,253.24269104003903,68125900,0.0,0.0
2019-03-27,281.1099853515625,281.760009765625,277.92999267578125,279.6499938964844,251.9185028076172,72224700,0.0,0.0
2019-03-28,280.3500061035156,281.2099914550781,279.07000732421875,280.7099914550781,252.87332153320312,56238500,0.0,0.0
2019-03-29,282.3900146484375,282.8399963378906,281.1400146484375,282.4800109863281,254.46792602539065,82186800,0.0,0.0
2019-04-01,284.70001220703125,286.1600036621094,284.3999938964844,285.8299865722656,257.4856872558594,77617900,0.0,0.0
2019-04-02,286.0400085449219,286.2300109863281,285.0899963378906,285.9700012207031,257.6117858886719,40070400,0.0,0.0
2019-04-03,287.32000732421875,287.760009765625,285.75,286.4200134277344,258.01715087890625,68243200,0.0,0.0
2019-04-04,286.7799987792969,287.4599914550781,286.010009765625,287.17999267578125,258.7017517089844,48997500,0.0,0.0
2019-04-05,287.9200134277344,288.6300048828125,287.6000061035156,288.57000732421875,259.9538879394531,58621700,0.0,0.0
2019-04-08,288.1000061035156,288.9100036621094,287.3699951171875,288.7900085449219,260.1521301269531,53566300,0.0,0.0
2019-04-09,287.7200012207031,288.0799865722656,286.70001220703125,287.3099975585937,258.8188781738281,66142300,0.0,0.0
2019-04-10,287.7699890136719,288.3900146484375,287.3099975585937,288.2900085449219,259.7017822265625,52601500,0.0,0.0
2019-04-11,288.8299865722656,288.8399963378906,287.5799865722656,288.2099914550781,259.6294860839844,55093100,0.0,0.0
2019-04-12,290.0,290.4700012207031,288.260009765625,290.1600036621094,261.38623046875,69727800,0.0,0.0
2019-04-15,290.239990234375,290.3500061035156,289.0799865722656,289.9700012207031,261.21514892578125,49596700,0.0,0.0
2019-04-16,290.95001220703125,291.010009765625,289.5,290.1600036621094,261.38623046875,52153200,0.0,0.0
2019-04-17,291.3999938964844,291.42999267578125,288.989990234375,289.45001220703125,260.7467956542969,58268300,0.0,0.0
2019-04-18,290.1000061035156,290.32000732421875,288.6600036621094,290.0199890136719,261.2601013183594,68708500,0.0,0.0
2019-04-22,289.1700134277344,290.44000244140625,289.07000732421875,290.2699890136719,261.4853820800781,40160100,0.0,0.0
2019-04-23,290.67999267578125,293.1400146484375,290.4200134277344,292.8800048828125,263.836669921875,52246600,0.0,0.0
2019-04-24,292.7900085449219,293.1600036621094,292.07000732421875,292.2300109863281,263.2509155273437,50392900,0.0,0.0
2019-04-25,292.1199951171875,292.7799987792969,290.7300109863281,292.04998779296875,263.0888061523437,57770900,0.0,0.0
2019-04-26,292.1000061035156,293.489990234375,291.239990234375,293.4100036621094,264.31396484375,50916400,0.0,0.0
2019-04-29,293.510009765625,294.45001220703125,293.4100036621094,293.8699951171875,264.7283020019531,57197700,0.0,0.0
2019-04-30,293.489990234375,294.3399963378906,291.9200134277344,294.0199890136719,264.8634948730469,81111700,0.0,0.0
2019-05-01,294.7200012207031,294.95001220703125,291.79998779296875,291.8099975585937,262.8726501464844,71671900,0.0,0.0
2019-05-02,291.67999267578125,292.70001220703125,289.5199890136719,291.17999267578125,262.30523681640625,65030200,0.0,0.0
2019-05-03,292.82000732421875,294.3399963378906,291.29998779296875,294.0299987792969,264.8725280761719,56543700,0.0,0.0
2019-05-06,289.25,293.3099975585937,288.8999938964844,292.82000732421875,263.7824401855469,107198100,0.0,0.0
2019-05-07,290.1499938964844,290.8099975585937,285.8099975585937,287.92999267578125,259.3774108886719,144729900,0.0,0.0
2019-05-08,287.5299987792969,289.42999267578125,286.8699951171875,287.5299987792969,259.0171203613281,91568300,0.0,0.0
2019-05-09,285.2300109863281,287.3299865722656,283.29998779296875,286.6600036621094,258.2332458496094,103471100,0.0,0.0
2019-05-10,285.6199951171875,288.94000244140625,282.29998779296875,288.1000061035156,259.53057861328125,112429300,0.0,0.0
2019-05-13,282.4200134277344,283.489990234375,279.92999267578125,280.8599853515625,253.0084228515625,127290500,0.0,0.0
2019-05-14,281.989990234375,285.1000061035156,281.8500061035156,283.3999938964844,255.29660034179688,77003200,0.0,0.0
2019-05-15,281.5899963378906,285.7699890136719,281.3599853515625,285.0599975585937,256.7920227050781,73956400,0.0,0.0
2019-05-16,285.8399963378906,289.2099914550781,285.760009765625,287.70001220703125,259.17022705078125,76749600,0.0,0.0
2019-05-17,285.1400146484375,288.6000061035156,285.1199951171875,285.8399963378906,257.4947204589844,100353000,0.0,0.0
2019-05-20,284.0599975585937,285.9599914550781,283.1199951171875,283.95001220703125,255.7920837402344,62877600,0.0,0.0
2019-05-21,285.8299865722656,286.92999267578125,285.54998779296875,286.510009765625,258.09820556640625,46847100,0.0,0.0
2019-05-22,285.45001220703125,286.69000244140625,285.1000061035156,285.6300048828125,257.3055114746094,49482500,0.0,0.0
2019-05-23,283.1600036621094,283.2099914550781,280.57000732421875,282.1400146484375,254.16148376464844,98733800,0.0,0.0
2019-05-24,283.739990234375,284.20001220703125,282.0899963378906,282.7799987792969,254.73802185058597,55268100,0.0,0.0
2019-05-28,283.0899963378906,284.1499938964844,280.1300048828125,280.1499938964844,252.3689727783203,70029400,0.0,0.0
2019-05-29,278.9100036621094,279.3599853515625,276.7099914550781,278.2699890136719,250.6753387451172,104972900,0.0,0.0
2019-05-30,279.1099853515625,280.0400085449219,277.8099975585937,279.0299987792969,251.3599395751953,62523800,0.0,0.0
2019-05-31,276.20001220703125,277.1199951171875,275.239990234375,275.2699890136719,247.97280883789065,86862800,0.0,0.0
2019-06-03,275.3099975585937,276.54998779296875,273.0899963378906,274.57000732421875,247.3422088623047,96428000,0.0,0.0
2019-06-04,277.1199951171875,280.67999267578125,276.6199951171875,280.5299987792969,252.71115112304688,77231900,0.0,0.0
2019-06-05,282.3299865722656,282.989990234375,280.32000732421875,282.9599914550781,254.90025329589844,71169700,0.0,0.0
2019-06-06,283.2900085449219,285.54998779296875,282.57000732421875,284.79998779296875,256.5577087402344,69430400,0.0,0.0
2019-06-07,285.92999267578125,288.8500061035156,285.739990234375,287.6499938964844,259.12518310546875,74272200,0.0,0.0
2019-06-10,289.3699951171875,290.82000732421875,288.8699951171875,288.9700012207031,260.3142395019531,60799100,0.0,0.0
2019-06-11,290.989990234375,291.3999938964844,288.17999267578125,288.8999938964844,260.251220703125,58641300,0.0,0.0
2019-06-12,288.6400146484375,289.260009765625,287.82000732421875,288.3900146484375,259.79180908203125,47096300,0.0,0.0
2019-06-13,289.3999938964844,289.9800109863281,288.6199951171875,289.5799865722656,260.8638610839844,48945200,0.0,0.0
2019-06-14,289.260009765625,289.92999267578125,288.4100036621094,289.260009765625,260.5755310058594,52324700,0.0,0.0
2019-06-17,289.5199890136719,290.2200012207031,289.17999267578125,289.3699951171875,260.6745910644531,39205700,0.0,0.0
2019-06-18,291.3900146484375,293.57000732421875,290.989990234375,292.3999938964844,263.4040832519531,85434800,0.0,0.0
2019-06-19,292.54998779296875,293.6499938964844,291.4700012207031,293.0599975585937,263.9987487792969,78674400,0.0,0.0
2019-06-20,296.0400085449219,296.3099975585937,293.1300048828125,295.8599853515625,266.5210266113281,116570000,0.0,0.0
2019-06-21,294.1300048828125,295.5199890136719,293.760009765625,294.0,266.1335754394531,83309500,1.432,0.0
2019-06-24,294.2300109863281,294.5799865722656,293.4700012207031,293.6400146484375,265.80767822265625,47582700,0.0,0.0
2019-06-25,293.70001220703125,293.7300109863281,290.6400146484375,290.760009765625,263.2006530761719,82028700,0.0,0.0
2019-06-26,291.75,292.3099975585937,290.3500061035156,290.4700012207031,262.93817138671875,51584900,0.0,0.0
2019-06-27,291.3099975585937,292.0599975585937,290.8900146484375,291.5,263.8706359863281,40355200,0.0,0.0
2019-06-28,292.5799865722656,293.54998779296875,292.010009765625,293.0,265.22833251953125,59350900,0.0,0.0
2019-07-01,296.67999267578125,296.9200134277344,294.3299865722656,295.6600036621094,267.63623046875,78705600,0.0,0.0
2019-07-02,295.6099853515625,296.489990234375,294.67999267578125,296.42999267578125,268.3332214355469,61504500,0.0,0.0
2019-07-03,297.17999267578125,298.82000732421875,297.0199890136719,298.79998779296875,270.4786376953125,40898900,0.0,0.0
2019-07-05,297.44000244140625,298.6400146484375,296.010009765625,298.4599914550781,270.1708374023437,51677300,0.0,0.0
2019-07-08,297.010009765625,298.260009765625,296.2200012207031,296.82000732421875,268.686279296875,45841800,0.0,0.0
2019-07-09,295.5400085449219,297.5199890136719,295.4800109863281,297.19000244140625,269.02130126953125,41101300,0.0,0.0
2019-07-10,298.3699951171875,299.6600036621094,297.7799987792969,298.6099853515625,270.3065490722656,58448500,0.0,0.0
2019-07-11,299.32000732421875,299.5799865722656,298.20001220703125,299.3099975585937,270.9403076171875,50826100,0.0,0.0
2019-07-12,299.8500061035156,300.7300109863281,299.510009765625,300.6499938964844,272.1532592773437,40326000,0.0,0.0
2019-07-15,301.1300048828125,301.1300048828125,300.19000244140625,300.75,272.2437438964844,33900000,0.0,0.0
2019-07-16,300.6499938964844,300.8800048828125,299.44000244140625,299.7799987792969,271.3656921386719,36650100,0.0,0.0
2019-07-17,299.75,299.92999267578125,297.739990234375,297.739990234375,269.5191650390625,36036300,0.0,0.0
2019-07-18,297.19000244140625,299.25,296.70001220703125,298.8299865722656,270.5057983398437,51392600,0.0,0.0
2019-07-19,300.0400085449219,300.07000732421875,296.9800109863281,297.1700134277344,269.003173828125,58678600,0.0,0.0
2019-07-22,297.6099853515625,298.5,297.0400085449219,297.8999938964844,269.6639099121094,43638100,0.0,0.0
2019-07-23,299.1400146484375,300.0299987792969,298.2200012207031,300.0299987792969,271.5919494628906,44564500,0.0,0.0
2019-07-24,299.19000244140625,301.44000244140625,299.0899963378906,301.44000244140625,272.8684387207031,47213200,0.0,0.0
2019-07-25,300.94000244140625,301.0,299.1099853515625,300.0,271.5649108886719,55394100,0.0,0.0
2019-07-26,300.760009765625,302.2300109863281,300.6199951171875,302.010009765625,273.3843994140625,45084100,0.0,0.0
2019-07-29,301.8800048828125,302.010009765625,300.8500061035156,301.4599914550781,272.88641357421875,38126500,0.0,0.0
2019-07-30,299.9100036621094,301.1700134277344,299.489990234375,300.7200012207031,272.2166442871094,45849000,0.0,0.0
2019-07-31,300.989990234375,301.20001220703125,295.20001220703125,297.42999267578125,269.23846435546875,104245200,0.0,0.0
2019-08-01,297.6000061035156,300.8699951171875,293.9599914550781,294.8399963378906,266.8939819335937,142646600,0.0,0.0
2019-08-02,293.8500061035156,294.1199951171875,290.8999938964844,292.6199951171875,264.88433837890625,116749700,0.0,0.0
2019-08-05,288.0899963378906,288.2099914550781,281.7200012207031,283.82000732421875,256.9184875488281,178745400,0.0,0.0
2019-08-06,285.9100036621094,288.0400085449219,284.2799987792969,287.79998779296875,260.521240234375,120711700,0.0,0.0
2019-08-07,284.3999938964844,288.82000732421875,282.0400085449219,287.9700012207031,260.6752014160156,140572300,0.0,0.0
2019-08-08,289.6199951171875,293.6199951171875,289.010009765625,293.6199951171875,265.78961181640625,87713900,0.0,0.0
2019-08-09,292.5799865722656,293.239990234375,289.6499938964844,291.6199951171875,263.9792175292969,93730000,0.0,0.0
2019-08-12,289.9599914550781,291.6099853515625,287.0199890136719,288.07000732421875,260.7657165527344,65527600,0.0,0.0
2019-08-13,287.739990234375,294.1499938964844,287.3599853515625,292.54998779296875,264.82098388671875,94299800,0.0,0.0
2019-08-14,288.07000732421875,288.739990234375,283.760009765625,283.8999938964844,256.9908752441406,135622100,0.0,0.0
2019-08-15,284.8800048828125,285.6400146484375,282.3900146484375,284.6499938964844,257.6698303222656,99556600,0.0,0.0
2019-08-16,286.4800109863281,289.3299865722656,284.7099914550781,288.8500061035156,261.47174072265625,83018300,0.0,0.0
2019-08-19,292.19000244140625,293.0799865722656,291.44000244140625,292.3299865722656,264.6219177246094,53571800,0.0,0.0
2019-08-20,291.7699890136719,292.3599853515625,289.95001220703125,290.0899963378906,262.5941772460937,51596400,0.0,0.0
2019-08-21,292.4800109863281,292.8599853515625,291.7200012207031,292.45001220703125,264.73052978515625,49524700,0.0,0.0
2019-08-22,293.2300109863281,293.92999267578125,290.3999938964844,292.3599853515625,264.6490478515625,51666400,0.0,0.0
2019-08-23,290.9200134277344,292.760009765625,283.4700012207031,284.8500061035156,257.8509216308594,149161500,0.0,0.0
2019-08-26,287.2699890136719,288.0,285.5799865722656,288.0,260.7023010253906,72423800,0.0,0.0
2019-08-27,289.5400085449219,289.95001220703125,286.0299987792969,286.8699951171875,259.6793212890625,66668900,0.0,0.0
2019-08-28,286.1400146484375,289.07000732421875,285.25,288.8900146484375,261.5079650878906,59696700,0.0,0.0
2019-08-29,291.7200012207031,293.1600036621094,290.6099853515625,292.5799865722656,264.84814453125,57899400,0.0,0.0
2019-08-30,294.2200012207031,294.239990234375,291.4200134277344,292.45001220703125,264.73052978515625,62901200,0.0,0.0
2019-09-03,290.57000732421875,291.5799865722656,289.2699890136719,290.739990234375,263.1825866699219,69101400,0.0,0.0
2019-09-04,293.1400146484375,294.0599975585937,292.3099975585937,294.0400085449219,266.1698608398437,46887300,0.0,0.0
2019-09-05,296.7900085449219,298.8299865722656,294.0,297.82000732421875,269.59149169921875,83258100,0.0,0.0
2019-09-06,298.1700134277344,298.760009765625,297.4200134277344,298.04998779296875,269.7997741699219,49584300,0.0,0.0
2019-09-09,299.1400146484375,299.239990234375,297.1600036621094,298.20001220703125,269.9354858398437,51260300,0.0,0.0
2019-09-10,297.3599853515625,298.20001220703125,295.9700012207031,298.1300048828125,269.8720703125,57947100,0.0,0.0
2019-09-11,298.4700012207031,300.3399963378906,297.75,300.25,271.7911376953125,68821100,0.0,0.0
2019-09-12,301.25,302.4599914550781,300.4100036621094,301.2900085449219,272.732666015625,72908700,0.0,0.0
2019-09-13,301.7799987792969,302.1700134277344,300.67999267578125,301.0899963378906,272.55157470703125,62104800,0.0,0.0
2019-09-16,299.8399963378906,301.1400146484375,299.45001220703125,300.1600036621094,271.70965576171875,58191200,0.0,0.0
2019-09-17,299.94000244140625,301.0199890136719,299.75,300.9200134277344,272.3976745605469,41475500,0.0,0.0
2019-09-18,300.489990234375,301.2200012207031,298.239990234375,301.1000061035156,272.5606384277344,73375800,0.0,0.0
2019-09-19,301.5299987792969,302.6300048828125,300.7099914550781,301.0799865722656,272.5425109863281,76560500,0.0,0.0
2019-09-20,300.3599853515625,300.6700134277344,297.4100036621094,298.2799987792969,271.2548522949219,89565000,1.384,0.0
2019-09-23,297.54998779296875,299.0,297.2699890136719,298.2099914550781,271.1911315917969,43476800,0.0,0.0
2019-09-24,299.4100036621094,299.8399963378906,294.8099975585937,295.8699951171875,269.06317138671875,94869400,0.0,0.0
2019-09-25,295.9599914550781,298.1099853515625,294.3299865722656,297.6199951171875,270.6546630859375,71854000,0.0,0.0
2019-09-26,297.6300048828125,297.8599853515625,295.45001220703125,297.0,270.0907897949219,56179700,0.0,0.0
2019-09-27,297.8299865722656,297.95001220703125,293.69000244140625,295.3999938964844,268.6357727050781,84746600,0.0,0.0
2019-09-30,295.9700012207031,297.54998779296875,295.9200134277344,296.7699890136719,269.8815612792969,51662400,0.0,0.0
2019-10-01,297.739990234375,298.4599914550781,293.0,293.239990234375,266.6714782714844,88242400,0.0,0.0
2019-10-02,291.5,291.510009765625,286.6400146484375,288.0599975585937,261.9607238769531,122539500,0.0,0.0
2019-10-03,287.8099975585937,290.45001220703125,284.82000732421875,290.4200134277344,264.10699462890625,85278800,0.0,0.0
2019-10-04,291.1400146484375,294.6300048828125,291.0799865722656,294.3500061035156,267.680908203125,65091200,0.0,0.0
2019-10-07,293.4700012207031,295.260009765625,292.7699890136719,293.0799865722656,266.52593994140625,59610500,0.0,0.0
2019-10-08,291.0400085449219,291.8500061035156,288.489990234375,288.5299987792969,262.3881530761719,95708100,0.0,0.0
2019-10-09,290.75,292.29998779296875,290.0599975585937,291.2699890136719,264.8800048828125,62359400,0.0,0.0
2019-10-10,291.17999267578125,294.2099914550781,291.0,293.239990234375,266.6714782714844,55296300,0.0,0.0
2019-10-11,296.2699890136719,298.739990234375,296.1400146484375,296.2799987792969,269.4359436035156,98720400,0.0,0.0
2019-10-14,295.92999267578125,296.6700134277344,295.57000732421875,295.95001220703125,269.1359558105469,40394800,0.0,0.0
2019-10-15,297.1000061035156,299.70001220703125,296.9700012207031,298.8800048828125,271.8004150390625,46754500,0.0,0.0
2019-10-16,298.3699951171875,299.1600036621094,297.9200134277344,298.3999938964844,271.3639831542969,48928200,0.0,0.0
2019-10-17,299.67999267578125,300.239990234375,298.5199890136719,299.2799987792969,272.1641845703125,45736600,0.0,0.0
2019-10-18,298.69000244140625,299.3999938964844,297.0299987792969,297.9700012207031,270.972900390625,64304000,0.0,0.0
2019-10-21,299.4200134277344,300.2099914550781,298.94000244140625,299.989990234375,272.80987548828125,39048600,0.0,0.0
2019-10-22,300.5799865722656,300.8999938964844,298.9100036621094,299.010009765625,271.918701171875,48594700,0.0,0.0
2019-10-23,298.7300109863281,299.94000244140625,298.5,299.8800048828125,272.70977783203125,34352200,0.0,0.0
2019-10-24,300.9100036621094,301.07000732421875,299.4599914550781,300.3699951171875,273.15545654296875,35453100,0.0,0.0
2019-10-25,299.739990234375,302.20001220703125,299.67999267578125,301.6000061035156,274.2740478515625,45205400,0.0,0.0
2019-10-28,302.94000244140625,303.8500061035156,302.9100036621094,303.29998779296875,275.8199768066406,42147000,0.0,0.0
2019-10-29,303.0,304.2300109863281,302.8599853515625,303.2099914550781,275.7381896972656,44284900,0.0,0.0
2019-10-30,303.42999267578125,304.54998779296875,301.989990234375,304.1400146484375,276.5838928222656,49643900,0.0,0.0
2019-10-31,304.1300048828125,304.1300048828125,301.7300109863281,303.3299865722656,275.8472900390625,69053800,0.0,0.0
2019-11-01,304.9200134277344,306.19000244140625,304.739990234375,306.1400146484375,278.40264892578125,71141500,0.0,0.0
2019-11-04,307.8500061035156,308.0,306.9599914550781,307.3699951171875,279.5212097167969,60606900,0.0,0.0
2019-11-05,307.5899963378906,307.9200134277344,306.7099914550781,307.0299987792969,279.2120361328125,42933200,0.0,0.0
2019-11-06,307.0299987792969,307.3999938964844,306.0599975585937,307.1000061035156,279.2757263183594,46487100,0.0,0.0
2019-11-07,308.57000732421875,309.6499938964844,307.6600036621094,308.17999267578125,280.2578125,54272300,0.0,0.0
2019-11-08,307.79998779296875,309.0,307.0299987792969,308.94000244140625,280.9490051269531,49032100,0.0,0.0
2019-11-11,307.4200134277344,308.5400085449219,307.2699890136719,308.3500061035156,280.41241455078125,35797300,0.0,0.0
2019-11-12,308.75,309.989990234375,308.1499938964844,309.0,281.0035095214844,46484600,0.0,0.0
2019-11-13,307.9100036621094,309.5400085449219,307.6600036621094,309.1000061035156,281.094482421875,53917700,0.0,0.0
2019-11-14,308.7900085449219,309.6400146484375,308.0899963378906,309.54998779296875,281.5036926269531,51219900,0.0,0.0
2019-11-15,311.0199890136719,311.8399963378906,310.260009765625,311.7900085449219,283.5407409667969,62023600,0.0,0.0
2019-11-18,311.5299987792969,312.2799987792969,311.0299987792969,312.0199890136719,283.75,49228000,0.0,0.0
2019-11-19,312.67999267578125,312.69000244140625,311.2200012207031,311.92999267578125,283.6680908203125,67804700,0.0,0.0
2019-11-20,311.2799987792969,311.8500061035156,309.0599975585937,310.7699890136719,282.6131591796875,79406200,0.0,0.0
2019-11-21,310.8900146484375,311.010009765625,309.3900146484375,310.2699890136719,282.15850830078125,54664700,0.0,0.0
2019-11-22,311.0899963378906,311.239990234375,309.8500061035156,310.9599914550781,282.7860717773437,44850200,0.0,0.0
2019-11-25,311.9800109863281,313.3699951171875,311.9800109863281,313.3699951171875,284.9776916503906,48647200,0.0,0.0
2019-11-26,313.4100036621094,314.2799987792969,313.0599975585937,314.0799865722656,285.623291015625,37569000,0.0,0.0
2019-11-27,314.6099853515625,315.4800109863281,314.3699951171875,315.4800109863281,286.896484375,44444600,0.0,0.0
2019-11-29,314.8599853515625,315.1300048828125,314.0599975585937,314.3099975585937,285.8323974609375,36592700,0.0,0.0
2019-12-02,314.5899963378906,314.6600036621094,311.1700134277344,311.6400146484375,283.404296875,75767800,0.0,0.0
2019-12-03,308.6499938964844,309.6400146484375,307.1300048828125,309.54998779296875,281.5036926269531,73941700,0.0,0.0
2019-12-04,310.70001220703125,312.1199951171875,310.32000732421875,311.4599914550781,283.2406616210937,49080000,0.0,0.0
2019-12-05,312.2300109863281,312.25,310.5799865722656,312.0199890136719,283.75,40709000,0.0,0.0
2019-12-06,314.1199951171875,315.3099975585937,314.1099853515625,314.8699951171875,286.3416748046875,48927000,0.0,0.0
2019-12-09,314.44000244140625,315.17999267578125,313.79998779296875,313.8800048828125,285.4414367675781,34838500,0.0,0.0
2019-12-10,313.82000732421875,314.54998779296875,312.8099975585937,313.5299987792969,285.123046875,52649800,0.0,0.0
2019-12-11,314.0299987792969,314.70001220703125,313.44000244140625,314.4200134277344,285.9324951171875,53429100,0.0,0.0
2019-12-12,314.42999267578125,317.989990234375,314.1700134277344,317.1300048828125,288.39697265625,96389600,0.0,0.0
2019-12-13,316.8699951171875,318.6700134277344,316.0199890136719,317.32000732421875,288.5697326660156,81503900,0.0,0.0
2019-12-16,319.2200012207031,320.1499938964844,317.25,319.5,290.5521545410156,82749700,0.0,0.0
2019-12-17,319.9200134277344,320.25,319.4800109863281,319.57000732421875,290.61590576171875,61097700,0.0,0.0
2019-12-18,320.0,320.25,319.5299987792969,319.5899963378906,290.6340637207031,48133000,0.0,0.0
2019-12-19,319.79998779296875,320.9800109863281,319.5199890136719,320.8999938964844,291.825439453125,85310500,0.0,0.0
2019-12-20,320.4599914550781,321.9700012207031,319.3900146484375,320.7300109863281,293.1048278808594,147142100,1.57,0.0
2019-12-23,321.5899963378906,321.6499938964844,321.0599975585937,321.2200012207031,293.55255126953125,52990000,0.0,0.0
2019-12-24,321.4700012207031,321.5199890136719,320.8999938964844,321.2300109863281,293.5616760253906,20270000,0.0,0.0
2019-12-26,321.6499938964844,322.95001220703125,321.6400146484375,322.94000244140625,295.1243896484375,30911200,0.0,0.0
2019-12-27,323.739990234375,323.79998779296875,322.2799987792969,322.8599853515625,295.0513000488281,42528800,0.0,0.0
2019-12-30,322.95001220703125,323.1000061035156,320.54998779296875,321.0799865722656,293.4246520996094,49729100,0.0,0.0
2019-12-31,320.5299987792969,322.1300048828125,320.1499938964844,321.8599853515625,294.1374206542969,57077300,0.0,0.0
2020-01-02,323.5400085449219,324.8900146484375,322.5299987792969,324.8699951171875,296.8881530761719,59151200,0.0,0.0
2020-01-03,321.1600036621094,323.6400146484375,321.1000061035156,322.4100036621094,294.6400756835937,77709700,0.0,0.0
2020-01-06,320.489990234375,323.7300109863281,320.3599853515625,323.6400146484375,295.7641296386719,55653900,0.0,0.0
2020-01-07,323.0199890136719,323.5400085449219,322.239990234375,322.7300109863281,294.93243408203125,40496400,0.0,0.0
2020-01-08,322.94000244140625,325.7799987792969,322.6700134277344,324.45001220703125,296.5043334960937,68296000,0.0,0.0
2020-01-09,326.1600036621094,326.7300109863281,325.5199890136719,326.6499938964844,298.5148010253906,48473300,0.0,0.0
2020-01-10,327.2900085449219,327.4599914550781,325.20001220703125,325.7099914550781,297.6557922363281,53029300,0.0,0.0
2020-01-13,326.3900146484375,327.9599914550781,325.9200134277344,327.95001220703125,299.7029113769531,47086800,0.0,0.0
2020-01-14,327.4700012207031,328.6199951171875,326.8399963378906,327.45001220703125,299.2459716796875,62832800,0.0,0.0
2020-01-15,327.3500061035156,329.0199890136719,327.260009765625,328.19000244140625,299.92218017578125,72056600,0.0,0.0
2020-01-16,329.70001220703125,330.9200134277344,329.45001220703125,330.9200134277344,302.4171447753906,54050300,0.0,0.0
2020-01-17,331.70001220703125,332.17999267578125,330.8500061035156,331.95001220703125,303.3583679199219,95846000,0.0,0.0
2020-01-21,330.8999938964844,332.17999267578125,330.82000732421875,331.29998779296875,302.764404296875,77742400,0.0,0.0
2020-01-22,332.239990234375,332.95001220703125,331.1700134277344,331.3399963378906,302.8009033203125,48914900,0.0,0.0
2020-01-23,330.6300048828125,332.1700134277344,329.4100036621094,331.7200012207031,303.148193359375,51963000,0.0,0.0
2020-01-24,332.44000244140625,332.5299987792969,327.3599853515625,328.7699890136719,300.4522705078125,87578400,0.0,0.0
2020-01-27,323.0299987792969,325.1199951171875,322.6600036621094,323.5,295.63623046875,84062500,0.0,0.0
2020-01-28,325.0599975585937,327.8500061035156,323.6000061035156,326.8900146484375,298.7342224121094,63834000,0.0,0.0
2020-01-29,328.3800048828125,328.6300048828125,326.3999938964844,326.6199951171875,298.48748779296875,53888900,0.0,0.0
2020-01-30,324.3599853515625,327.9100036621094,323.5400085449219,327.67999267578125,299.45611572265625,75491800,0.0,0.0
2020-01-31,327.0,327.1700134277344,320.7300109863281,321.7300109863281,294.0186767578125,113845600,0.0,0.0
2020-02-03,323.3500061035156,326.1600036621094,323.2200012207031,324.1199951171875,296.2027893066406,69083000,0.0,0.0
2020-02-04,328.07000732421875,330.010009765625,327.7200012207031,329.0599975585937,300.71728515625,62573200,0.0,0.0
2020-02-05,332.2699890136719,333.0899963378906,330.6700134277344,332.8599853515625,304.1900329589844,65951100,0.0,0.0
2020-02-06,333.9100036621094,334.19000244140625,332.79998779296875,333.9800109863281,305.21356201171875,50359700,0.0,0.0
2020-02-07,332.82000732421875,333.989990234375,331.6000061035156,332.20001220703125,303.58673095703125,64139400,0.0,0.0
2020-02-10,331.2300109863281,334.75,331.19000244140625,334.67999267578125,305.8532409667969,42070000,0.0,0.0
2020-02-11,336.1600036621094,337.0199890136719,334.67999267578125,335.260009765625,306.38330078125,54864500,0.0,0.0
2020-02-12,336.8299865722656,337.6499938964844,336.42999267578125,337.4200134277344,308.3572082519531,43992700,0.0,0.0
2020-02-13,335.8599853515625,338.1199951171875,335.5599975585937,337.0599975585937,308.0282287597656,54501900,0.0,0.0
2020-02-14,337.510009765625,337.7300109863281,336.20001220703125,337.6000061035156,308.5217590332031,64582200,0.0,0.0
2020-02-18,336.510009765625,337.6700134277344,335.2099914550781,336.7300109863281,307.7266540527344,57226200,0.0,0.0
2020-02-19,337.7900085449219,339.0799865722656,337.4800109863281,338.3399963378906,309.1979675292969,48814700,0.0,0.0
2020-02-20,337.739990234375,338.6400146484375,333.67999267578125,336.95001220703125,307.9277648925781,74163400,0.0,0.0
2020-02-21,335.4700012207031,335.8099975585937,332.5799865722656,333.4800109863281,304.756591796875,113788200,0.0,0.0
2020-02-24,323.1400146484375,333.5599975585937,321.239990234375,322.4200134277344,294.6492004394531,161088400,0.0,0.0
2020-02-25,323.94000244140625,324.6099853515625,311.69000244140625,312.6499938964844,285.7207336425781,218913200,0.0,0.0
2020-02-26,314.17999267578125,318.1099853515625,310.70001220703125,311.5,284.6698303222656,194773800,0.0,0.0
2020-02-27,305.4599914550781,311.5599975585937,297.510009765625,297.510009765625,271.884765625,284353500,0.0,0.0
2020-02-28,288.70001220703125,297.8900146484375,285.5400085449219,296.260009765625,270.74249267578125,384975800,0.0,0.0
2020-03-02,298.2099914550781,309.1600036621094,294.4599914550781,309.0899963378906,282.4673767089844,238703600,0.0,0.0
2020-03-03,309.5,313.8399963378906,297.57000732421875,300.239990234375,274.3795471191406,300139100,0.0,0.0
2020-03-04,306.1199951171875,313.1000061035156,303.3299865722656,312.8599853515625,285.9126281738281,176613400,0.0,0.0
2020-03-05,304.9800109863281,308.4700012207031,300.010009765625,302.4599914550781,276.408447265625,186366800,0.0,0.0
2020-03-06,293.1499938964844,298.7799987792969,290.2300109863281,297.4599914550781,271.8391418457031,228667200,0.0,0.0
2020-03-09,275.29998779296875,284.19000244140625,273.45001220703125,274.2300109863281,250.60989379882807,309417300,0.0,0.0
2020-03-10,284.6400146484375,288.5199890136719,273.5,288.4200134277344,263.5777282714844,276444100,0.0,0.0
2020-03-11,280.70001220703125,281.94000244140625,270.8800048828125,274.3599853515625,250.728759765625,255316300,0.0,0.0
2020-03-12,256.0,266.6600036621094,247.67999267578125,248.1100006103516,226.7396697998047,392220700,0.0,0.0
2020-03-13,263.0899963378906,271.4800109863281,248.5200042724609,269.32000732421875,246.12294006347656,329566100,0.0,0.0
2020-03-16,241.17999267578125,256.8999938964844,237.3600006103516,239.8500061035156,219.191162109375,297240000,0.0,0.0
2020-03-17,245.0399932861328,256.1700134277344,237.07000732421875,252.8000030517578,231.02572631835935,262070500,0.0,0.0
2020-03-18,236.25,248.3699951171875,228.0200042724609,240.0,219.32823181152344,327597100,0.0,0.0
2020-03-19,239.25,247.3800048828125,232.22000122070312,240.50999450683597,219.7943115234375,289322000,0.0,0.0
2020-03-20,242.52999877929688,244.47000122070312,228.5,228.8000030517578,210.32244873046875,347158800,1.406,0.0
2020-03-23,228.19000244140625,229.67999267578125,218.25999450683597,222.9499969482422,204.9448699951172,326025200,0.0,0.0
2020-03-24,234.4199981689453,244.1000061035156,233.8000030517578,243.1499938964844,223.5135498046875,235494500,0.0,0.0
2020-03-25,244.8699951171875,256.3500061035156,239.75,246.7899932861328,226.85960388183597,299430300,0.0,0.0
2020-03-26,249.5200042724609,262.79998779296875,249.0500030517578,261.20001220703125,240.1059112548828,257632800,0.0,0.0
2020-03-27,253.2700042724609,260.8099975585937,251.0500030517578,253.4199981689453,232.95416259765625,224341200,0.0,0.0
2020-03-30,255.6999969482422,262.42999267578125,253.52999877929688,261.6499938964844,240.51954650878903,171369500,0.0,0.0
2020-03-31,260.5599975585937,263.3299865722656,256.2200012207031,257.75,236.9344940185547,194881100,0.0,0.0
2020-04-01,247.97999572753903,257.6600036621094,243.8999938964844,246.1499938964844,226.27130126953125,189554600,0.0,0.0
2020-04-02,245.19000244140625,252.67999267578125,244.58999633789065,251.8300018310547,231.49256896972656,177660400,0.0,0.0
2020-04-03,250.75999450683597,253.32000732421875,245.22000122070312,248.19000244140625,228.1465301513672,135561200,0.0,0.0
2020-04-06,257.8399963378906,267.0,248.1699981689453,264.8599853515625,243.47023010253903,188061200,0.0,0.0
2020-04-07,274.2099914550781,275.0299987792969,264.8900146484375,265.1300048828125,243.7185516357422,201427200,0.0,0.0
2020-04-08,267.9599914550781,276.0,265.25,274.0299987792969,251.89974975585935,153774500,0.0,0.0
2020-04-09,277.5799865722656,281.20001220703125,275.4700012207031,278.20001220703125,255.73291015625,189999200,0.0,0.0
2020-04-13,277.1400146484375,277.510009765625,271.4100036621094,275.6600036621094,253.39813232421875,114839100,0.0,0.0
2020-04-14,280.9800109863281,284.8999938964844,275.510009765625,283.7900085449219,260.87158203125,134143400,0.0,0.0
2020-04-15,277.57000732421875,283.94000244140625,275.4599914550781,277.760009765625,255.3285217285156,121775000,0.0,0.0
2020-04-16,279.1499938964844,280.0299987792969,275.760009765625,279.1000061035156,256.56036376953125,131798300,0.0,0.0
2020-04-17,285.3800048828125,287.29998779296875,282.3999938964844,286.6400146484375,263.4913635253906,146684800,0.0,0.0
2020-04-20,282.6099853515625,286.7900085449219,281.3500061035156,281.5899963378906,258.84918212890625,100109300,0.0,0.0
2020-04-21,276.7300109863281,278.0400085449219,272.0199890136719,273.0400085449219,250.98976135253903,126385700,0.0,0.0
2020-04-22,278.3500061035156,281.0,276.9100036621094,279.1000061035156,256.56036376953125,92951600,0.0,0.0
2020-04-23,280.489990234375,283.94000244140625,278.75,279.0799865722656,256.5419311523437,104709700,0.0,0.0
2020-04-24,280.7300109863281,283.70001220703125,278.5,282.9700012207031,260.1177978515625,85063200,0.0,0.0
2020-04-27,285.1199951171875,288.2699890136719,284.6199951171875,287.04998779296875,263.86822509765625,77896600,0.0,0.0
2020-04-28,291.0199890136719,291.3999938964844,285.3999938964844,285.7300109863281,262.65484619140625,105270000,0.0,0.0
2020-04-29,291.5299987792969,294.8800048828125,290.4100036621094,293.2099914550781,269.5307922363281,118745600,0.0,0.0
2020-04-30,291.7099914550781,293.32000732421875,288.5899963378906,290.4800109863281,267.0212707519531,122901700,0.0,0.0
2020-05-01,285.3099975585937,290.6600036621094,281.5199890136719,282.7900085449219,259.9522705078125,125180000,0.0,0.0
2020-05-04,280.739990234375,283.8999938964844,279.1300048828125,283.57000732421875,260.6693115234375,80873200,0.0,0.0
2020-05-05,286.6400146484375,289.25,283.7099914550781,286.19000244140625,263.0776672363281,79569900,0.0,0.0
2020-05-06,288.0400085449219,288.4599914550781,283.7799987792969,284.25,261.2943725585937,73632600,0.0,0.0
2020-05-07,287.75,289.7799987792969,287.1300048828125,287.67999267578125,264.4474182128906,75250400,0.0,0.0
2020-05-08,291.0899963378906,292.95001220703125,289.8599853515625,292.44000244140625,268.822998046875,76452400,0.0,0.0
2020-05-11,290.3399963378906,294.0,289.8800048828125,292.5,268.8780212402344,79514200,0.0,0.0
2020-05-12,293.7900085449219,294.239990234375,286.5199890136719,286.6700134277344,263.5189514160156,95870800,0.0,0.0
2020-05-13,286.0599975585937,287.19000244140625,278.9599914550781,281.6000061035156,258.8583984375,144721100,0.0,0.0
2020-05-14,278.95001220703125,285.1099853515625,272.989990234375,284.9700012207031,261.9562072753906,121977900,0.0,0.0
2020-05-15,282.3699951171875,286.3299865722656,281.3399963378906,286.2799987792969,263.160400390625,111146300,0.0,0.0
2020-05-18,293.04998779296875,296.75,292.70001220703125,295.0,271.1762084960937,119703800,0.0,0.0
2020-05-19,294.3500061035156,296.2099914550781,291.95001220703125,291.9700012207031,268.3909912109375,95189300,0.0,0.0
2020-05-20,295.82000732421875,297.8699951171875,295.57000732421875,296.92999267578125,272.95037841796875,85861700,0.0,0.0
2020-05-21,296.7900085449219,297.6700134277344,293.69000244140625,294.8800048828125,271.0659484863281,78293900,0.0,0.0
2020-05-22,294.57000732421875,295.6300048828125,293.2200012207031,295.44000244140625,271.58074951171875,63958200,0.0,0.0
2020-05-26,301.92999267578125,302.19000244140625,295.4599914550781,299.0799865722656,274.9266357421875,88951400,0.0,0.0
2020-05-27,302.1199951171875,303.57000732421875,296.8699951171875,303.5299987792969,279.0173645019531,104817400,0.0,0.0
2020-05-28,304.6499938964844,306.8399963378906,302.239990234375,302.9700012207031,278.50262451171875,90405200,0.0,0.0
2020-05-29,302.4599914550781,304.9599914550781,299.4700012207031,304.32000732421875,279.74346923828125,119090800,0.0,0.0
2020-06-01,303.6199951171875,306.2099914550781,303.0599975585937,305.54998779296875,280.87420654296875,55758300,0.0,0.0
2020-06-02,306.54998779296875,308.1300048828125,305.1000061035156,308.0799865722656,283.1998596191406,74267200,0.0,0.0
2020-06-03,310.239990234375,313.2200012207031,309.94000244140625,312.17999267578125,286.9688720703125,92567600,0.0,0.0
2020-06-04,311.1099853515625,313.0,309.0799865722656,311.3599853515625,286.21502685546875,75794400,0.0,0.0
2020-06-05,317.2300109863281,321.2699890136719,317.1600036621094,319.3399963378906,293.550537109375,150524700,0.0,0.0
2020-06-08,320.2200012207031,323.4100036621094,319.6300048828125,323.20001220703125,297.098876953125,73641200,0.0,0.0
2020-06-09,320.29998779296875,323.2799987792969,319.3599853515625,320.7900085449219,294.88348388671875,77479200,0.0,0.0
2020-06-10,321.4200134277344,322.3900146484375,318.2200012207031,319.0,293.2380065917969,95000800,0.0,0.0
2020-06-11,311.4599914550781,312.1499938964844,300.010009765625,300.6099853515625,276.33319091796875,209243600,0.0,0.0
2020-06-12,308.239990234375,309.0799865722656,298.6000061035156,304.2099914550781,279.6424255371094,194678900,0.0,0.0
2020-06-15,298.0199890136719,308.2799987792969,296.739990234375,307.04998779296875,282.2530822753906,135782700,0.0,0.0
2020-06-16,315.4800109863281,315.6400146484375,307.6700134277344,312.9599914550781,287.6856994628906,137627500,0.0,0.0
2020-06-17,314.07000732421875,314.3900146484375,310.8599853515625,311.6600036621094,286.49078369140625,83398900,0.0,0.0
2020-06-18,310.010009765625,312.29998779296875,309.510009765625,311.7799987792969,286.60113525390625,80828700,0.0,0.0
2020-06-19,314.1700134277344,314.3800048828125,306.5299987792969,308.6400146484375,284.9632263183594,135549600,1.366,0.0
2020-06-22,307.989990234375,311.04998779296875,306.75,310.6199951171875,286.7912902832031,74649400,0.0,0.0
2020-06-23,313.489990234375,314.5,311.6099853515625,312.04998779296875,288.111572265625,68471200,0.0,0.0
2020-06-24,309.8399963378906,310.510009765625,302.1000061035156,304.0899963378906,280.76226806640625,132813500,0.0,0.0
2020-06-25,303.4700012207031,307.6400146484375,301.2799987792969,307.3500061035156,283.7720947265625,89468000,0.0,0.0
2020-06-26,306.1600036621094,306.3900146484375,299.4200134277344,300.04998779296875,277.0321044921875,127961000,0.0,0.0
2020-06-29,301.4100036621094,304.6099853515625,298.92999267578125,304.4599914550781,281.1037292480469,79773300,0.0,0.0
2020-06-30,303.989990234375,310.20001220703125,303.82000732421875,308.3599853515625,284.70465087890625,113394800,0.0,0.0
2020-07-01,309.57000732421875,311.8900146484375,309.07000732421875,310.5199890136719,286.69903564453125,72396500,0.0,0.0
2020-07-02,314.239990234375,315.70001220703125,311.510009765625,312.2300109863281,288.2777709960937,69344200,0.0,0.0
2020-07-06,316.3699951171875,317.67999267578125,315.5599975585937,317.04998779296875,292.7280578613281,61713800,0.0,0.0
2020-07-07,315.3800048828125,317.5199890136719,313.3699951171875,313.7799987792969,289.7088317871094,82910000,0.0,0.0
2020-07-08,314.6099853515625,316.29998779296875,312.70001220703125,316.17999267578125,291.9248352050781,54638600,0.0,0.0
2020-07-09,316.8399963378906,317.1000061035156,310.67999267578125,314.3800048828125,290.2629089355469,83354200,0.0,0.0
2020-07-10,314.3099975585937,317.8800048828125,312.760009765625,317.5899963378906,293.2266540527344,57550400,0.0,0.0
2020-07-13,320.1300048828125,322.7099914550781,314.1300048828125,314.8399963378906,290.6876220703125,102997500,0.0,0.0
2020-07-14,313.29998779296875,319.760009765625,312.0,318.9200134277344,294.4546203613281,93657000,0.0,0.0
2020-07-15,322.4100036621094,323.0400085449219,319.2699890136719,321.8500061035156,297.1597900390625,87196500,0.0,0.0
2020-07-16,319.7900085449219,321.2799987792969,319.0899963378906,320.7900085449219,296.1810913085937,54622500,0.0,0.0
2020-07-17,321.8800048828125,322.57000732421875,319.739990234375,321.7200012207031,297.03973388671875,62774900,0.0,0.0
2020-07-20,321.42999267578125,325.1300048828125,320.6199951171875,324.32000732421875,299.4403686523437,56308800,0.0,0.0
2020-07-21,326.45001220703125,326.92999267578125,323.94000244140625,325.010009765625,300.07745361328125,57292200,0.0,0.0
2020-07-22,324.6199951171875,327.20001220703125,324.5,326.8599853515625,301.7854919433594,57792900,0.0,0.0
2020-07-23,326.4700012207031,327.2300109863281,321.4800109863281,322.9599914550781,298.18463134765625,75738000,0.0,0.0
2020-07-24,320.95001220703125,321.989990234375,319.25,320.8800048828125,296.2641906738281,73766600,0.0,0.0
2020-07-27,321.6300048828125,323.4100036621094,320.7699890136719,323.2200012207031,298.4246826171875,48293000,0.0,0.0
2020-07-28,322.42999267578125,323.6400146484375,320.8500061035156,321.1700134277344,296.531982421875,57495000,0.0,0.0
2020-07-29,322.1199951171875,325.7300109863281,322.0799865722656,325.1199951171875,300.17889404296875,48454200,0.0,0.0
2020-07-30,321.8999938964844,324.4100036621094,319.6400146484375,323.9599914550781,299.1080017089844,61861700,0.0,0.0
2020-07-31,325.8999938964844,326.6300048828125,321.3299865722656,326.5199890136719,301.47149658203125,84986800,0.0,0.0
2020-08-03,328.32000732421875,329.6199951171875,327.7300109863281,328.7900085449219,303.5674133300781,53077900,0.0,0.0
2020-08-04,327.8599853515625,330.0599975585937,327.8599853515625,330.0599975585937,304.74005126953125,41917900,0.0,0.0
2020-08-05,331.4700012207031,332.3900146484375,331.17999267578125,332.1099853515625,306.6327209472656,42697700,0.0,0.0
2020-08-06,331.4800109863281,334.4599914550781,331.1300048828125,334.3299865722656,308.6824035644531,43679400,0.0,0.0
2020-08-07,333.2799987792969,334.8800048828125,332.29998779296875,334.57000732421875,308.9040222167969,57308300,0.0,0.0
2020-08-10,335.0599975585937,335.7699890136719,332.9599914550781,335.57000732421875,309.8272705078125,44282100,0.0,0.0
2020-08-11,336.8500061035156,337.5400085449219,332.010009765625,332.79998779296875,307.2698059082031,69601100,0.0,0.0
2020-08-12,335.44000244140625,338.2799987792969,335.4100036621094,337.44000244140625,311.5538635253906,53774400,0.0,0.0
2020-08-13,336.6099853515625,338.25,335.8299865722656,336.8299865722656,310.9906005859375,41816100,0.0,0.0
2020-08-14,336.4100036621094,337.4200134277344,335.6199951171875,336.8399963378906,310.99981689453125,47260400,0.0,0.0
2020-08-17,337.94000244140625,338.3399963378906,336.8500061035156,337.9100036621094,311.9877014160156,35481000,0.0,0.0
2020-08-18,338.3399963378906,339.1000061035156,336.6099853515625,338.6400146484375,312.6617736816406,38733900,0.0,0.0
2020-08-19,339.04998779296875,339.6099853515625,336.6199951171875,337.2300109863281,311.3598937988281,68054200,0.0,0.0
2020-08-20,335.3599853515625,338.79998779296875,335.2200012207031,338.2799987792969,312.3293762207031,42207800,0.0,0.0
2020-08-21,337.9200134277344,339.7200012207031,337.54998779296875,339.4800109863281,313.4374084472656,55106600,0.0,0.0
2020-08-24,342.1199951171875,343.0,339.45001220703125,342.9200134277344,316.6134948730469,48588700,0.0,0.0
2020-08-25,343.5299987792969,344.2099914550781,342.2699890136719,344.1199951171875,317.7214050292969,38463400,0.0,0.0
2020-08-26,344.760009765625,347.8599853515625,344.1700134277344,347.57000732421875,320.9066467285156,50790200,0.0,0.0
2020-08-27,348.510009765625,349.8999938964844,346.5299987792969,348.3299865722656,321.6083984375,58034100,0.0,0.0
2020-08-28,349.44000244140625,350.7200012207031,348.1499938964844,350.5799865722656,323.685791015625,48588900,0.0,0.0
2020-08-31,350.3500061035156,351.29998779296875,349.0599975585937,349.3099975585937,322.5132751464844,66099200,0.0,0.0
2020-09-01,350.2099914550781,352.7099914550781,349.239990234375,352.6000061035156,325.5508117675781,54908700,0.0,0.0
2020-09-02,354.6700134277344,358.75,353.42999267578125,357.70001220703125,330.2596435546875,69540000,0.0,0.0
2020-09-03,355.8699951171875,356.3800048828125,342.5899963378906,345.3900146484375,318.8939819335937,148011100,0.0,0.0
2020-09-04,346.1300048828125,347.8299865722656,334.8699951171875,342.57000732421875,316.2902526855469,139156300,0.0,0.0
2020-09-08,336.7099914550781,342.6400146484375,332.8800048828125,333.2099914550781,307.6483459472656,114465300,0.0,0.0
2020-09-09,337.54998779296875,342.4599914550781,336.6099853515625,339.7900085449219,313.7235412597656,91462300,0.0,0.0
2020-09-10,341.82000732421875,342.5299987792969,332.8500061035156,333.8900146484375,308.27618408203125,90569500,0.0,0.0
2020-09-11,335.82000732421875,336.9700012207031,331.0,334.0599975585937,308.43316650390625,84680200,0.0,0.0
2020-09-14,337.489990234375,340.3800048828125,334.2200012207031,338.4599914550781,312.4955749511719,65605700,0.0,0.0
2020-09-15,341.1199951171875,342.0199890136719,338.4700012207031,340.1700134277344,314.07440185546875,52920900,0.0,0.0
2020-09-16,341.510009765625,343.0599975585937,338.5199890136719,338.82000732421875,312.8280334472656,82096000,0.0,0.0
2020-09-17,333.5599975585937,337.70001220703125,332.989990234375,335.8399963378906,310.0765991210937,91523300,0.0,0.0
2020-09-18,335.3699951171875,335.489990234375,327.9700012207031,330.6499938964844,306.5068054199219,105877900,1.339,0.0
2020-09-21,325.70001220703125,327.1300048828125,321.7300109863281,326.9700012207031,303.0954895019531,99450800,0.0,0.0
2020-09-22,328.57000732421875,330.8999938964844,325.8599853515625,330.29998779296875,306.18231201171875,63612100,0.0,0.0
2020-09-23,330.8999938964844,331.20001220703125,322.1000061035156,322.6400146484375,299.0816650390625,93112200,0.0,0.0
2020-09-24,321.2200012207031,326.79998779296875,319.79998779296875,323.5,299.8788452148437,76681300,0.0,0.0
2020-09-25,322.5799865722656,329.5799865722656,321.6400146484375,328.7300109863281,304.7269592285156,71069400,0.0,0.0
2020-09-28,333.2200012207031,334.9599914550781,332.1499938964844,334.19000244140625,309.78826904296875,64584600,0.0,0.0
2020-09-29,333.9700012207031,334.7699890136719,331.6199951171875,332.3699951171875,308.1011962890625,51304000,0.0,0.0
2020-09-30,333.0899963378906,338.2900085449219,332.8800048828125,334.8900146484375,310.43719482421875,104081100,0.0,0.0
2020-10-01,337.69000244140625,338.739990234375,335.010009765625,337.0400085449219,312.4302062988281,88698700,0.0,0.0
2020-10-02,331.70001220703125,337.010009765625,331.19000244140625,333.8399963378906,309.4638671875,89431100,0.0,0.0
2020-10-05,336.0599975585937,339.9599914550781,336.010009765625,339.760009765625,314.9515380859375,45713100,0.0,0.0
2020-10-06,339.9100036621094,342.1700134277344,334.3800048828125,334.92999267578125,310.4742736816406,90128900,0.0,0.0
2020-10-07,338.1199951171875,341.6300048828125,338.0899963378906,340.760009765625,315.8785400390625,56999600,0.0,0.0
2020-10-08,342.8500061035156,343.8500061035156,341.8599853515625,343.7799987792969,318.67803955078125,45242500,0.0,0.0
2020-10-09,345.5599975585937,347.3500061035156,344.8900146484375,346.8500061035156,321.5238952636719,59528600,0.0,0.0
2020-10-12,349.5899963378906,354.0199890136719,349.0599975585937,352.42999267578125,326.6964111328125,80388500,0.0,0.0
2020-10-13,352.2799987792969,352.4700012207031,349.0899963378906,350.1300048828125,324.5643920898437,73255500,0.0,0.0
2020-10-14,350.75,351.92999267578125,347.1400146484375,347.92999267578125,322.5250244140625,57727900,0.0,0.0
2020-10-15,343.7099914550781,348.0199890136719,343.1300048828125,347.5,322.12646484375,60357700,0.0,0.0
2020-10-16,348.9599914550781,350.75,347.1000061035156,347.2900085449219,321.9317321777344,89501900,0.0,0.0
2020-10-19,348.6499938964844,349.3299865722656,341.0400085449219,342.010009765625,317.0372314453125,68425600,0.0,0.0
2020-10-20,343.4599914550781,346.8800048828125,342.6400146484375,343.3800048828125,318.3072814941406,60051900,0.0,0.0
2020-10-21,343.3299865722656,345.6700134277344,342.3999938964844,342.7300109863281,317.7047119140625,63575000,0.0,0.0
2020-10-22,342.9599914550781,345.239990234375,340.6499938964844,344.6099853515625,319.447509765625,55399300,0.0,0.0
2020-10-23,345.92999267578125,345.989990234375,343.1300048828125,345.7799987792969,320.53204345703125,49143900,0.0,0.0
2020-10-26,342.1300048828125,342.9800109863281,335.6199951171875,339.3900146484375,314.6086120605469,91473000,0.0,0.0
2020-10-27,339.760009765625,340.1199951171875,337.989990234375,338.2200012207031,313.5240173339844,65994100,0.0,0.0
2020-10-28,332.1000061035156,338.25,326.1300048828125,326.6600036621094,302.80816650390625,127094300,0.0,0.0
2020-10-29,326.9100036621094,333.3999938964844,325.0899963378906,329.9800109863281,305.8857421875,90597700,0.0,0.0
2020-10-30,328.2799987792969,329.69000244140625,322.6000061035156,326.5400085449219,302.6969299316406,120287300,0.0,0.0
2020-11-02,330.20001220703125,332.3599853515625,327.239990234375,330.20001220703125,306.0896911621094,86068300,0.0,0.0
2020-11-03,333.69000244140625,338.25,330.2900085449219,336.0299987792969,311.49395751953125,93294200,0.0,0.0
2020-11-04,340.8599853515625,347.94000244140625,339.5899963378906,343.5400085449219,318.4556884765625,126959700,0.0,0.0
2020-11-05,349.239990234375,352.19000244140625,348.8599853515625,350.239990234375,324.66632080078125,82039700,0.0,0.0
2020-11-06,349.92999267578125,351.510009765625,347.6499938964844,350.1600036621094,324.5921936035156,74973000,0.0,0.0
2020-11-09,363.9700012207031,364.3800048828125,354.0599975585937,354.5599975585937,328.6709289550781,172304200,0.0,0.0
2020-11-10,353.489990234375,355.17999267578125,350.510009765625,354.0400085449219,328.1889038085937,85552000,0.0,0.0
2020-11-11,356.3999938964844,357.5599975585937,355.0599975585937,356.6700134277344,330.6268920898437,58649000,0.0,0.0
2020-11-12,355.5799865722656,356.7200012207031,351.260009765625,353.2099914550781,327.4194641113281,67546200,0.0,0.0
2020-11-13,355.2699890136719,358.8999938964844,354.7099914550781,358.1000061035156,331.95245361328125,62892200,0.0,0.0
2020-11-16,360.9800109863281,362.7799987792969,359.5899963378906,362.5700073242188,336.0960388183594,74541100,0.0,0.0
2020-11-17,359.9700012207031,361.9200134277344,358.3399963378906,360.6199951171875,334.2884521484375,66111000,0.0,0.0
2020-11-18,360.9100036621094,361.5,356.239990234375,356.2799987792969,330.2653503417969,70591300,0.0,0.0
2020-11-19,355.6000061035156,358.17999267578125,354.1499938964844,357.7799987792969,331.6557922363281,59940900,0.0,0.0
2020-11-20,357.5,357.7200012207031,355.25,355.3299865722656,329.3846740722656,70417300,0.0,0.0
2020-11-23,357.2799987792969,358.82000732421875,354.8699951171875,357.4599914550781,331.3591613769531,63230600,0.0,0.0
2020-11-24,360.2099914550781,363.80999755859375,359.2900085449219,363.2200012207031,336.6986083984375,62415900,0.0,0.0
2020-11-25,363.1300048828125,363.1600036621094,361.4800109863281,362.6600036621094,336.1794738769531,45330900,0.0,0.0
2020-11-27,363.8399963378906,364.1799926757813,362.5799865722656,363.6700134277344,337.1156921386719,28514100,0.0,0.0
2020-11-30,362.8299865722656,363.1199951171875,359.1700134277344,362.05999755859375,335.6233215332031,83872700,0.0,0.0
2020-12-01,365.5700073242188,367.6799926757813,364.9299926757813,366.0199890136719,339.294189453125,74231400,0.0,0.0
2020-12-02,364.8200073242188,366.9599914550781,364.2000122070313,366.7900085449219,340.00799560546875,45927000,0.0,0.0
2020-12-03,366.6799926757813,368.1900024414063,365.5,366.6900024414063,339.9152526855469,62882000,0.0,0.0
2020-12-04,367.3200073242188,369.8500061035156,367.2200012207031,369.8500061035156,342.844482421875,50749900,0.0,0.0
2020-12-07,369.0199890136719,369.6199951171875,367.7200012207031,369.0899963378906,342.1400146484375,48944300,0.0,0.0
2020-12-08,367.7200012207031,370.7799987792969,367.6700134277344,370.1700134277344,343.1411437988281,42458900,0.0,0.0
2020-12-09,370.8800048828125,371.0499877929688,365.9500122070313,366.8500061035156,340.0636291503906,74098300,0.0,0.0
2020-12-10,365.3699951171875,367.8599853515625,364.4299926757813,366.7300109863281,339.9523620605469,57735400,0.0,0.0
2020-12-11,364.8999938964844,366.739990234375,363.260009765625,366.2999877929688,339.5536499023437,57698600,0.0,0.0
2020-12-14,368.6400146484375,369.7999877929688,364.4700012207031,364.6600036621094,338.0334777832031,69216200,0.0,0.0
2020-12-15,367.3999938964844,369.5899963378906,365.9200134277344,369.5899963378906,342.6034545898437,63865300,0.0,0.0
2020-12-16,369.8200073242188,371.1600036621094,368.8699951171875,370.1700134277344,343.1411437988281,58420500,0.0,0.0
2020-12-17,371.9400024414063,372.4599914550781,371.0499877929688,372.239990234375,345.0599670410156,64119500,0.0,0.0
2020-12-18,370.9700012207031,371.1499938964844,367.0199890136719,369.1799926757813,343.68218994140625,136542300,1.58,0.0
2020-12-21,364.9700012207031,378.4599914550781,362.0299987792969,367.8599853515625,342.4532775878906,96386700,0.0,0.0
2020-12-22,368.2099914550781,368.3299865722656,366.0299987792969,367.239990234375,341.8762512207031,47949000,0.0,0.0
2020-12-23,368.2799987792969,369.6199951171875,367.2200012207031,367.5700073242188,342.1832580566406,46201400,0.0,0.0
2020-12-24,368.0799865722656,369.0299987792969,367.4500122070313,369.0,343.5146484375,26457900,0.0,0.0
2020-12-28,371.739990234375,372.5899963378906,371.0700073242188,372.1700134277344,346.4657287597656,39000400,0.0,0.0
2020-12-29,373.80999755859375,374.0,370.8299865722656,371.4599914550781,345.8047180175781,53680500,0.0,0.0
2020-12-30,372.3399963378906,373.1000061035156,371.5700073242188,371.989990234375,346.2981262207031,49455300,0.0,0.0
2020-12-31,371.7799987792969,374.6600036621094,371.2300109863281,373.8800048828125,348.0575561523437,78520700,0.0,0.0
2021-01-04,375.30999755859375,375.4500122070313,364.8200073242188,368.7900085449219,343.319091796875,110210800,0.0,0.0
2021-01-05,368.1000061035156,372.5,368.0499877929688,371.3299865722656,345.68365478515625,66426200,0.0,0.0
2021-01-06,369.7099914550781,376.9800109863281,369.1199951171875,373.5499877929688,347.7503662109375,107997700,0.0,0.0
2021-01-07,376.1000061035156,379.8999938964844,375.9100036621094,379.1000061035156,352.91705322265625,68766800,0.0,0.0
2021-01-08,380.5899963378906,381.489990234375,377.1000061035156,381.260009765625,354.9278869628906,71677200,0.0,0.0
2021-01-11,377.8500061035156,380.5799865722656,377.7200012207031,378.6900024414063,352.5353088378906,51034700,0.0,0.0
2021-01-12,378.8900146484375,379.8599853515625,376.3599853515625,378.7699890136719,352.6098022460937,52547700,0.0,0.0
2021-01-13,378.6900024414063,380.8599853515625,377.8500061035156,379.7900085449219,353.5593566894531,45303600,0.0,0.0
2021-01-14,380.5899963378906,381.1300048828125,378.1000061035156,378.4599914550781,352.3212280273437,49989100,0.0,0.0
2021-01-15,376.7200012207031,377.5799865722656,373.7000122070313,375.7000122070313,349.7518920898437,107160000,0.0,0.0
2021-01-19,378.3399963378906,379.2300109863281,376.75,378.6499938964844,352.49810791015625,51233300,0.0,0.0
2021-01-20,381.1099853515625,384.7900085449219,380.6900024414063,383.8900146484375,357.376220703125,61836100,0.0,0.0
2021-01-21,384.489990234375,384.9500122070313,383.25,384.239990234375,357.7020263671875,47840100,0.0,0.0
2021-01-22,382.25,384.1300048828125,381.8399963378906,382.8800048828125,356.4360046386719,52860500,0.0,0.0
2021-01-25,383.6700134277344,384.7699890136719,378.4599914550781,384.3900146484375,357.8416748046875,70402000,0.0,0.0
2021-01-26,385.4100036621094,385.8500061035156,383.5400085449219,383.7900085449219,357.2831115722656,42665300,0.0,0.0
2021-01-27,380.2200012207031,380.3200073242188,372.010009765625,374.4100036621094,348.5509033203125,123351100,0.0,0.0
2021-01-28,376.3599853515625,381.9299926757813,375.8900146484375,377.6300048828125,351.5485534667969,94198100,0.0,0.0
2021-01-29,375.6300048828125,376.6700134277344,368.2699890136719,370.0700073242188,344.5107421875,126765100,0.0,0.0
2021-02-01,373.7200012207031,377.3399963378906,370.3800048828125,376.2300109863281,350.2452392578125,75817600,0.0,0.0
2021-02-02,379.6499938964844,383.2200012207031,376.3200073242188,381.5499877929688,355.1978759765625,64450700,0.0,0.0
2021-02-03,382.4400024414063,383.7000122070313,380.4800109863281,381.8500061035156,355.4771423339844,52427100,0.0,0.0
2021-02-04,382.9599914550781,386.239990234375,381.9700012207031,386.1900024414063,359.517333984375,47142600,0.0,0.0
2021-02-05,388.2000122070313,388.4700012207031,386.1400146484375,387.7099914550781,360.9323425292969,48669800,0.0,0.0
2021-02-08,389.2699890136719,390.55999755859375,388.3500061035156,390.510009765625,363.53900146484375,38365200,0.0,0.0
2021-02-09,389.6099853515625,390.8900146484375,389.1700134277344,390.25,363.29693603515625,35551100,0.0,0.0
2021-02-10,392.1199951171875,392.2799987792969,387.5,390.0799865722656,363.138671875,59154400,0.0,0.0
2021-02-11,391.239990234375,391.6900024414063,388.1000061035156,390.7099914550781,363.7252197265625,42913300,0.0,0.0
2021-02-12,389.8500061035156,392.8999938964844,389.7699890136719,392.6400146484375,365.52191162109375,50593300,0.0,0.0
2021-02-16,393.9599914550781,394.1700134277344,391.5299987792969,392.2999877929688,365.2054138183594,50972400,0.0,0.0
2021-02-17,390.4200134277344,392.6600036621094,389.3299865722656,392.3900146484375,365.2891540527344,52290600,0.0,0.0
2021-02-18,389.5899963378906,391.5199890136719,387.739990234375,390.7200012207031,363.7345275878906,59712800,0.0,0.0
2021-02-19,392.0700073242188,392.3800048828125,389.5499877929688,390.0299987792969,363.0921630859375,83241000,0.0,0.0
2021-02-22,387.05999755859375,389.6199951171875,386.739990234375,387.0299987792969,360.2993469238281,67414200,0.0,0.0
2021-02-23,384.6600036621094,388.9500122070313,380.2000122070313,387.5,360.7369384765625,107284100,0.0,0.0
2021-02-24,386.3299865722656,392.2300109863281,385.2699890136719,391.7699890136719,364.71197509765625,72433900,0.0,0.0
2021-02-25,390.4100036621094,391.8800048828125,380.7799987792969,382.3299865722656,355.9239807128906,146670500,0.0,0.0
2021-02-26,384.3500061035156,385.5799865722656,378.2300109863281,380.3599853515625,354.09002685546875,152701600,0.0,0.0
2021-03-01,385.5899963378906,390.9200134277344,380.5700073242188,389.5799865722656,362.6732177734375,105348800,0.0,0.0
2021-03-02,389.8200073242188,390.0700073242188,386.0,386.5400085449219,359.8431701660156,79595300,0.0,0.0
2021-03-03,385.7900085449219,386.8299865722656,381.30999755859375,381.4200134277344,355.0768127441406,119940200,0.0,0.0
2021-03-04,381.2200012207031,384.0,371.8800048828125,376.7000122070313,350.682861328125,183433000,0.0,0.0
2021-03-05,380.4599914550781,384.760009765625,372.6400146484375,383.6300048828125,357.1341857910156,152039600,0.0,0.0
2021-03-08,384.6600036621094,387.6799926757813,381.4200134277344,381.7200012207031,355.3560791015625,123149200,0.0,0.0
2021-03-09,385.8500061035156,389.9100036621094,385.30999755859375,387.1700134277344,360.42974853515625,113633600,0.0,0.0
2021-03-10,389.6900024414063,391.3999938964844,388.1700134277344,389.5799865722656,362.6732177734375,109899400,0.0,0.0
2021-03-11,392.2300109863281,395.6499938964844,391.739990234375,393.5299987792969,366.3504333496094,86245000,0.0,0.0
2021-03-12,392.0700073242188,394.2099914550781,391.2000122070313,394.05999755859375,366.8438415527344,64653600,0.0,0.0
2021-03-15,394.3299865722656,396.6900024414063,392.0299987792969,396.4100036621094,369.0315551757813,73427200,0.0,0.0
2021-03-16,397.0700073242188,397.8299865722656,395.0799865722656,395.9100036621094,368.5660400390625,73722500,0.0,0.0
2021-03-17,394.5299987792969,398.1199951171875,393.2999877929688,397.260009765625,369.8228759765625,97959300,0.0,0.0
2021-03-18,394.4800109863281,396.7200012207031,390.75,391.4800109863281,364.4420166015625,115349100,0.0,0.0
2021-03-19,389.8800048828125,391.5700073242188,387.1499938964844,389.4800109863281,363.7677001953125,113624500,1.278,0.0
2021-03-22,390.0299987792969,394.0700073242188,389.9700012207031,392.5899963378906,366.67236328125,73778600,0.0,0.0
2021-03-23,391.9100036621094,393.4599914550781,388.6600036621094,389.5,363.7863159179688,90686600,0.0,0.0
2021-03-24,391.0,392.75,387.4700012207031,387.5199890136719,361.9371032714844,97588600,0.0,0.0
2021-03-25,385.9800109863281,390.5499877929688,383.8999938964844,389.7000122070313,363.9731750488281,116128600,0.0,0.0
2021-03-26,390.9299926757813,396.4100036621094,390.2900085449219,395.9800109863281,369.8385314941406,114409100,0.0,0.0
2021-03-29,394.3999938964844,396.75,392.80999755859375,395.7799987792969,369.6518249511719,108107600,0.0,0.0
2021-03-30,394.4200134277344,395.4500122070313,393.0199890136719,394.7300109863281,368.6710815429688,76262200,0.0,0.0
2021-03-31,395.3399963378906,398.0,395.30999755859375,396.3299865722656,370.1654357910156,112734200,0.0,0.0
2021-04-01,398.3999938964844,400.6700134277344,398.1799926757813,400.6099853515625,374.1628723144531,99682900,0.0,0.0
2021-04-05,403.4599914550781,406.9400024414063,403.3800048828125,406.3599853515625,379.5333251953125,91684800,0.0,0.0
2021-04-06,405.760009765625,407.239990234375,405.3999938964844,406.1199951171875,379.3092041015625,62021000,0.0,0.0
2021-04-07,405.9400024414063,406.9599914550781,405.4500122070313,406.5899963378906,379.74810791015625,55836300,0.0,0.0
2021-04-08,407.9299926757813,408.5799865722656,406.9299926757813,408.5199890136719,381.5507507324219,57863100,0.0,0.0
2021-04-09,408.3900146484375,411.6700134277344,408.260009765625,411.489990234375,384.32464599609375,61104600,0.0,0.0
2021-04-12,410.8500061035156,411.9299926757813,410.2000122070313,411.6400146484375,384.4647521972656,56704900,0.0,0.0
2021-04-13,411.5299987792969,413.5299987792969,411.1199951171875,412.8599853515625,385.6042175292969,56551000,0.0,0.0
2021-04-14,412.8299865722656,413.9599914550781,410.8699951171875,411.4500122070313,384.2872619628906,61659900,0.0,0.0
2021-04-15,413.739990234375,416.1600036621094,413.6900024414063,415.8699951171875,388.4154052734375,60229800,0.0,0.0
2021-04-16,417.25,417.9100036621094,415.7300109863281,417.260009765625,389.71380615234375,82037300,0.0,0.0
2021-04-19,416.260009765625,416.739990234375,413.7900085449219,415.2099914550781,387.7991027832031,78498500,0.0,0.0
2021-04-20,413.9100036621094,415.0899963378906,410.5899963378906,412.1700134277344,384.9597473144531,81851800,0.0,0.0
2021-04-21,411.510009765625,416.2900085449219,411.3599853515625,416.0700073242188,388.6022644042969,66793000,0.0,0.0
2021-04-22,415.8900146484375,416.7799987792969,411.1300048828125,412.2699890136719,385.0531921386719,97582800,0.0,0.0
2021-04-23,412.8699951171875,418.25,412.7900085449219,416.739990234375,389.2281188964844,73209200,0.0,0.0
2021-04-26,417.4400024414063,418.2200012207031,416.80999755859375,417.6099853515625,390.0406494140625,52182400,0.0,0.0
2021-04-27,417.9299926757813,418.1400146484375,416.2999877929688,417.5199890136719,389.95654296875,51303100,0.0,0.0
2021-04-28,417.80999755859375,419.010009765625,416.8999938964844,417.3999938964844,389.8444519042969,51238900,0.0,0.0
2021-04-29,420.3200073242188,420.7200012207031,416.4400024414063,420.05999755859375,392.3289489746094,78544300,0.0,0.0
2021-04-30,417.6300048828125,418.5400085449219,416.3399963378906,417.2999877929688,389.7509765625,85527000,0.0,0.0
2021-05-03,419.4299926757813,419.8399963378906,417.6700134277344,418.2000122070313,390.5917053222656,68128300,0.0,0.0
2021-05-04,416.0700073242188,416.6000061035156,411.6700134277344,415.6199951171875,388.1820068359375,101591200,0.0,0.0
2021-05-05,417.3800048828125,417.6300048828125,415.1499938964844,415.75,388.3034057617188,60162200,0.0,0.0
2021-05-06,415.8299865722656,419.2099914550781,413.6799926757813,419.0700073242188,391.40423583984375,74321400,0.0,0.0
2021-05-07,419.8900146484375,422.8200073242188,419.1600036621094,422.1199951171875,394.25286865234375,67733800,0.0,0.0
2021-05-10,422.5,422.739990234375,417.80999755859375,417.9400024414063,390.3487548828125,81852400,0.0,0.0
2021-05-11,413.1000061035156,415.2699890136719,410.05999755859375,414.2099914550781,386.8651428222656,116888000,0.0,0.0
2021-05-12,411.2300109863281,412.5899963378906,404.0,405.4100036621094,378.6460266113281,134811000,0.0,0.0
2021-05-13,407.0700073242188,412.3500061035156,407.0199890136719,410.2799987792969,383.1945190429688,106394000,0.0,0.0
2021-05-14,413.2099914550781,417.489990234375,413.1799926757813,416.5799865722656,389.07861328125,82201600,0.0,0.0
2021-05-17,415.3900146484375,416.3900146484375,413.3599853515625,415.5199890136719,388.0885925292969,65129200,0.0,0.0
2021-05-18,415.7999877929688,416.05999755859375,411.7699890136719,411.9400024414063,384.7450256347656,59810200,0.0,0.0
2021-05-19,406.9200134277344,411.0499877929688,405.3299865722656,410.8599853515625,383.7362060546875,106467100,0.0,0.0
2021-05-20,411.7999877929688,416.6300048828125,411.6700134277344,415.2799987792969,387.864501953125,78022200,0.0,0.0
2021-05-21,416.8699951171875,418.2000122070313,414.4500122070313,414.9400024414063,387.5469055175781,76578700,0.0,0.0
2021-05-24,417.3399963378906,420.3200073242188,417.0799865722656,419.1700134277344,391.4977111816406,51376700,0.0,0.0
2021-05-25,420.3299865722656,420.7099914550781,417.6199951171875,418.239990234375,390.6290283203125,57451400,0.0,0.0
2021-05-26,418.8699951171875,419.6099853515625,417.760009765625,419.0700073242188,391.40423583984375,43088600,0.0,0.0
2021-05-27,420.1700134277344,420.7200012207031,418.989990234375,419.2900085449219,391.6097412109375,56707700,0.0,0.0
2021-05-28,420.9700012207031,421.25,419.7900085449219,420.0400085449219,392.3102722167969,58520200,0.0,0.0
2021-06-01,422.5700073242188,422.7200012207031,419.2000122070313,419.6700134277344,391.9646911621094,54216600,0.0,0.0
2021-06-02,420.3699951171875,421.2300109863281,419.2900085449219,420.3299865722656,392.5810852050781,49097100,0.0,0.0
2021-06-03,417.8500061035156,419.989990234375,416.2799987792969,418.7699890136719,391.1240234375,58138800,0.0,0.0
2021-06-04,420.75,422.9200134277344,418.8399963378906,422.6000061035156,394.70123291015625,55938800,0.0,0.0
2021-06-07,422.5899963378906,422.7799987792969,421.1900024414063,422.1900024414063,394.3182678222656,51555000,0.0,0.0
2021-06-08,423.1099853515625,423.2099914550781,420.3200073242188,422.2799987792969,394.4022216796875,47134300,0.0,0.0
2021-06-09,423.1799926757813,423.260009765625,421.4100036621094,421.6499938964844,393.81396484375,48436300,0.0,0.0
2021-06-10,422.9599914550781,424.6300048828125,421.5499877929688,423.6099853515625,395.64447021484375,51020100,0.0,0.0
2021-06-11,424.2000122070313,424.4299926757813,422.8200073242188,424.30999755859375,396.29827880859375,45570800,0.0,0.0
2021-06-14,424.4299926757813,425.3699951171875,423.1000061035156,425.260009765625,397.1856689453125,42358500,0.0,0.0
2021-06-15,425.4200134277344,425.4599914550781,423.5400085449219,424.4800109863281,396.45709228515625,51508500,0.0,0.0
2021-06-16,424.6300048828125,424.8699951171875,419.9200134277344,422.1099853515625,394.2435607910156,80386100,0.0,0.0
2021-06-17,421.6700134277344,423.0199890136719,419.3200073242188,421.9700012207031,394.1128234863281,90949700,0.0,0.0
2021-06-18,417.0899963378906,417.8299865722656,414.7000122070313,414.9200134277344,388.7960510253906,118676300,1.376,0.0
2021-06-21,416.7999877929688,421.05999755859375,415.9299926757813,420.8599853515625,394.3619995117188,72822000,0.0,0.0
2021-06-22,420.8500061035156,424.0,420.0799865722656,423.1099853515625,396.4703674316406,57700300,0.0,0.0
2021-06-23,423.1900024414063,424.0499877929688,422.510009765625,422.6000061035156,395.9925231933594,49445400,0.0,0.0
2021-06-24,424.8900146484375,425.5499877929688,424.6199951171875,425.1000061035156,398.3350830078125,45110300,0.0,0.0
2021-06-25,425.8999938964844,427.0899963378906,425.5499877929688,426.6099853515625,399.75006103515625,58129500,0.0,0.0
2021-06-28,427.1700134277344,427.6499938964844,425.8900146484375,427.4700012207031,400.5558776855469,53159600,0.0,0.0
2021-06-29,427.8800048828125,428.55999755859375,427.1300048828125,427.7000122070313,400.77142333984375,35970500,0.0,0.0
2021-06-30,427.2099914550781,428.7799987792969,427.1799926757813,428.05999755859375,401.1087646484375,64827900,0.0,0.0
2021-07-01,428.8699951171875,430.6000061035156,428.7999877929688,430.4299926757813,403.32952880859375,53441000,0.0,0.0
2021-07-02,431.6700134277344,434.1000061035156,430.5199890136719,433.7200012207031,406.4124145507813,57697700,0.0,0.0
2021-07-06,433.7799987792969,434.010009765625,430.010009765625,432.9299926757813,405.6721801757813,68710400,0.0,0.0
2021-07-07,433.6600036621094,434.760009765625,431.510009765625,434.4599914550781,407.1058044433594,63549500,0.0,0.0
2021-07-08,428.7799987792969,431.7300109863281,427.5199890136719,430.9200134277344,403.7886657714844,97595200,0.0,0.0
2021-07-09,432.5299987792969,435.8399963378906,430.7099914550781,435.5199890136719,408.0989685058594,76238600,0.0,0.0
2021-07-12,435.4299926757813,437.3500061035156,434.9700012207031,437.0799865722656,409.5608215332031,52889600,0.0,0.0
2021-07-13,436.239990234375,437.8399963378906,435.30999755859375,435.5899963378906,408.16455078125,52911300,0.0,0.0
2021-07-14,437.3999938964844,437.9200134277344,434.9100036621094,436.239990234375,408.7736511230469,64130400,0.0,0.0
2021-07-15,434.80999755859375,435.5299987792969,432.7200012207031,434.75,407.3775634765625,55126400,0.0,0.0
2021-07-16,436.010009765625,436.05999755859375,430.9200134277344,431.3399963378906,404.1821594238281,75874700,0.0,0.0
2021-07-19,426.1900024414063,431.4100036621094,421.9700012207031,424.9700012207031,398.2132568359375,147987000,0.0,0.0
2021-07-20,425.6799926757813,432.4200134277344,424.8299865722656,431.05999755859375,403.91986083984375,99608200,0.0,0.0
2021-07-21,432.3399963378906,434.7000122070313,431.010009765625,434.5499877929688,407.1900634765625,64724400,0.0,0.0
2021-07-22,434.739990234375,435.7200012207031,433.6900024414063,435.4599914550781,408.042724609375,47878500,0.0,0.0
2021-07-23,437.5199890136719,440.2999877929688,436.7900085449219,439.9400024414063,412.2407531738281,63766600,0.0,0.0
2021-07-26,439.30999755859375,441.0299987792969,439.260009765625,441.0199890136719,413.2527465820313,43719200,0.0,0.0
2021-07-27,439.9100036621094,439.9400024414063,435.989990234375,439.010009765625,411.3693237304688,67397100,0.0,0.0
2021-07-28,439.6799926757813,440.2999877929688,437.30999755859375,438.8299865722656,411.2006530761719,52472400,0.0,0.0
2021-07-29,439.8200073242188,441.7999877929688,439.80999755859375,440.6499938964844,412.9060668945313,47435300,0.0,0.0
2021-07-30,437.9100036621094,440.05999755859375,437.7699890136719,438.510009765625,410.9007568359375,68951200,0.0,0.0
2021-08-02,440.3399963378906,440.9299926757813,437.2099914550781,437.5899963378906,410.0387573242188,58783300,0.0,0.0
2021-08-03,438.4400024414063,441.2799987792969,436.1000061035156,441.1499938964844,413.3746032714844,58053900,0.0,0.0
2021-08-04,439.7799987792969,441.1199951171875,438.7300109863281,438.9800109863281,411.3411865234375,46732200,0.0,0.0
2021-08-05,440.2200012207031,441.8500061035156,439.8800048828125,441.760009765625,413.9461669921875,38969700,0.0,0.0
2021-08-06,442.1000061035156,442.9400024414063,441.7999877929688,442.489990234375,414.630126953125,46930000,0.0,0.0
2021-08-09,442.4599914550781,442.7999877929688,441.30999755859375,442.1300048828125,414.2928161621094,41222600,0.0,0.0
2021-08-10,442.6099853515625,443.4400024414063,441.8800048828125,442.6799926757813,414.8082580566406,43339300,0.0,0.0
2021-08-11,443.8200073242188,443.8800048828125,442.6199951171875,443.7799987792969,415.8389892578125,44034300,0.0,0.0
2021-08-12,443.6199951171875,445.260009765625,442.6600036621094,445.1099853515625,417.0852355957031,38909400,0.0,0.0
2021-08-13,445.5899963378906,445.9400024414063,445.0700073242188,445.9200134277344,417.84423828125,39470300,0.0,0.0
2021-08-16,444.5299987792969,447.1099853515625,442.8699951171875,446.9700012207031,418.8281555175781,73740000,0.0,0.0
2021-08-17,444.239990234375,444.9599914550781,440.8500061035156,444.0400085449219,416.0826110839844,92673900,0.0,0.0
2021-08-18,442.9599914550781,444.6300048828125,438.9200134277344,439.1799926757813,411.5286560058594,89351900,0.0,0.0
2021-08-19,436.2699890136719,441.1400146484375,436.1199951171875,439.8599853515625,412.1658020019531,92812200,0.0,0.0
2021-08-20,440.2300109863281,443.7099914550781,439.7099914550781,443.3599853515625,415.4454040527344,72008700,0.0,0.0
2021-08-23,445.1600036621094,448.2300109863281,443.4400024414063,447.260009765625,419.0999145507813,54973000,0.0,0.0
2021-08-24,447.9700012207031,448.5400085449219,447.4200134277344,447.9700012207031,419.7651672363281,38744700,0.0,0.0
2021-08-25,448.1700134277344,449.4599914550781,447.7699890136719,448.9100036621094,420.64599609375,40529700,0.0,0.0
2021-08-26,448.6099853515625,448.8599853515625,446.1600036621094,446.260009765625,418.1628723144531,57829600,0.0,0.0
2021-08-27,447.1199951171875,450.6499938964844,447.05999755859375,450.25,421.9016418457031,77235100,0.0,0.0
2021-08-30,450.9700012207031,453.0700073242188,450.7099914550781,452.2300109863281,423.7569274902344,48357400,0.0,0.0
2021-08-31,452.1300048828125,452.489990234375,450.9200134277344,451.55999755859375,423.1291809082031,59300200,0.0,0.0
2021-09-01,452.55999755859375,453.1099853515625,451.5499877929688,451.7999877929688,423.35400390625,48721400,0.0,0.0
2021-09-02,453.3200073242188,454.0499877929688,451.9100036621094,453.1900024414063,424.6565246582031,42501000,0.0,0.0
2021-09-03,451.9800109863281,453.6300048828125,451.5499877929688,453.0799865722656,424.5534362792969,47170500,0.0,0.0
2021-09-07,452.7099914550781,452.80999755859375,450.739990234375,451.4599914550781,423.0354309082031,51671500,0.0,0.0
2021-09-08,450.8900146484375,451.6700134277344,448.8599853515625,450.9100036621094,422.5200805664063,56181900,0.0,0.0
2021-09-09,450.7000122070313,452.5700073242188,448.7200012207031,448.9800109863281,420.7116394042969,57970400,0.0,0.0
2021-09-10,451.0400085449219,451.489990234375,445.30999755859375,445.4400024414063,417.3944396972656,89948200,0.0,0.0
2021-09-13,448.6400146484375,448.9200134277344,444.1099853515625,446.5799865722656,418.4626770019531,83738600,0.0,0.0
2021-09-14,448.1199951171875,448.3399963378906,443.2200012207031,444.1700134277344,416.2044372558594,78197100,0.0,0.0
2021-09-15,444.6199951171875,448.4100036621094,443.4400024414063,447.8800048828125,419.6808471679688,78792200,0.0,0.0
2021-09-16,447.3200073242188,448.3599853515625,444.0199890136719,447.1700134277344,419.0155944824219,77786700,0.0,0.0
2021-09-17,444.9200134277344,445.3699951171875,441.0199890136719,441.3999938964844,414.9338989257813,118425000,1.428,0.0
2021-09-20,434.8800048828125,436.55999755859375,428.8599853515625,434.0400085449219,408.0152282714844,166445500,0.0,0.0
2021-09-21,436.5299987792969,437.9100036621094,433.0700073242188,433.6300048828125,407.6297912597656,92526100,0.0,0.0
2021-09-22,436.0499877929688,440.0299987792969,433.75,437.8599853515625,411.6061096191406,102350100,0.0,0.0
2021-09-23,439.8500061035156,444.8900146484375,439.6000061035156,443.1799926757813,416.607177734375,76396000,0.0,0.0
2021-09-24,441.4400024414063,444.6700134277344,441.2099914550781,443.9100036621094,417.29339599609375,62094800,0.0,0.0
2021-09-27,442.80999755859375,444.0499877929688,441.8999938964844,442.6400146484375,416.099609375,61371100,0.0,0.0
2021-09-28,439.6900024414063,440.0400085449219,432.9400024414063,433.7200012207031,407.7144165039063,130436300,0.0,0.0
2021-09-29,435.1900024414063,437.0400085449219,433.8500061035156,434.4500122070313,408.4006652832031,82329200,0.0,0.0
2021-09-30,436.0199890136719,436.7699890136719,428.7799987792969,429.1400146484375,403.4090270996094,140506000,0.0,0.0
2021-10-01,430.9800109863281,436.0299987792969,427.2300109863281,434.239990234375,408.2032470703125,129240100,0.0,0.0
2021-10-04,433.0,433.9599914550781,426.3599853515625,428.6400146484375,402.9389953613281,128570000,0.0,0.0
2021-10-05,430.239990234375,435.489990234375,429.3900146484375,433.1000061035156,407.131591796875,90682500,0.0,0.0
2021-10-06,429.2699890136719,435.1199951171875,427.5400085449219,434.8999938964844,408.8235778808594,113032200,0.0,0.0
2021-10-07,438.3900146484375,441.6799926757813,438.2000122070313,438.6600036621094,412.358154296875,72437500,0.0,0.0
2021-10-08,439.4800109863281,439.8900146484375,437.1900024414063,437.8599853515625,411.6061096191406,74557400,0.0,0.0
2021-10-11,437.1600036621094,440.260009765625,434.6199951171875,434.6900024414063,408.626220703125,65233300,0.0,0.0
2021-10-12,435.6700134277344,436.1000061035156,432.7799987792969,433.6199951171875,407.6203308105469,71181200,0.0,0.0
2021-10-13,434.7099914550781,436.0499877929688,431.5400085449219,435.1799926757813,409.0868225097656,72974000,0.0,0.0
2021-10-14,439.0799865722656,442.6600036621094,438.5799865722656,442.5,415.9679870605469,70236800,0.0,0.0
2021-10-15,444.75,446.260009765625,444.0899963378906,445.8699951171875,419.1358947753906,66260200,0.0,0.0
2021-10-18,443.9700012207031,447.5499877929688,443.2699890136719,447.1900024414063,420.376708984375,62213200,0.0,0.0
2021-10-19,448.9200134277344,450.7099914550781,448.2699890136719,450.6400146484375,423.6198425292969,46996800,0.0,0.0
2021-10-20,451.1300048828125,452.7300109863281,451.010009765625,452.4100036621094,425.2837524414063,49571600,0.0,0.0
2021-10-21,451.7699890136719,453.8299865722656,451.30999755859375,453.5899963378906,426.3929443359375,41305400,0.0,0.0
2021-10-22,453.1300048828125,454.6700134277344,451.0499877929688,453.1199951171875,425.9512023925781,58845100,0.0,0.0
2021-10-25,454.2799987792969,455.8999938964844,452.3900146484375,455.5499877929688,428.23541259765625,45214500,0.0,0.0
2021-10-26,457.2000122070313,458.489990234375,455.55999755859375,455.9599914550781,428.6207885742188,56075100,0.0,0.0
2021-10-27,456.4500122070313,457.1600036621094,453.8599853515625,453.9400024414063,426.7220764160156,72438000,0.0,0.0
2021-10-28,455.4599914550781,458.3999938964844,455.4500122070313,458.3200073242188,430.83935546875,51437900,0.0,0.0
2021-10-29,455.8699951171875,459.55999755859375,455.55999755859375,459.25,431.7135314941406,70162400,0.0,0.0
2021-11-01,460.2999877929688,460.7000122070313,458.2000122070313,460.0400085449219,432.4562072753906,48433600,0.0,0.0
2021-11-02,460.2200012207031,462.2300109863281,460.0799865722656,461.8999938964844,434.2047119140625,48908400,0.0,0.0
2021-11-03,461.2999877929688,465.1499938964844,460.8299865722656,464.7200012207031,436.8556823730469,52509800,0.0,0.0
2021-11-04,465.3599853515625,467.0,464.989990234375,466.9100036621094,438.9142761230469,52847100,0.0,0.0
2021-11-05,469.2799987792969,470.6499938964844,466.9200134277344,468.5299987792969,440.4371948242188,66390600,0.0,0.0
2021-11-08,469.7000122070313,470.2300109863281,468.2000122070313,468.9299926757813,440.8132629394531,50405200,0.0,0.0
2021-11-09,469.3200073242188,469.5700073242188,465.8800048828125,467.3800048828125,439.356201171875,51149100,0.0,0.0
2021-11-10,465.5799865722656,467.3800048828125,462.0400085449219,463.6199951171875,435.8216247558594,69429700,0.0,0.0
2021-11-11,465.2099914550781,465.2900085449219,463.75,463.7699890136719,435.9626159667969,34848500,0.0,0.0
2021-11-12,465.1199951171875,467.8599853515625,464.1099853515625,467.2699890136719,439.252685546875,53466700,0.0,0.0
2021-11-15,468.6400146484375,468.80999755859375,466.2300109863281,467.4299926757813,439.4031372070313,46980500,0.0,0.0
2021-11-16,467.1499938964844,470.489990234375,467.0700073242188,469.2799987792969,441.1421813964844,48857500,0.0,0.0
2021-11-17,469.0,469.1900024414063,467.4800109863281,468.1400146484375,440.0705871582031,47858300,0.0,0.0
2021-11-18,469.239990234375,470.010009765625,466.3399963378906,469.7300109863281,441.5652770996094,50625600,0.0,0.0
2021-11-19,469.6099853515625,470.9400024414063,468.5,468.8900146484375,440.7755737304688,57315600,0.0,0.0
2021-11-22,470.8900146484375,473.5400085449219,467.3500061035156,467.5700073242188,439.5347900390625,72762000,0.0,0.0
2021-11-23,467.2200012207031,469.1000061035156,464.4500122070313,468.1900024414063,440.1175842285156,73206500,0.0,0.0
2021-11-24,466.05999755859375,469.5700073242188,465.1900024414063,469.4400024414063,441.2926940917969,61858800,0.0,0.0
2021-11-26,462.3399963378906,463.8999938964844,457.7699890136719,458.9700012207031,431.450439453125,112669600,0.0,0.0
2021-11-29,464.0700073242188,466.55999755859375,461.7300109863281,464.6000061035156,436.7427978515625,86268800,0.0,0.0
2021-11-30,462.0,464.0299987792969,455.2999877929688,455.55999755859375,428.2449035644531,148559600,0.0,0.0
2021-12-01,461.6400146484375,464.6700134277344,450.2900085449219,450.5,423.48822021484375,131939200,0.0,0.0
2021-12-02,450.7300109863281,459.0700073242188,450.30999755859375,457.3999938964844,429.9745788574219,127637800,0.0,0.0
2021-12-03,459.1700134277344,460.2999877929688,448.9200134277344,453.4200134277344,426.2332153320313,137331600,0.0,0.0
2021-12-06,456.1300048828125,460.7900085449219,453.55999755859375,458.7900085449219,431.28118896484375,98977500,0.0,0.0
2021-12-07,464.4100036621094,468.8800048828125,458.6499938964844,468.2799987792969,440.20220947265625,95484700,0.0,0.0
2021-12-08,468.7000122070313,470.0,466.8299865722656,469.5199890136719,441.3678588867188,72238800,0.0,0.0
2021-12-09,468.1499938964844,469.6300048828125,466.1400146484375,466.3500061035156,438.387939453125,61272600,0.0,0.0
2021-12-10,469.2300109863281,470.8999938964844,466.510009765625,470.739990234375,442.5146484375,77159800,0.0,0.0
2021-12-13,470.1900024414063,470.55999755859375,466.2699890136719,466.5700073242188,438.5947570800781,87724700,0.0,0.0
2021-12-14,463.0899963378906,465.739990234375,460.25,463.3599853515625,435.5771789550781,97264100,0.0,0.0
2021-12-15,463.4200134277344,470.8599853515625,460.739990234375,470.6000061035156,442.3831176757813,116899300,0.0,0.0
2021-12-16,472.5700073242188,472.8699951171875,464.7999877929688,466.4500122070313,438.4819030761719,116568600,0.0,0.0
2021-12-17,461.5499877929688,464.739990234375,458.05999755859375,459.8699951171875,433.815185546875,135511600,1.633,0.0
2021-12-20,454.4800109863281,455.3999938964844,451.1400146484375,454.9800109863281,429.2023010253906,107134800,0.0,0.0
2021-12-21,458.6099853515625,463.2099914550781,456.30999755859375,463.05999755859375,436.8244323730469,69806300,0.0,0.0
2021-12-22,462.7900085449219,467.80999755859375,462.5799865722656,467.6900024414063,441.192138671875,58890200,0.0,0.0
2021-12-23,468.75,472.1900024414063,468.6400146484375,470.6000061035156,443.9372253417969,56439700,0.0,0.0
2021-12-27,472.05999755859375,477.30999755859375,472.010009765625,477.260009765625,450.2199401855469,56808600,0.0,0.0
2021-12-28,477.7200012207031,478.80999755859375,476.05999755859375,476.8699951171875,449.85198974609375,47274600,0.0,0.0
2021-12-29,476.9800109863281,478.55999755859375,475.9200134277344,477.4800109863281,450.427490234375,54503000,0.0,0.0
2021-12-30,477.9299926757813,479.0,475.6700134277344,476.1600036621094,449.1822509765625,55329000,0.0,0.0
2021-12-31,475.6400146484375,476.8599853515625,474.6700134277344,474.9599914550781,448.05023193359375,65237400,0.0,0.0
2022-01-03,476.2999877929688,477.8500061035156,473.8500061035156,477.7099914550781,450.6445007324219,72668200,0.0,0.0
2022-01-04,479.2200012207031,479.9800109863281,475.5799865722656,477.5499877929688,450.4934997558594,71178700,0.0,0.0
2022-01-05,477.1600036621094,477.9800109863281,468.2799987792969,468.3800048828125,441.8430480957031,104538900,0.0,0.0
2022-01-06,467.8900146484375,470.8200073242188,465.4299926757813,467.9400024414063,441.427978515625,86858900,0.0,0.0
2022-01-07,467.9500122070313,469.2000122070313,464.6499938964844,466.0899963378906,439.6828002929688,85111600,0.0,0.0
2022-01-10,462.7000122070313,465.739990234375,456.6000061035156,465.510009765625,439.1355590820313,119362000,0.0,0.0
2022-01-11,465.2300109863281,469.8500061035156,462.0499877929688,469.75,443.1354064941406,74303100,0.0,0.0
2022-01-12,471.5899963378906,473.2000122070313,468.9400024414063,471.0199890136719,444.3334045410156,67605400,0.0,0.0
2022-01-13,472.1900024414063,472.8800048828125,463.4400024414063,464.5299987792969,438.2112121582031,91173100,0.0,0.0
2022-01-14,461.1900024414063,465.0899963378906,459.8999938964844,464.7200012207031,438.390380859375,95890900,0.0,0.0
2022-01-18,459.739990234375,459.9599914550781,455.30999755859375,456.489990234375,430.6266784667969,109709100,0.0,0.0
2022-01-19,458.1300048828125,459.6099853515625,451.4599914550781,451.75,426.1552429199219,109357600,0.0,0.0
2022-01-20,453.75,458.739990234375,444.5,446.75,421.4385986328125,122379700,0.0,0.0
2022-01-21,445.55999755859375,448.05999755859375,437.9500122070313,437.9800109863281,413.1654052734375,202271200,0.0,0.0
2022-01-24,432.0299987792969,440.3800048828125,420.760009765625,439.8399963378906,414.9200134277344,251783900,0.0,0.0
2022-01-25,433.05999755859375,439.7200012207031,427.1499938964844,434.4700012207031,409.854248046875,167997300,0.0,0.0
2022-01-26,440.7200012207031,444.0400085449219,428.8599853515625,433.3800048828125,408.8260498046875,186391100,0.0,0.0
2022-01-27,438.260009765625,441.5899963378906,429.4500122070313,431.239990234375,406.8073425292969,149878300,0.0,0.0
2022-01-28,432.6799926757813,442.0,427.8200073242188,441.9500122070313,416.9105224609375,164457400,0.0,0.0
2022-01-31,441.239990234375,450.2799987792969,439.80999755859375,449.9100036621094,424.4194946289063,152251400,0.0,0.0
2022-02-01,450.6799926757813,453.6300048828125,446.9400024414063,452.9500122070313,427.2873229980469,123155400,0.0,0.0
2022-02-02,455.5,458.1199951171875,453.0499877929688,457.3500061035156,431.43792724609375,117361000,0.0,0.0
2022-02-03,450.9500122070313,452.9700012207031,445.7099914550781,446.6000061035156,421.2970581054688,118024400,0.0,0.0
2022-02-04,446.3500061035156,452.7799987792969,443.8299865722656,448.7000122070313,423.278076171875,118454400,0.0,0.0
2022-02-07,449.510009765625,450.989990234375,445.8500061035156,447.260009765625,421.919677734375,84472900,0.0,0.0
2022-02-08,446.7300109863281,451.9200134277344,445.2200012207031,450.9400024414063,425.39111328125,81012000,0.0,0.0
2022-02-09,455.2200012207031,457.8800048828125,455.010009765625,457.5400085449219,431.6172180175781,92589900,0.0,0.0
2022-02-10,451.3399963378906,457.7099914550781,447.2000122070313,449.3200073242188,423.8629150390625,140103700,0.0,0.0
2022-02-11,449.4100036621094,451.6099853515625,438.9400024414063,440.4599914550781,415.5048828125,153214600,0.0,0.0
2022-02-14,439.9200134277344,441.6000061035156,435.3399963378906,439.0199890136719,414.146484375,123006300,0.0,0.0
2022-02-15,443.7300109863281,446.2799987792969,443.1799926757813,446.1000061035156,420.8253479003906,88482700,0.0,0.0
2022-02-16,443.9299926757813,448.05999755859375,441.9400024414063,446.6000061035156,421.2970581054688,84863600,0.0,0.0
2022-02-17,443.2200012207031,446.5700073242188,436.4200134277344,437.05999755859375,412.2975463867188,102259100,0.0,0.0
2022-02-18,437.3299865722656,438.6600036621094,431.8200073242188,434.2300109863281,409.6279296875,132642900,0.0,0.0
2022-02-22,431.8900146484375,435.5,425.8599853515625,429.5700073242188,405.2319030761719,124391800,0.0,0.0
2022-02-23,432.6600036621094,433.260009765625,421.3500061035156,421.9500122070313,398.0436096191406,132578000,0.0,0.0
2022-02-24,411.0199890136719,428.760009765625,410.6400146484375,428.2999877929688,404.0338439941406,213942900,0.0,0.0
2022-02-25,429.6099853515625,437.8399963378906,427.8599853515625,437.75,412.9483947753906,121804500,0.0,0.0
2022-02-28,432.0299987792969,438.2000122070313,430.7000122070313,436.6300048828125,411.8919067382813,145615000,0.0,0.0
2022-03-01,435.0400085449219,437.1700134277344,427.1099853515625,429.9800109863281,405.61865234375,137785900,0.0,0.0
2022-03-02,432.3699951171875,439.7200012207031,431.5700073242188,437.8900146484375,413.0805358886719,117726500,0.0,0.0
2022-03-03,440.4700012207031,441.1099853515625,433.7999877929688,435.7099914550781,411.0239868164063,105501700,0.0,0.0
2022-03-04,431.75,433.3699951171875,427.8800048828125,432.1700134277344,407.6846008300781,113978200,0.0,0.0
2022-03-07,431.5499877929688,432.2999877929688,419.3599853515625,419.4299926757813,395.6664123535156,137896600,0.0,0.0
2022-03-08,419.6199951171875,427.2099914550781,415.1199951171875,416.25,392.6665344238281,164772700,0.0,0.0
2022-03-09,425.1400146484375,429.510009765625,422.8200073242188,427.4100036621094,403.1942443847656,116990800,0.0,0.0
2022-03-10,422.5199890136719,426.4299926757813,420.4400024414063,425.4800109863281,401.3736267089844,93972700,0.0,0.0
2022-03-11,428.1199951171875,428.7699890136719,419.5299987792969,420.0700073242188,396.2701416015625,95636300,0.0,0.0
2022-03-14,420.8900146484375,424.5499877929688,415.7900085449219,417.0,393.37408447265625,95729200,0.0,0.0
2022-03-15,419.7699890136719,426.8399963378906,418.4200134277344,426.1700134277344,402.0245361328125,106219100,0.0,0.0
2022-03-16,429.8900146484375,435.6799926757813,424.7999877929688,435.6199951171875,410.9391174316406,144954800,0.0,0.0
2022-03-17,433.5899963378906,441.0700073242188,433.1900024414063,441.0700073242188,416.0803527832031,102676900,0.0,0.0
2022-03-18,438.0,444.8599853515625,437.2200012207031,444.5199890136719,420.63763427734375,106345500,1.366,0.0
2022-03-21,444.3399963378906,446.4599914550781,440.6799926757813,444.3900146484375,420.51458740234375,88349800,0.0,0.0
2022-03-22,445.8599853515625,450.5799865722656,445.8599853515625,449.5899963378906,425.4351806640625,74650400,0.0,0.0
2022-03-23,446.9100036621094,448.489990234375,443.7099914550781,443.7999877929688,419.9562377929688,79426100,0.0,0.0
2022-03-24,445.9400024414063,450.5,444.760009765625,450.489990234375,426.2868041992188,64736900,0.0,0.0
2022-03-25,451.1600036621094,452.9800109863281,448.4299926757813,452.6900024414063,428.36865234375,77101300,0.0,0.0
2022-03-28,452.05999755859375,455.9100036621094,450.05999755859375,455.9100036621094,431.4156188964844,68529800,0.0,0.0
2022-03-29,460.0199890136719,462.0700073242188,457.1799926757813,461.5499877929688,436.7526550292969,86581500,0.0,0.0
2022-03-30,460.3399963378906,461.2000122070313,456.4700012207031,458.7000122070313,434.0558166503906,79666900,0.0,0.0
2022-03-31,457.8900146484375,458.760009765625,451.1600036621094,451.6400146484375,427.3751220703125,121699900,0.0,0.0
2022-04-01,453.30999755859375,453.4599914550781,449.1400146484375,452.9200134277344,428.5863037109375,89048800,0.0,0.0
2022-04-04,453.1300048828125,456.9100036621094,452.260009765625,456.7999877929688,432.2578430175781,59601000,0.0,0.0
2022-04-05,455.2200012207031,457.8299865722656,449.8200073242188,451.0299987792969,426.79779052734375,74214500,0.0,0.0
2022-04-06,446.8900146484375,448.9299926757813,443.4700012207031,446.5199890136719,422.5301818847656,106898000,0.0,0.0
2022-04-07,445.5899963378906,450.6900024414063,443.5299987792969,448.7699890136719,424.65924072265625,78097200,0.0,0.0
2022-04-08,447.9700012207031,450.6300048828125,445.9400024414063,447.5700073242188,423.5237731933594,79272700,0.0,0.0
2022-04-11,444.1099853515625,445.0,439.3900146484375,439.9200134277344,416.2847595214844,89770500,0.0,0.0
2022-04-12,443.0799865722656,445.75,436.6499938964844,438.2900085449219,414.7423095703125,84363600,0.0,0.0
2022-04-13,438.0299987792969,444.1099853515625,437.8399963378906,443.30999755859375,419.4925842285156,74070400,0.0,0.0
2022-04-14,443.5499877929688,444.7300109863281,437.6799926757813,437.7900085449219,414.2691650390625,97869500,0.0,0.0
2022-04-18,436.80999755859375,439.75,435.6099853515625,437.9700012207031,414.4395751953125,66002500,0.0,0.0
2022-04-19,437.8599853515625,445.7999877929688,437.6799926757813,445.0400085449219,421.1296997070313,77821000,0.0,0.0
2022-04-20,446.9200134277344,447.5700073242188,443.4800109863281,444.7099914550781,420.8173828125,65224400,0.0,0.0
2022-04-21,448.5400085449219,450.010009765625,437.1000061035156,438.05999755859375,414.5247192382813,85417300,0.0,0.0
2022-04-22,436.9100036621094,438.0799865722656,425.4400024414063,426.0400085449219,403.1504211425781,132471800,0.0,0.0
2022-04-25,423.6700134277344,428.6900024414063,418.8399963378906,428.510009765625,405.48773193359375,119647700,0.0,0.0
2022-04-26,425.8299865722656,426.0400085449219,416.0700073242188,416.1000061035156,393.7445068359375,103996300,0.0,0.0
2022-04-27,417.239990234375,422.9200134277344,415.010009765625,417.2699890136719,394.8516540527344,122030000,0.0,0.0
2022-04-28,422.2900085449219,429.6400146484375,417.6000061035156,427.80999755859375,404.8253784179688,105449100,0.0,0.0
2022-04-29,423.5899963378906,425.8699951171875,411.2099914550781,412.0,389.8647766113281,145491100,0.0,0.0
2022-05-02,412.0700073242188,415.9200134277344,405.0199890136719,414.4800109863281,392.2115173339844,158312500,0.0,0.0
2022-05-03,415.010009765625,418.9299926757813,413.3599853515625,416.3800048828125,394.0094299316406,100028200,0.0,0.0
2022-05-04,417.0799865722656,429.6600036621094,413.7099914550781,429.05999755859375,406.0081787109375,144247900,0.0,0.0
2022-05-05,424.5499877929688,425.0,409.4400024414063,413.80999755859375,391.5775146484375,172929100,0.0,0.0
2022-05-06,411.1000061035156,414.7999877929688,405.7300109863281,411.3399963378906,389.240234375,151770800,0.0,0.0
2022-05-09,405.1000061035156,406.4100036621094,396.5,398.1700134277344,376.77783203125,155586100,0.0,0.0
2022-05-10,404.489990234375,406.0799865722656,394.8200073242188,399.0899963378906,377.64837646484375,132497200,0.0,0.0
2022-05-11,398.0700073242188,404.0400085449219,391.9599914550781,392.75,371.6489868164063,142361000,0.0,0.0
2022-05-12,389.3699951171875,395.7999877929688,385.1499938964844,392.3399963378906,371.2610473632813,125090800,0.0,0.0
2022-05-13,396.7099914550781,403.1799926757813,395.6099853515625,401.7200012207031,380.1371154785156,104174400,0.0,0.0
2022-05-16,399.9800109863281,403.9700012207031,397.6000061035156,400.0899963378906,378.5946044921875,78622400,0.0,0.0
2022-05-17,406.5299987792969,408.5700073242188,402.5799865722656,408.3200073242188,386.3824768066406,83029700,0.0,0.0
2022-05-18,403.5,403.7999877929688,390.5499877929688,391.8599853515625,370.8067932128906,117674500,0.0,0.0
2022-05-19,388.6199951171875,394.1400146484375,387.1099853515625,389.4599914550781,368.5357666015625,98510700,0.0,0.0
2022-05-20,393.25,397.0299987792969,380.5400085449219,389.6300048828125,368.6966857910156,131432200,0.0,0.0
2022-05-23,392.8299865722656,397.7300109863281,390.3800048828125,396.9200134277344,375.5950012207031,76414900,0.0,0.0
2022-05-24,392.55999755859375,395.1499938964844,386.9599914550781,393.8900146484375,372.7278137207031,91448800,0.0,0.0
2022-05-25,392.30999755859375,399.4500122070313,391.8900146484375,397.3699951171875,376.0207824707031,91472900,0.0,0.0
2022-05-26,398.6700134277344,407.0400085449219,398.4500122070313,405.30999755859375,383.5342102050781,82168300,0.0,0.0
2022-05-27,407.9100036621094,415.3800048828125,407.7000122070313,415.260009765625,392.9496154785156,84768700,0.0,0.0
2022-05-31,413.5499877929688,416.4599914550781,410.0299987792969,412.9299926757813,390.7447814941406,95937000,0.0,0.0
2022-06-01,415.1700134277344,416.239990234375,406.9299926757813,409.5899963378906,387.5842590332031,86585800,0.0,0.0
2022-06-02,409.4200134277344,417.4400024414063,407.0400085449219,417.3900146484375,394.9652099609375,79609600,0.0,0.0
2022-06-03,412.3999938964844,414.0400085449219,409.510009765625,410.5400085449219,388.4832763671875,71874300,0.0,0.0
2022-06-06,414.7799987792969,416.6099853515625,410.5499877929688,411.7900085449219,389.6660461425781,57508900,0.0,0.0
2022-06-07,408.1000061035156,416.2200012207031,407.6099853515625,415.739990234375,393.4038391113281,59272400,0.0,0.0
2022-06-08,413.9299926757813,415.8200073242188,410.3800048828125,411.2200012207031,389.1266479492188,64350000,0.0,0.0
2022-06-09,409.3399963378906,411.739990234375,401.4400024414063,401.4400024414063,379.87213134765625,86289800,0.0,0.0
2022-06-10,394.8800048828125,395.7799987792969,389.75,389.7999877929688,368.85748291015625,132893900,0.0,0.0
2022-06-13,379.8500061035156,381.80999755859375,373.2999877929688,375.0,354.8526306152344,170004900,0.0,0.0
2022-06-14,376.8500061035156,377.9400024414063,370.5899963378906,373.8699951171875,353.7832946777344,104011800,0.0,0.0
2022-06-15,377.3599853515625,383.8999938964844,372.1199951171875,379.2000122070313,358.82696533203125,125666800,0.0,0.0
2022-06-16,370.510009765625,370.9400024414063,364.0799865722656,366.6499938964844,346.9512634277344,134473300,0.0,0.0
2022-06-17,365.510009765625,369.3800048828125,362.1700134277344,365.8599853515625,347.6991577148437,111113900,1.577,0.0
2022-06-21,371.8900146484375,376.5299987792969,371.80999755859375,375.0700073242188,356.4520263671875,76811900,0.0,0.0
2022-06-22,370.6199951171875,378.7200012207031,370.1799926757813,374.3900146484375,355.8057861328125,90059400,0.0,0.0
2022-06-23,376.6400146484375,378.8299865722656,372.8900146484375,378.05999755859375,359.2935791015625,79292100,0.0,0.0
2022-06-24,381.3999938964844,390.0899963378906,381.3699951171875,390.0799865722656,370.7169189453125,98050300,0.0,0.0
2022-06-27,391.0499877929688,391.3599853515625,387.4400024414063,388.5899963378906,369.3009033203125,66009600,0.0,0.0
2022-06-28,390.2300109863281,393.1600036621094,380.5299987792969,380.6499938964844,361.7549743652344,86548900,0.0,0.0
2022-06-29,381.2300109863281,382.2699890136719,378.4200134277344,380.3399963378906,361.4604187011719,65676000,0.0,0.0
2022-06-30,376.239990234375,380.6600036621094,372.55999755859375,377.25,358.5238647460937,112508300,0.0,0.0
2022-07-01,376.55999755859375,381.7000122070313,373.7999877929688,381.239990234375,362.3157653808594,74839700,0.0,0.0
2022-07-05,375.8800048828125,381.9800109863281,372.8999938964844,381.9599914550781,363.00006103515625,81438000,0.0,0.0
2022-07-06,382.1099853515625,385.8699951171875,379.6000061035156,383.25,364.2259216308594,70426200,0.0,0.0
2022-07-07,385.1199951171875,389.8299865722656,383.2699890136719,388.989990234375,369.6810302734375,64525900,0.0,0.0
2022-07-08,387.2699890136719,390.6400146484375,385.6600036621094,388.6700134277344,369.3769836425781,72397800,0.0,0.0
2022-07-11,385.8500061035156,386.8699951171875,383.5,384.2300109863281,365.1573486328125,58366900,0.0,0.0
2022-07-12,383.6499938964844,386.1600036621094,378.989990234375,380.8299865722656,361.9261169433594,62219200,0.0,0.0
2022-07-13,375.1000061035156,381.9200134277344,374.6600036621094,378.8299865722656,360.0253295898437,84224600,0.0,0.0
2022-07-14,373.6099853515625,379.0499877929688,371.0400085449219,377.9100036621094,359.15106201171875,89704800,0.0,0.0
2022-07-15,382.5499877929688,385.25,380.5400085449219,385.1300048828125,366.0126647949219,79060400,0.0,0.0
2022-07-18,388.3800048828125,389.0899963378906,380.6600036621094,381.9500122070313,362.9905700683594,63203600,0.0,0.0
2022-07-19,386.0799865722656,392.8699951171875,385.3900146484375,392.2699890136719,372.7982482910156,78506000,0.0,0.0
2022-07-20,392.4700012207031,396.260009765625,391.0299987792969,394.7699890136719,375.1741333007813,71843800,0.0,0.0
2022-07-21,394.1600036621094,398.8399963378906,391.6300048828125,398.7900085449219,378.9945983886719,64903900,0.0,0.0
2022-07-22,398.9200134277344,400.1799926757813,392.75,395.0899963378906,375.4783325195313,72197300,0.0,0.0
2022-07-25,395.75,396.4700012207031,393.2099914550781,395.5700073242188,375.9344482421875,53631500,0.0,0.0
2022-07-26,393.8399963378906,394.05999755859375,389.9500122070313,390.8900146484375,371.4867858886719,52946400,0.0,0.0
2022-07-27,394.3599853515625,402.8800048828125,394.0499877929688,401.0400085449219,381.1329040527344,82342100,0.0,0.0
2022-07-28,401.8900146484375,406.7999877929688,398.1499938964844,406.0700073242188,385.9132385253906,73966600,0.0,0.0
2022-07-29,407.5799865722656,413.0299987792969,406.7699890136719,411.989990234375,391.5393981933594,87003700,0.0,0.0
2022-08-01,409.1499938964844,413.4100036621094,408.3999938964844,410.7699890136719,390.37994384765625,69997500,0.0,0.0
2022-08-02,409.1199951171875,413.0,406.8200073242188,408.05999755859375,387.8044738769531,63435400,0.0,0.0
2022-08-03,410.2999877929688,415.6799926757813,410.0,414.4500122070313,393.87738037109375,67820600,0.0,0.0
2022-08-04,414.3699951171875,415.0899963378906,412.4400024414063,414.1700134277344,393.6111755371094,45656600,0.0,0.0
2022-08-05,409.6600036621094,414.1499938964844,409.6000061035156,413.4700012207031,392.9458923339844,56814900,0.0,0.0
2022-08-08,415.25,417.6199951171875,411.8299865722656,412.989990234375,392.4897155761719,53886100,0.0,0.0
2022-08-09,412.2200012207031,412.75,410.2200012207031,411.3500061035156,390.93115234375,44931800,0.0,0.0
2022-08-10,418.7799987792969,420.1400146484375,416.7200012207031,419.989990234375,399.1422729492188,68665700,0.0,0.0
2022-08-11,422.989990234375,424.9500122070313,419.2099914550781,419.989990234375,399.1422729492188,59489700,0.0,0.0
2022-08-12,422.0299987792969,427.2099914550781,421.0299987792969,427.1000061035156,405.89935302734375,61694500,0.0,0.0
2022-08-15,424.7699890136719,429.4100036621094,424.7099914550781,428.8599853515625,407.5719299316406,54048300,0.0,0.0
2022-08-16,427.7300109863281,431.7300109863281,426.8800048828125,429.7000122070313,408.3702697753906,59289000,0.0,0.0
2022-08-17,425.9100036621094,429.5,424.5400085449219,426.6499938964844,405.4716796875,63563400,0.0,0.0
2022-08-18,426.8599853515625,428.6099853515625,425.5,427.8900146484375,406.650146484375,49023200,0.0,0.0
2022-08-19,424.9800109863281,425.260009765625,421.2200012207031,422.1400146484375,401.185546875,68016900,0.0,0.0
2022-08-22,417.0499877929688,417.2300109863281,412.3999938964844,413.3500061035156,392.8318786621094,77695600,0.0,0.0
2022-08-23,412.8999938964844,415.4200134277344,411.7699890136719,412.3500061035156,391.8814697265625,49105200,0.0,0.0
2022-08-24,412.1099853515625,415.1099853515625,411.3900146484375,413.6700134277344,393.1360168457031,49177800,0.0,0.0
2022-08-25,415.239990234375,419.55999755859375,414.0899963378906,419.510009765625,398.6861267089844,50942300,0.0,0.0
2022-08-26,419.3900146484375,419.9599914550781,405.25,405.30999755859375,385.1909790039063,103087000,0.0,0.0
2022-08-29,402.2000122070313,405.8399963378906,401.2000122070313,402.6300048828125,382.6440124511719,65370800,0.0,0.0
2022-08-30,403.8500061035156,404.1000061035156,396.0,398.2099914550781,378.4433898925781,85652400,0.0,0.0
2022-08-31,399.9299926757813,401.239990234375,395.0400085449219,395.1799926757813,375.5638427734375,76029700,0.0,0.0
2022-09-01,392.8900146484375,396.7799987792969,390.0400085449219,396.4200134277344,376.7422180175781,78740100,0.0,0.0
2022-09-02,400.2799987792969,401.55999755859375,390.3299865722656,392.239990234375,372.7697448730469,99632100,0.0,0.0
2022-09-06,393.1300048828125,394.1199951171875,388.4200134277344,390.760009765625,371.36322021484375,76637400,0.0,0.0
2022-09-07,390.4299926757813,398.5899963378906,390.2000122070313,397.7799987792969,378.0347595214844,70964200,0.0,0.0
2022-09-08,395.3900146484375,400.8599853515625,394.1199951171875,400.3800048828125,380.5056762695313,80821700,0.0,0.0
2022-09-09,402.739990234375,407.510009765625,402.4599914550781,406.6000061035156,386.41693115234375,76706900,0.0,0.0
2022-09-12,408.7799987792969,411.7300109863281,408.4599914550781,410.9700012207031,390.5699462890625,69256300,0.0,0.0
2022-09-13,401.8299865722656,403.1000061035156,391.9200134277344,393.1000061035156,373.5870056152344,122947100,0.0,0.0
2022-09-14,394.4700012207031,396.2000122070313,391.1199951171875,394.6000061035156,375.01263427734375,85023700,0.0,0.0
2022-09-15,392.9599914550781,395.9599914550781,388.7799987792969,390.1199951171875,370.7549133300781,87633800,0.0,0.0
2022-09-16,384.1400146484375,386.25,382.1099853515625,385.55999755859375,367.926513671875,103084800,1.596,0.0
2022-09-19,382.260009765625,388.5499877929688,382.1799926757813,388.5499877929688,370.7797546386719,73278500,0.0,0.0
2022-09-20,385.05999755859375,386.1199951171875,381.2000122070313,384.0899963378906,366.5237731933594,77274900,0.0,0.0
2022-09-21,386.1099853515625,389.30999755859375,377.3800048828125,377.3900146484375,360.1301574707031,106746600,0.0,0.0
2022-09-22,376.5799865722656,378.2999877929688,373.4400024414063,374.2200012207031,357.105224609375,89472600,0.0,0.0
2022-09-23,370.5799865722656,370.6199951171875,363.2900085449219,367.9500122070313,351.1219482421875,122346900,0.0,0.0
2022-09-26,366.4100036621094,370.2099914550781,363.0299987792969,364.30999755859375,347.6484069824219,92581200,0.0,0.0
2022-09-27,368.0199890136719,370.3999938964844,360.8699951171875,363.3800048828125,346.76092529296875,108294100,0.0,0.0
2022-09-28,364.3800048828125,372.2999877929688,362.6000061035156,370.5299987792969,353.5838928222656,110802200,0.0,0.0
2022-09-29,366.80999755859375,367.1099853515625,359.70001220703125,362.7900085449219,346.1979064941406,112952300,0.0,0.0
2022-09-30,361.7999877929688,365.9100036621094,357.0400085449219,357.17999267578125,340.8445739746094,153711200,0.0,0.0
2022-10-03,361.0799865722656,368.5499877929688,359.2099914550781,366.6099853515625,349.8431701660156,89756500,0.0,0.0
2022-10-04,372.3999938964844,378.0,366.5700073242188,377.9700012207031,360.68365478515625,103602800,0.0,0.0
2022-10-05,373.3900146484375,379.4599914550781,370.9500122070313,377.0899963378906,359.8438720703125,88065700,0.0,0.0
2022-10-06,375.6199951171875,378.7200012207031,372.6799926757813,373.2000122070313,356.1318054199219,82333500,0.0,0.0
2022-10-07,368.9700012207031,373.2900085449219,360.9400024414063,362.7900085449219,346.1979064941406,107789500,0.0,0.0
2022-10-10,363.9599914550781,364.2099914550781,357.6700134277344,360.0199890136719,343.5545959472656,76042800,0.0,0.0
2022-10-11,358.239990234375,363.0299987792969,355.7099914550781,357.739990234375,341.3788452148437,92482800,0.0,0.0
2022-10-12,358.1700134277344,359.82000732421875,356.29998779296875,356.5599975585937,340.2528381347656,76991800,0.0,0.0
2022-10-13,349.2099914550781,367.510009765625,348.1099853515625,365.9700012207031,349.23248291015625,147254500,0.0,0.0
2022-10-14,368.5499877929688,370.260009765625,356.9599914550781,357.6300048828125,341.2738647460937,123737000,0.0,0.0
2022-10-17,364.010009765625,367.9800109863281,357.2799987792969,366.8200073242188,350.0436096191406,93168200,0.0,0.0
2022-10-18,375.1300048828125,375.4500122070313,367.5199890136719,371.1300048828125,354.156494140625,97162900,0.0,0.0
2022-10-19,368.989990234375,371.8500061035156,365.5499877929688,368.5,351.646728515625,79746900,0.0,0.0
2022-10-20,368.0299987792969,372.6700134277344,364.6099853515625,365.4100036621094,348.69805908203125,88283100,0.0,0.0
2022-10-21,365.1199951171875,374.7999877929688,363.5400085449219,374.2900085449219,357.1719970703125,131038400,0.0,0.0
2022-10-24,375.8900146484375,380.05999755859375,373.1099853515625,378.8699951171875,361.54248046875,85436900,0.0,0.0
2022-10-25,378.7900085449219,385.25,378.6700134277344,384.9200134277344,367.3157958984375,78846300,0.0,0.0
2022-10-26,381.6199951171875,387.5799865722656,381.3500061035156,382.0199890136719,364.5484313964844,104087300,0.0,0.0
2022-10-27,383.0700073242188,385.0,379.3299865722656,379.9800109863281,362.6017456054688,81971800,0.0,0.0
2022-10-28,379.8699951171875,389.5199890136719,379.6799926757813,389.0199890136719,371.2283020019531,100302000,0.0,0.0
2022-10-31,386.4400024414063,388.3999938964844,385.260009765625,386.2099914550781,368.5467529296875,96631300,0.0,0.0
2022-11-01,390.1400146484375,390.3900146484375,383.2900085449219,384.5199890136719,366.9341125488281,85407600,0.0,0.0
2022-11-02,383.8999938964844,388.6300048828125,374.760009765625,374.8699951171875,357.72540283203125,126990400,0.0,0.0
2022-11-03,371.4700012207031,374.2000122070313,368.7900085449219,371.010009765625,354.0419921875,87100100,0.0,0.0
2022-11-04,377.0,378.8699951171875,370.0,376.3500061035156,359.1377258300781,103505200,0.0,0.0
2022-11-07,377.7099914550781,380.5700073242188,375.5299987792969,379.9500122070313,362.5730590820313,68286900,0.0,0.0
2022-11-08,381.1099853515625,385.1199951171875,377.7200012207031,382.0,364.52935791015625,84641100,0.0,0.0
2022-11-09,379.9299926757813,381.1400146484375,373.6099853515625,374.1300048828125,357.0191955566406,78495500,0.0,0.0
2022-11-10,388.0499877929688,395.0400085449219,385.6400146484375,394.6900024414063,376.6389770507813,141455800,0.0,0.0
2022-11-11,395.5899963378906,399.3500061035156,393.6099853515625,398.510009765625,380.28424072265625,93839900,0.0,0.0
2022-11-14,396.6600036621094,400.1799926757813,394.8299865722656,395.1199951171875,377.0493469238281,71903500,0.0,0.0
2022-11-15,401.1499938964844,402.30999755859375,394.489990234375,398.489990234375,380.26507568359375,93194500,0.0,0.0
2022-11-16,396.7799987792969,397.7799987792969,394.7900085449219,395.4500122070313,377.3642272949219,68508500,0.0,0.0
2022-11-17,390.4599914550781,394.9500122070313,390.1400146484375,394.239990234375,376.2095031738281,74496300,0.0,0.0
2022-11-18,397.739990234375,397.80999755859375,393.0400085449219,396.0299987792969,377.9176635742188,92922500,0.0,0.0
2022-11-21,394.6400146484375,395.8200073242188,392.6600036621094,394.5899963378906,376.5435791015625,51243200,0.0,0.0
2022-11-22,396.6300048828125,400.0700073242188,395.1499938964844,399.8999938964844,381.6106567382813,60429000,0.0,0.0
2022-11-23,399.5499877929688,402.9299926757813,399.30999755859375,402.4200134277344,384.015380859375,68261600,0.0,0.0
2022-11-25,401.8299865722656,402.9100036621094,401.5400085449219,402.3299865722656,383.9295349121094,30545400,0.0,0.0
2022-11-28,399.0899963378906,400.80999755859375,395.1099853515625,395.9100036621094,377.80322265625,67881600,0.0,0.0
2022-11-29,396.0499877929688,397.2999877929688,393.2999877929688,395.2300109863281,377.15423583984375,52310000,0.0,0.0
2022-11-30,395.489990234375,407.6799926757813,393.4800109863281,407.6799926757813,389.0348815917969,144566700,0.0,0.0
2022-12-01,408.7699890136719,410.0,404.75,407.3800048828125,388.7485656738281,76398200,0.0,0.0
2022-12-02,402.25,407.8599853515625,402.1400146484375,406.9100036621094,388.3000793457031,85342700,0.0,0.0
2022-12-05,403.9500122070313,404.9299926757813,398.1700134277344,399.5899963378906,381.3148498535156,77289800,0.0,0.0
2022-12-06,399.4200134277344,399.989990234375,391.6400146484375,393.8299865722656,375.8182373046875,77972200,0.0,0.0
2022-12-07,392.9400024414063,395.6400146484375,391.9700012207031,393.1600036621094,375.1789245605469,65927900,0.0,0.0
2022-12-08,395.1400146484375,397.3599853515625,393.2699890136719,396.239990234375,378.1180114746094,60737900,0.0,0.0
2022-12-09,394.9400024414063,397.6199951171875,393.1499938964844,393.2799987792969,375.29345703125,81447700,0.0,0.0
2022-12-12,394.1099853515625,398.9500122070313,393.4100036621094,398.9500122070313,380.70416259765625,75405800,0.0,0.0
2022-12-13,410.2200012207031,410.489990234375,399.0700073242188,401.9700012207031,383.58599853515625,123782500,0.0,0.0
2022-12-14,401.6099853515625,405.5,396.30999755859375,399.3999938964844,381.1335754394531,108111300,0.0,0.0
2022-12-15,394.2999877929688,395.25,387.8900146484375,389.6300048828125,371.8103942871094,117705900,0.0,0.0
2022-12-16,385.1799926757813,386.5799865722656,381.0400085449219,383.2699890136719,367.4206848144531,119858000,1.781,0.0
2022-12-19,383.4700012207031,383.8200073242188,378.2799987792969,380.0199890136719,364.30511474609375,79878100,0.0,0.0
2022-12-20,379.2300109863281,382.2300109863281,377.8500061035156,380.5400085449219,364.80364990234375,74427200,0.0,0.0
2022-12-21,383.25,387.4100036621094,382.6900024414063,386.2300109863281,370.2583618164063,78167400,0.0,0.0
2022-12-22,383.0499877929688,386.2099914550781,374.7699890136719,380.7200012207031,364.9761657714844,100120900,0.0,0.0
2022-12-23,379.6499938964844,383.05999755859375,378.0299987792969,382.9100036621094,367.07562255859375,59857300,0.0,0.0
2022-12-27,382.7900085449219,383.1499938964844,379.6499938964844,381.3999938964844,365.6280212402344,51638200,0.0,0.0
2022-12-28,381.3299865722656,383.3900146484375,376.4200134277344,376.6600036621094,361.0841064453125,70911500,0.0,0.0
2022-12-29,379.6300048828125,384.3500061035156,379.0799865722656,383.4400024414063,367.5837707519531,66970900,0.0,0.0
2022-12-30,380.6400146484375,382.5799865722656,378.4299926757813,382.4299926757813,366.6154479980469,84022200,0.0,0.0
2023-01-03,384.3699951171875,386.4299926757813,377.8299865722656,380.8200073242188,365.0720825195313,74850700,0.0,0.0
2023-01-04,383.1799926757813,385.8800048828125,380.0,383.760009765625,367.8904724121094,85934100,0.0,0.0
2023-01-05,381.7200012207031,381.8399963378906,378.760009765625,379.3800048828125,363.691650390625,76970500,0.0,0.0
2023-01-06,382.6099853515625,389.25,379.4100036621094,388.0799865722656,372.0317993164063,104189600,0.0,0.0
2023-01-09,390.3699951171875,393.7000122070313,387.6700134277344,387.8599853515625,371.8209228515625,73978100,0.0,0.0
2023-01-10,387.25,390.6499938964844,386.2699890136719,390.5799865722656,374.4284362792969,65358100,0.0,0.0
2023-01-11,392.2300109863281,395.6000061035156,391.3800048828125,395.5199890136719,379.1641540527344,68881100,0.0,0.0
2023-01-12,396.6700134277344,398.489990234375,392.4200134277344,396.9599914550781,380.5445861816406,90157700,0.0,0.0
2023-01-13,393.6199951171875,399.1000061035156,393.3399963378906,398.5,382.02093505859375,63903900,0.0,0.0
2023-01-17,398.4800109863281,400.2300109863281,397.05999755859375,397.7699890136719,381.3210754394531,62677300,0.0,0.0
2023-01-18,399.010009765625,400.1199951171875,391.2799987792969,391.489990234375,375.30078125,99632300,0.0,0.0
2023-01-19,389.3599853515625,391.0799865722656,387.260009765625,388.6400146484375,372.5686950683594,86958900,0.0,0.0
2023-01-20,390.1000061035156,396.0400085449219,388.3800048828125,395.8800048828125,379.5093078613281,91806400,0.0,0.0
2023-01-23,396.7200012207031,402.6499938964844,395.7200012207031,400.6300048828125,384.0628356933594,84178800,0.0,0.0
2023-01-24,398.8800048828125,401.1499938964844,397.6400146484375,400.2000122070313,383.650634765625,59524900,0.0,0.0
2023-01-25,395.9500122070313,400.7000122070313,393.55999755859375,400.3500061035156,383.79443359375,84800300,0.0,0.0
2023-01-26,403.1300048828125,404.9200134277344,400.0299987792969,404.75,388.0124816894531,72287400,0.0,0.0
2023-01-27,403.6600036621094,408.1600036621094,403.4400024414063,405.6799926757813,388.904052734375,68346200,0.0,0.0
2023-01-30,402.7999877929688,405.1300048828125,400.2799987792969,400.5899963378906,384.0245361328125,74202000,0.0,0.0
2023-01-31,401.1300048828125,406.5299987792969,400.7699890136719,406.4800109863281,389.6709289550781,86811800,0.0,0.0
2023-02-01,405.2099914550781,413.6700134277344,402.3500061035156,410.7999877929688,393.812255859375,101459200,0.0,0.0
2023-02-02,414.8599853515625,418.30999755859375,412.8800048828125,416.7799987792969,399.5450439453125,101654500,0.0,0.0
2023-02-03,411.5899963378906,416.9700012207031,411.0899963378906,412.3500061035156,395.2981872558594,94736800,0.0,0.0
2023-02-06,409.7900085449219,411.2900085449219,408.1000061035156,409.8299865722656,392.8823852539063,60295300,0.0,0.0
2023-02-07,408.8699951171875,416.489990234375,407.5700073242188,415.1900024414063,398.020751953125,90990700,0.0,0.0
2023-02-08,413.1300048828125,414.5299987792969,409.9299926757813,410.6499938964844,393.6684875488281,76227500,0.0,0.0
2023-02-09,414.4100036621094,414.5700073242188,405.80999755859375,407.0899963378906,390.2556762695313,78694900,0.0,0.0
2023-02-10,405.8599853515625,408.4400024414063,405.010009765625,408.0400085449219,391.1664123535156,70769700,0.0,0.0
2023-02-13,408.7200012207031,412.9700012207031,408.239990234375,412.8299865722656,395.7583618164063,64913500,0.0,0.0
2023-02-14,411.239990234375,415.0499877929688,408.510009765625,412.6400146484375,395.57623291015625,88389300,0.0,0.0
2023-02-15,410.3500061035156,414.05999755859375,409.4700012207031,413.9800109863281,396.8608093261719,61555700,0.0,0.0
2023-02-16,408.7900085449219,412.9100036621094,408.1400146484375,408.2799987792969,391.3965148925781,76431500,0.0,0.0
2023-02-17,406.05999755859375,407.510009765625,404.0499877929688,407.260009765625,390.4186706542969,89257800,0.0,0.0
2023-02-21,403.05999755859375,404.1600036621094,398.8200073242188,399.0899963378906,382.5865173339844,82655900,0.0,0.0
2023-02-22,399.5199890136719,401.1300048828125,397.0199890136719,398.5400085449219,382.0592651367188,83742300,0.0,0.0
2023-02-23,401.55999755859375,402.2000122070313,396.25,400.6600036621094,384.0916137695313,96242400,0.0,0.0
2023-02-24,395.4200134277344,397.25,393.6400146484375,396.3800048828125,379.9886169433594,108194400,0.0,0.0
2023-02-27,399.8699951171875,401.2900085449219,396.75,397.7300109863281,381.2827758789063,80444700,0.0,0.0
2023-02-28,397.2300109863281,399.2799987792969,396.1499938964844,396.260009765625,379.8735656738281,96438600,0.0,0.0
2023-03-01,395.4100036621094,396.6900024414063,393.3800048828125,394.739990234375,378.4164123535156,99706800,0.0,0.0
2023-03-02,392.6799926757813,398.6900024414063,392.3299865722656,397.80999755859375,381.3594665527344,85127800,0.0,0.0
2023-03-03,399.7099914550781,404.4500122070313,399.0299987792969,404.1900024414063,387.4756164550781,90120000,0.0,0.0
2023-03-06,405.0499877929688,407.4500122070313,404.010009765625,404.4700012207031,387.7441101074219,72795900,0.0,0.0
2023-03-07,404.4200134277344,404.6700134277344,397.6300048828125,398.2699890136719,381.8004455566406,108310600,0.0,0.0
2023-03-08,398.3900146484375,399.7099914550781,396.5899963378906,398.9200134277344,382.423583984375,74746600,0.0,0.0
2023-03-09,399.739990234375,401.4800109863281,390.5299987792969,391.55999755859375,375.3679504394531,111945300,0.0,0.0
2023-03-10,390.989990234375,393.1600036621094,384.3200073242188,385.9100036621094,369.9515380859375,189253000,0.0,0.0
2023-03-13,381.80999755859375,390.3900146484375,380.6499938964844,385.3599853515625,369.4242858886719,157790000,0.0,0.0
2023-03-14,390.5,393.4500122070313,387.0499877929688,391.7300109863281,375.5309448242188,149752400,0.0,0.0
2023-03-15,385.8900146484375,389.489990234375,383.7099914550781,389.2799987792969,373.1822204589844,172996900,0.0,0.0
2023-03-16,386.8200073242188,396.4700012207031,386.2900085449219,396.1099853515625,379.729736328125,143254200,0.0,0.0
2023-03-17,393.2200012207031,394.3999938964844,388.5499877929688,389.989990234375,375.2896728515625,140553400,1.506,0.0
2023-03-20,390.7999877929688,394.1700134277344,390.0700073242188,393.739990234375,378.8983459472656,93055800,0.0,0.0
2023-03-21,397.239990234375,399.4100036621094,395.5799865722656,398.9100036621094,383.8735046386719,91524200,0.0,0.0
2023-03-22,398.7300109863281,402.489990234375,392.0700073242188,392.1099853515625,377.3298034667969,111746600,0.0,0.0
2023-03-23,395.0899963378906,399.2900085449219,390.3500061035156,393.1700134277344,378.3498229980469,119351300,0.0,0.0
2023-03-24,391.8399963378906,395.8399963378906,389.3999938964844,395.75,380.8325805664063,107682400,0.0,0.0
2023-03-27,398.1199951171875,398.9200134277344,395.55999755859375,396.489990234375,381.544677734375,74010400,0.0,0.0
2023-03-28,395.7699890136719,396.489990234375,393.6900024414063,395.6000061035156,380.688232421875,62871700,0.0,0.0
2023-03-29,399.9299926757813,401.6000061035156,398.6799926757813,401.3500061035156,386.2214965820313,77497900,0.0,0.0
2023-03-30,404.0899963378906,404.3500061035156,401.760009765625,403.7000122070313,388.4829711914063,69840000,0.0,0.0
2023-03-31,404.6600036621094,409.7000122070313,404.5499877929688,409.3900146484375,393.9584655761719,112062600,0.0,0.0
2023-04-03,408.8500061035156,411.3699951171875,408.4400024414063,410.9500122070313,395.4596557617188,67391100,0.0,0.0
2023-04-04,411.6199951171875,411.9200134277344,407.239990234375,408.6700134277344,393.2655944824219,66601500,0.0,0.0
2023-04-05,407.9100036621094,408.7000122070313,405.8800048828125,407.6000061035156,392.2359313964844,65200200,0.0,0.0
2023-04-06,406.7699890136719,409.4800109863281,405.6799926757813,409.1900024414063,393.7659912109375,63743300,0.0,0.0
2023-04-10,406.6099853515625,409.6900024414063,405.9700012207031,409.6099853515625,394.170166015625,63681000,0.0,0.0
2023-04-11,410.260009765625,411.1799926757813,408.9200134277344,409.7200012207031,394.2760009765625,59297900,0.0,0.0
2023-04-12,411.8699951171875,412.1700134277344,407.4400024414063,408.0499877929688,392.6689453125,86420400,0.0,0.0
2023-04-13,409.1799926757813,413.8399963378906,407.989990234375,413.4700012207031,397.8845520019531,85814800,0.0,0.0
2023-04-14,412.80999755859375,415.0899963378906,410.05999755859375,412.4599914550781,396.9127502441406,78161500,0.0,0.0
2023-04-17,412.3699951171875,413.9599914550781,411.0899963378906,413.9400024414063,398.33697509765625,66436400,0.0,0.0
2023-04-18,415.5799865722656,415.7200012207031,412.7799987792969,414.2099914550781,398.59674072265625,63560000,0.0,0.0
2023-04-19,412.2200012207031,415.0799865722656,412.1600036621094,414.1400146484375,398.5294494628906,55227300,0.0,0.0
2023-04-20,411.2099914550781,413.7000122070313,410.2699890136719,411.8800048828125,396.3546142578125,75840400,0.0,0.0
2023-04-21,412.1900024414063,412.6799926757813,410.1700134277344,412.2000122070313,396.6625671386719,73457400,0.0,0.0
2023-04-24,411.989990234375,413.0700073242188,410.6000061035156,412.6300048828125,397.0763244628906,64332100,0.0,0.0
2023-04-25,410.5799865722656,411.1600036621094,406.0199890136719,406.0799865722656,390.7731628417969,97766700,0.0,0.0
2023-04-26,406.7200012207031,407.8399963378906,403.7799987792969,404.3599853515625,389.1180419921875,80447000,0.0,0.0
2023-04-27,407.0,412.6900024414063,406.739990234375,412.4100036621094,396.8645935058594,92968400,0.0,0.0
2023-04-28,411.489990234375,415.9400024414063,411.4299926757813,415.9299926757813,400.25189208984375,89433100,0.0,0.0
2023-05-01,415.4700012207031,417.6199951171875,415.2699890136719,415.510009765625,399.8477478027344,62122300,0.0,0.0
2023-05-02,414.7699890136719,414.8200073242188,407.8200073242188,410.8399963378906,395.353759765625,103998500,0.0,0.0
2023-05-03,411.3599853515625,413.8699951171875,407.7699890136719,408.0199890136719,392.6400451660156,91531800,0.0,0.0
2023-05-04,406.9299926757813,407.2699890136719,403.739990234375,405.1300048828125,389.8589782714844,94901900,0.0,0.0
2023-05-05,408.9100036621094,413.7200012207031,408.6400146484375,412.6300048828125,397.0763244628906,87891800,0.0,0.0
2023-05-08,412.9700012207031,413.239990234375,411.2799987792969,412.739990234375,397.18212890625,50046800,0.0,0.0
2023-05-09,411.1300048828125,412.0899963378906,410.6900024414063,410.9299926757813,395.4403381347656,49220100,0.0,0.0
2023-05-10,413.8800048828125,414.5400085449219,408.8699951171875,412.8500061035156,397.2879943847656,96142900,0.0,0.0
2023-05-11,411.9500122070313,412.4299926757813,409.9700012207031,412.1300048828125,396.5951843261719,70157100,0.0,0.0
2023-05-12,413.4200134277344,413.6400146484375,409.0700073242188,411.5899963378906,396.0755310058594,70481500,0.0,0.0
2023-05-15,412.2200012207031,413.4299926757813,410.2300109863281,413.010009765625,397.4419555664063,54289400,0.0,0.0
2023-05-16,411.8599853515625,412.8200073242188,410.239990234375,410.25,394.7860412597656,57705500,0.0,0.0
2023-05-17,412.3500061035156,415.8599853515625,410.6400146484375,415.2300109863281,399.5782775878906,87287000,0.0,0.0
2023-05-18,414.8999938964844,419.6700134277344,414.6700134277344,419.2300109863281,403.4275512695313,97177200,0.0,0.0
2023-05-19,420.1700134277344,420.7200012207031,417.3500061035156,418.6199951171875,402.8404541015625,103793300,0.0,0.0
2023-05-22,418.6400146484375,420.3900146484375,417.3500061035156,418.7900085449219,403.0040893554688,60745400,0.0,0.0
2023-05-23,417.0799865722656,418.7200012207031,413.6799926757813,414.0899963378906,398.4812622070313,86383500,0.0,0.0
2023-05-24,412.4200134277344,412.8200073242188,409.8800048828125,411.0899963378906,395.5943603515625,89213700,0.0,0.0
2023-05-25,414.739990234375,416.1600036621094,412.4100036621094,414.6499938964844,399.0201721191406,90961600,0.0,0.0
2023-05-26,415.3299865722656,420.7699890136719,415.25,420.0199890136719,404.187744140625,93830000,0.0,0.0
2023-05-30,422.0299987792969,422.5799865722656,418.739990234375,420.1799926757813,404.3417053222656,72216000,0.0,0.0
2023-05-31,418.2799987792969,419.2200012207031,416.2200012207031,417.8500061035156,402.099609375,110811800,0.0,0.0
2023-06-01,418.0899963378906,422.9200134277344,416.7900085449219,421.8200073242188,405.9198913574219,88865000,0.0,0.0
2023-06-02,424.5,428.739990234375,423.9500122070313,427.9200134277344,411.78997802734375,91426200,0.0,0.0
2023-06-05,428.2799987792969,429.6199951171875,426.3699951171875,427.1000061035156,411.0008850097656,65460200,0.0,0.0
2023-06-06,426.6700134277344,428.5799865722656,425.989990234375,428.0299987792969,411.8957824707031,64022200,0.0,0.0
2023-06-07,428.4400024414063,429.6199951171875,426.1099853515625,426.5499877929688,410.4716491699219,85373300,0.0,0.0
2023-06-08,426.6199951171875,429.6000061035156,425.8200073242188,429.1300048828125,412.9543762207031,61952800,0.0,0.0
2023-06-09,429.9599914550781,431.989990234375,428.8699951171875,429.8999938964844,413.69537353515625,85742800,0.0,0.0
2023-06-12,430.9200134277344,433.8800048828125,430.1700134277344,433.7999877929688,417.4482421875,76104300,0.0,0.0
2023-06-13,435.3200073242188,437.3299865722656,434.6300048828125,436.6600036621094,420.2005310058594,95899700,0.0,0.0
2023-06-14,437.010009765625,439.05999755859375,433.5899963378906,437.1799926757813,420.7008972167969,100612100,0.0,0.0
2023-06-15,436.3299865722656,443.8999938964844,436.2300109863281,442.6000061035156,425.9165954589844,110303100,0.0,0.0
2023-06-16,443.0199890136719,443.6099853515625,438.9700012207031,439.4599914550781,424.4658203125,114165800,1.638,0.0
2023-06-20,437.4500122070313,438.3699951171875,435.0299987792969,437.1799926757813,422.2636413574219,76160400,0.0,0.0
2023-06-21,436.1600036621094,436.989990234375,434.3299865722656,434.9400024414063,420.10009765625,76982300,0.0,0.0
2023-06-22,433.9500122070313,436.6199951171875,433.6000061035156,436.510009765625,421.6165466308594,70637200,0.0,0.0
2023-06-23,432.9299926757813,435.05999755859375,432.4700012207031,433.2099914550781,418.4290771484375,92074500,0.0,0.0
2023-06-26,432.6199951171875,434.6099853515625,431.1900024414063,431.4400024414063,416.7195129394531,72823600,0.0,0.0
2023-06-27,432.3500061035156,436.80999755859375,431.8800048828125,436.1700134277344,421.2881164550781,72813700,0.0,0.0
2023-06-28,435.0499877929688,437.4400024414063,434.4100036621094,436.3900146484375,421.5006408691406,75636000,0.0,0.0
2023-06-29,435.9599914550781,438.2799987792969,435.5400085449219,438.1099853515625,423.1619262695313,67882300,0.0,0.0
2023-06-30,441.4400024414063,444.2999877929688,441.1099853515625,443.2799987792969,428.1555786132813,104964000,0.0,0.0
2023-07-03,442.9200134277344,444.0799865722656,442.6300048828125,443.7900085449219,428.6481018066406,32793400,0.0,0.0
2023-07-05,441.9100036621094,443.8900146484375,441.8999938964844,443.1300048828125,428.0106201171875,58418400,0.0,0.0
2023-07-06,439.4200134277344,440.1000061035156,437.05999755859375,439.6600036621094,424.6590576171875,80658300,0.0,0.0
2023-07-07,438.6300048828125,442.6400146484375,438.2999877929688,438.5499877929688,423.5868835449219,86134200,0.0,0.0
2023-07-10,438.1799926757813,439.8399963378906,437.5899963378906,439.6600036621094,424.6590576171875,62443500,0.0,0.0
2023-07-11,440.4500122070313,442.9700012207031,439.4400024414063,442.4599914550781,427.3635559082031,64463800,0.0,0.0
2023-07-12,446.3900146484375,447.4800109863281,444.9100036621094,446.0199890136719,430.802001953125,91924500,0.0,0.0
2023-07-13,447.8999938964844,450.3800048828125,447.4500122070313,449.55999755859375,434.2212219238281,72425200,0.0,0.0
2023-07-14,450.4800109863281,451.3599853515625,448.489990234375,449.2799987792969,433.9508361816406,69815800,0.0,0.0
2023-07-17,449.1300048828125,451.9299926757813,449.0799865722656,450.8399963378906,435.4576110839844,52680200,0.0,0.0
2023-07-18,450.5,454.8599853515625,450.0499877929688,454.1900024414063,438.6932678222656,80668200,0.0,0.0
2023-07-19,455.010009765625,456.4299926757813,454.1099853515625,455.2000122070313,439.6688537597656,65891700,0.0,0.0
2023-07-20,454.1700134277344,455.1000061035156,451.4400024414063,452.1799926757813,436.7518310546875,70591600,0.0,0.0
2023-07-21,453.9599914550781,454.1700134277344,452.1700134277344,452.1799926757813,436.7518310546875,71275600,0.0,0.0
2023-07-24,453.3699951171875,455.0400085449219,452.2999877929688,454.2000122070313,438.7029113769531,54023400,0.0,0.0
2023-07-25,453.9200134277344,456.739990234375,453.8699951171875,455.4400024414063,439.900634765625,55191200,0.0,0.0
2023-07-26,454.4700012207031,456.989990234375,453.3800048828125,455.510009765625,439.96826171875,71052900,0.0,0.0
2023-07-27,459.0199890136719,459.4400024414063,451.5499877929688,452.489990234375,437.05126953125,92194400,0.0,0.0
2023-07-28,455.8800048828125,457.7799987792969,452.489990234375,456.9200134277344,441.33013916015625,80011800,0.0,0.0
2023-07-31,457.4100036621094,458.1600036621094,456.0499877929688,457.7900085449219,442.1704711914063,62040400,0.0,0.0
2023-08-01,456.2699890136719,457.25,455.489990234375,456.4800109863281,440.9051818847656,55291500,0.0,0.0
2023-08-02,453.25,453.5199890136719,449.3500061035156,450.1300048828125,434.7718200683594,93933400,0.0,0.0
2023-08-03,448.0400085449219,450.7900085449219,447.3699951171875,448.8399963378906,433.5257873535156,64276100,0.0,0.0
2023-08-04,450.7200012207031,452.8999938964844,446.2699890136719,446.80999755859375,431.5650634765625,100128900,0.0,0.0
2023-08-07,448.7099914550781,450.8699951171875,447.989990234375,450.7099914550781,435.33203125,58357500,0.0,0.0
2023-08-08,448.0799865722656,450.7000122070313,445.2699890136719,448.75,433.43890380859375,71361300,0.0,0.0
2023-08-09,449.0299987792969,449.2000122070313,444.9599914550781,445.75,430.5412902832031,78789600,0.0,0.0
2023-08-10,448.1900024414063,451.7000122070313,444.7000122070313,445.9100036621094,430.6958312988281,93005500,0.0,0.0
2023-08-11,443.9700012207031,446.7000122070313,443.3500061035156,445.6499938964844,430.4446411132813,68690900,0.0,0.0
2023-08-14,444.7000122070313,448.1099853515625,444.3800048828125,448.1099853515625,432.8207092285156,47867400,0.0,0.0
2023-08-15,446.2699890136719,446.6400146484375,442.2999877929688,442.8900146484375,427.7788696289063,75707500,0.0,0.0
2023-08-16,442.4599914550781,444.1799926757813,439.5299987792969,439.6400146484375,424.6397705078125,80107200,0.0,0.0
2023-08-17,441.1600036621094,441.4299926757813,435.75,436.2900085449219,421.4040222167969,95711300,0.0,0.0
2023-08-18,433.3699951171875,437.5700073242188,433.010009765625,436.5,421.6069030761719,98852000,0.0,0.0
2023-08-21,437.5499877929688,440.1099853515625,435.3200073242188,439.3399963378906,424.3499145507813,68719000,0.0,0.0
2023-08-22,441.1799926757813,441.1799926757813,437.5700073242188,438.1499938964844,423.2005920410156,64994200,0.0,0.0
2023-08-23,439.25,443.6700134277344,439.1000061035156,443.0299987792969,427.9140625,68441000,0.0,0.0
2023-08-24,444.6900024414063,445.2200012207031,436.8599853515625,436.8900146484375,421.9835815429688,88517300,0.0,0.0
2023-08-25,438.6799926757813,441.2999877929688,435.0,439.9700012207031,424.95849609375,102325100,0.0,0.0
2023-08-28,442.239990234375,443.3999938964844,439.9700012207031,442.760009765625,427.65325927734375,61595400,0.0,0.0
2023-08-29,442.6499938964844,449.4500122070313,442.4599914550781,449.1600036621094,433.83489990234375,83081900,0.0,0.0
2023-08-30,449.510009765625,451.6700134277344,448.7799987792969,451.010009765625,435.6217956542969,69053900,0.0,0.0
2023-08-31,451.6499938964844,452.8299865722656,450.1600036621094,450.3500061035156,434.9842834472656,66084600,0.0,0.0
2023-09-01,453.1700134277344,453.6700134277344,449.6799926757813,451.1900024414063,435.7956237792969,58944100,0.0,0.0
2023-09-05,450.7300109863281,451.05999755859375,449.1700134277344,449.239990234375,433.91217041015625,55166200,0.0,0.0
2023-09-06,448.3999938964844,448.510009765625,443.80999755859375,446.2200012207031,430.9952087402344,70758500,0.0,0.0
2023-09-07,443.1099853515625,445.5499877929688,442.75,444.8500061035156,429.6719970703125,70355400,0.0,0.0
2023-09-08,444.8999938964844,447.1099853515625,444.5299987792969,445.5199890136719,430.3190307617188,61659700,0.0,0.0
2023-09-11,448.239990234375,448.7699890136719,446.4700012207031,448.4500122070313,433.149169921875,60180100,0.0,0.0
2023-09-12,446.9500122070313,448.5299987792969,445.3900146484375,445.989990234375,430.7730102539063,67565400,0.0,0.0
2023-09-13,446.2200012207031,447.7099914550781,445.0799865722656,446.510009765625,431.27532958984375,60199300,0.0,0.0
2023-09-14,449.0700073242188,451.0799865722656,447.7200012207031,450.3599853515625,434.9939270019531,83430800,0.0,0.0
2023-09-15,447.1400146484375,447.4800109863281,442.9200134277344,443.3699951171875,429.75299072265625,111848900,1.583,0.0
2023-09-18,443.0499877929688,444.9700012207031,442.55999755859375,443.6300048828125,430.0050354003906,55752200,0.0,0.0
2023-09-19,442.6799926757813,443.2900085449219,439.9400024414063,442.7099914550781,429.11322021484375,66514600,0.0,0.0
2023-09-20,444.010009765625,444.4400024414063,438.4299926757813,438.6400146484375,425.1682739257813,82562600,0.0,0.0
2023-09-21,435.7000122070313,435.9700012207031,431.2300109863281,431.3900146484375,418.1409606933594,104095800,0.0,0.0
2023-09-22,432.4500122070313,434.1000061035156,429.989990234375,430.4200134277344,417.2007446289063,100829700,0.0,0.0
2023-09-25,429.1700134277344,432.2699890136719,428.7200012207031,432.2300109863281,418.9551696777344,70874500,0.0,0.0
2023-09-26,429.0899963378906,429.8200073242188,425.0199890136719,425.8800048828125,412.8002014160156,96168400,0.0,0.0
2023-09-27,427.0899963378906,427.6700134277344,422.2900085449219,426.0499877929688,412.96490478515625,104705800,0.0,0.0
2023-09-28,425.4800109863281,430.25,424.8699951171875,428.5199890136719,415.3590698242188,92258300,0.0,0.0
2023-09-29,431.6700134277344,431.8500061035156,425.9100036621094,427.4800109863281,414.35101318359375,115111300,0.0,0.0
2023-10-02,426.6199951171875,428.6000061035156,424.4599914550781,427.30999755859375,414.186279296875,83798600,0.0,0.0
2023-10-03,425.05999755859375,427.3699951171875,420.1799926757813,421.5899963378906,408.6419677734375,103760600,0.0,0.0
2023-10-04,422.0700073242188,425.4299926757813,420.55999755859375,424.6600036621094,411.61767578125,87453000,0.0,0.0
2023-10-05,424.3599853515625,425.3699951171875,421.1700134277344,424.5,411.4625549316406,70142700,0.0,0.0
2023-10-06,421.9700012207031,431.1300048828125,420.6000061035156,429.5400085449219,416.3478393554688,113273300,0.0,0.0
2023-10-09,427.5799865722656,432.8800048828125,427.010009765625,432.2900085449219,419.0133361816406,80374400,0.0,0.0
2023-10-10,432.9400024414063,437.2200012207031,432.5299987792969,434.5400085449219,421.1942443847656,78607300,0.0,0.0
2023-10-11,435.6400146484375,436.5799865722656,433.1799926757813,436.3200073242188,422.9195251464844,62451700,0.0,0.0
2023-10-12,436.9500122070313,437.3399963378906,431.2300109863281,433.6600036621094,420.3412170410156,81154200,0.0,0.0
2023-10-13,435.2099914550781,436.4500122070313,429.8800048828125,431.5,418.2475891113281,95143100,0.0,0.0
2023-10-16,433.8200073242188,437.1400146484375,433.5700073242188,436.0400085449219,422.6481018066406,75433200,0.0,0.0
2023-10-17,432.80999755859375,438.1400146484375,432.4500122070313,436.0199890136719,422.6287231445313,75324700,0.0,0.0
2023-10-18,434.1900024414063,435.1799926757813,429.0899963378906,430.2099914550781,416.9971923828125,93559800,0.0,0.0
2023-10-19,430.9500122070313,432.8200073242188,425.7300109863281,426.4299926757813,413.3332824707031,121323000,0.0,0.0
2023-10-20,425.9800109863281,426.5400085449219,421.0799865722656,421.1900024414063,408.2542724609375,123919900,0.0,0.0
2023-10-23,419.6099853515625,424.4500122070313,417.7999877929688,420.4599914550781,407.5466003417969,92035100,0.0,0.0
2023-10-24,422.6499938964844,424.8200073242188,420.739990234375,423.6300048828125,410.6192932128906,78564200,0.0,0.0
2023-10-25,421.8900146484375,421.9200134277344,417.0199890136719,417.5499877929688,404.7259826660156,94223200,0.0,0.0
2023-10-26,416.4500122070313,417.3299865722656,411.6000061035156,412.5499877929688,399.8795776367188,115156800,0.0,0.0
2023-10-27,414.1900024414063,414.6000061035156,409.2099914550781,410.6799926757813,398.0670166015625,107367700,0.0,0.0
2023-10-30,413.55999755859375,416.6799926757813,412.2200012207031,415.5899963378906,402.82623291015625,86562700,0.0,0.0
2023-10-31,416.1799926757813,418.5299987792969,414.2099914550781,418.2000122070313,405.3560485839844,79665200,0.0,0.0
2023-11-01,419.2000122070313,423.5,418.6499938964844,422.6600036621094,409.6790771484375,98068100,0.0,0.0
2023-11-02,426.5799865722656,430.9200134277344,426.55999755859375,430.760009765625,417.53033447265625,94938900,0.0,0.0
2023-11-03,433.1400146484375,436.2900085449219,433.010009765625,434.6900024414063,421.339599609375,100167800,0.0,0.0
2023-11-06,435.4700012207031,436.1499938964844,433.6799926757813,435.6900024414063,422.3088989257813,67831700,0.0,0.0
2023-11-07,435.6900024414063,437.5899963378906,434.510009765625,436.9299926757813,423.51080322265625,64256100,0.0,0.0
2023-11-08,437.5499877929688,438.0899963378906,434.8699951171875,437.25,423.8209838867188,61746000,0.0,0.0
2023-11-09,438.4299926757813,438.4700012207031,433.3999938964844,433.8399963378906,420.51568603515625,83174400,0.0,0.0
2023-11-10,435.9800109863281,440.9299926757813,433.8299865722656,440.6099853515625,427.0777587890625,89462200,0.0,0.0
2023-11-13,439.2300109863281,441.3299865722656,438.4200134277344,440.1900024414063,426.6706848144531,52236100,0.0,0.0
2023-11-14,446.3200073242188,450.05999755859375,446.0899963378906,448.7300109863281,434.9483642578125,97176900,0.0,0.0
2023-11-15,450.1099853515625,451.3800048828125,448.7999877929688,449.6799926757813,435.8692321777344,77327600,0.0,0.0
2023-11-16,449.2200012207031,450.55999755859375,448.1199951171875,450.2300109863281,436.4023132324219,66665800,0.0,0.0
2023-11-17,450.239990234375,451.4200134277344,449.2900085449219,450.7900085449219,436.9451599121094,83133200,0.0,0.0
2023-11-20,450.5299987792969,455.1300048828125,450.5199890136719,454.260009765625,440.30865478515625,69936200,0.0,0.0
2023-11-21,453.1799926757813,454.1300048828125,451.9599914550781,453.2699890136719,439.3489990234375,49244600,0.0,0.0
2023-11-22,454.9800109863281,456.3800048828125,453.8900146484375,455.0199890136719,441.0451965332031,59394900,0.0,0.0
2023-11-24,455.0700073242188,455.5,454.7300109863281,455.2999877929688,441.3165893554688,29737400,0.0,0.0
2023-11-27,454.6499938964844,455.489990234375,454.0799865722656,454.4800109863281,440.5217895507813,50506000,0.0,0.0
2023-11-28,454.0799865722656,456.2699890136719,453.5,454.9299926757813,440.9580078125,62115000,0.0,0.0
2023-11-29,457.1499938964844,458.3200073242188,454.2000122070313,454.6099853515625,440.6477661132813,63146000,0.0,0.0
2023-11-30,455.4800109863281,456.760009765625,453.3399963378906,456.3999938964844,442.3828125,79752700,0.0,0.0
2023-12-01,455.7699890136719,459.6499938964844,455.1600036621094,459.1000061035156,444.99993896484375,89183400,0.0,0.0
2023-12-04,455.6000061035156,459.1199951171875,454.3399963378906,456.6900024414063,442.6639099121094,72430900,0.0,0.0
2023-12-05,455.260009765625,457.5899963378906,454.8699951171875,456.6000061035156,442.5766906738281,69793500,0.0,0.0
2023-12-06,458.80999755859375,458.8399963378906,454.30999755859375,454.760009765625,440.793212890625,69124700,0.0,0.0
2023-12-07,456.9100036621094,458.8999938964844,456.2900085449219,458.2300109863281,444.1566162109375,66995400,0.0,0.0
2023-12-08,457.4599914550781,460.75,457.2099914550781,460.2000122070313,446.066162109375,83194400,0.0,0.0
2023-12-11,459.6900024414063,462.1700134277344,459.4700012207031,461.989990234375,447.8011169433594,65002200,0.0,0.0
2023-12-12,461.6300048828125,464.2000122070313,460.6000061035156,464.1000061035156,449.8463745117188,68327600,0.0,0.0
2023-12-13,464.489990234375,470.760009765625,464.1199951171875,470.5,456.04974365234375,93278000,0.0,0.0
2023-12-14,472.5,473.7300109863281,469.25,472.010009765625,457.513427734375,119026000,0.0,0.0
2023-12-15,469.489990234375,470.7000122070313,467.4299926757813,469.3299865722656,456.7601013183594,141553700,1.906,0.0
2023-12-18,470.9800109863281,472.9800109863281,469.8900146484375,471.9700012207031,459.3294372558594,70375300,0.0,0.0
2023-12-19,472.5299987792969,474.9200134277344,472.4500122070313,474.8399963378906,462.1225280761719,55761800,0.0,0.0
2023-12-20,473.9599914550781,475.8999938964844,467.8200073242188,468.260009765625,455.71881103515625,102921000,0.0,0.0
2023-12-21,471.3299865722656,472.9800109863281,468.8399963378906,472.7000122070313,460.0398864746094,86667500,0.0,0.0
2023-12-22,473.8599853515625,475.3800048828125,471.7000122070313,473.6499938964844,460.9644165039063,67160400,0.0,0.0
2023-12-26,474.0700073242188,476.5799865722656,473.989990234375,475.6499938964844,462.9108276367188,55387000,0.0,0.0
2023-12-27,475.4400024414063,476.6600036621094,474.8900146484375,476.510009765625,463.7478332519531,68000300,0.0,0.0
2023-12-28,476.8800048828125,477.5499877929688,476.260009765625,476.6900024414063,463.9229736328125,77158100,0.0,0.0
2023-12-29,476.489990234375,477.0299987792969,473.2999877929688,475.30999755859375,462.58001708984375,122283100,0.0,0.0
2024-01-02,472.1600036621094,473.6700134277344,470.489990234375,472.6499938964844,459.9912414550781,123623700,0.0,0.0
2024-01-03,470.4299926757813,471.1900024414063,468.1700134277344,468.7900085449219,456.234619140625,103585900,0.0,0.0
2024-01-04,468.2999877929688,470.9599914550781,467.0499877929688,467.2799987792969,454.7649841308594,84232200,0.0,0.0
2024-01-05,467.489990234375,470.4400024414063,466.4299926757813,467.9200134277344,455.3878479003906,86118900,0.0,0.0
2024-01-08,468.4299926757813,474.75,468.2999877929688,474.6000061035156,461.8890075683594,74879100,0.0,0.0
2024-01-09,471.8699951171875,474.9299926757813,471.3500061035156,473.8800048828125,461.1882934570313,65931400,0.0,0.0
2024-01-10,474.1600036621094,477.4500122070313,473.8699951171875,476.55999755859375,463.7965087890625,67310600,0.0,0.0
2024-01-11,477.5899963378906,478.1199951171875,472.260009765625,476.3500061035156,463.5921325683594,77940700,0.0,0.0
2024-01-12,477.8399963378906,478.6000061035156,475.2300109863281,476.6799926757813,463.9132385253906,58026400,0.0,0.0
2024-01-16,475.260009765625,476.6099853515625,473.05999755859375,474.9299926757813,462.2101440429688,85014900,0.0,0.0
2024-01-17,471.8200073242188,472.7900085449219,469.8699951171875,472.2900085449219,459.640869140625,68843900,0.0,0.0
2024-01-18,474.010009765625,477.05999755859375,472.4200134277344,476.489990234375,463.7283630371094,91856200,0.0,0.0
2024-01-19,477.6499938964844,482.7200012207031,476.5400085449219,482.4299926757813,469.50927734375,110834500,0.0,0.0
2024-01-22,484.010009765625,485.2200012207031,482.7799987792969,483.4500122070313,470.5019836425781,75844900,0.0,0.0
2024-01-23,484.010009765625,485.1099853515625,482.8900146484375,484.8599853515625,471.8741760253906,49945300,0.0,0.0
2024-01-24,487.80999755859375,488.7699890136719,484.8800048828125,485.3900146484375,472.39007568359375,81765000,0.0,0.0
2024-01-25,487.5799865722656,488.30999755859375,485.3900146484375,488.0299987792969,474.9592590332031,72525000,0.0,0.0
2024-01-26,487.5899963378906,489.1199951171875,486.5400085449219,487.4100036621094,474.35589599609375,76641600,0.0,0.0
2024-01-29,487.7300109863281,491.4200134277344,487.1700134277344,491.2699890136719,478.1125183105469,61322800,0.0,0.0
2024-01-30,490.55999755859375,491.6199951171875,490.1099853515625,490.8900146484375,477.7427062988281,58618400,0.0,0.0
2024-01-31,488.6199951171875,489.0799865722656,482.8599853515625,482.8800048828125,469.9472961425781,126011100,0.0,0.0
2024-02-01,484.6300048828125,489.2300109863281,483.7999877929688,489.2000122070313,476.0979919433594,91891600,0.0,0.0
2024-02-02,489.6499938964844,496.0499877929688,489.2999877929688,494.3500061035156,481.1100769042969,99228200,0.0,0.0
2024-02-05,493.7000122070313,494.3800048828125,490.2300109863281,492.5499877929688,479.3582153320313,75757100,0.0,0.0
2024-02-06,493.5199890136719,494.3200073242188,492.0499877929688,493.9800109863281,480.74993896484375,55918600,0.0,0.0
2024-02-07,496.2900085449219,498.5299987792969,495.3599853515625,498.1000061035156,484.7595825195313,70556500,0.0,0.0
2024-02-08,498.1000061035156,498.7099914550781,497.260009765625,498.3200073242188,484.9736633300781,52343600,0.0,0.0
2024-02-09,498.8399963378906,501.6499938964844,498.489990234375,501.2000122070313,487.7765808105469,63979400,0.0,0.0
2024-02-12,501.1700134277344,503.5,500.239990234375,500.9800109863281,487.5624694824219,56502300,0.0,0.0
2024-02-13,494.5299987792969,497.0899963378906,490.7200012207031,494.0799865722656,480.8472595214844,113099200,0.0,0.0
2024-02-14,496.7900085449219,499.0700073242188,494.3999938964844,498.5700073242188,485.2170104980469,68387800,0.0,0.0
2024-02-15,499.2900085449219,502.2000122070313,498.7999877929688,502.010009765625,488.56488037109375,61683000,0.0,0.0
2024-02-16,501.7000122070313,502.8699951171875,498.75,499.510009765625,486.1318664550781,75532900,0.0,0.0
2024-02-20,497.7200012207031,498.4100036621094,494.4500122070313,496.760009765625,483.4554748535156,71736700,0.0,0.0
2024-02-21,495.4200134277344,497.3699951171875,493.55999755859375,497.2099914550781,483.8934326171875,59293400,0.0,0.0
2024-02-22,504.010009765625,508.489990234375,503.0199890136719,507.5,493.9078063964844,76402500,0.0,0.0
2024-02-23,509.2699890136719,510.1300048828125,507.1000061035156,507.8500061035156,494.24847412109375,61321800,0.0,0.0
2024-02-26,508.2999877929688,508.75,505.8599853515625,505.989990234375,492.4382934570313,50386700,0.0,0.0
2024-02-27,506.7000122070313,507.1600036621094,504.75,506.9299926757813,493.3530883789063,48854500,0.0,0.0
2024-02-28,505.3299865722656,506.8599853515625,504.9599914550781,506.260009765625,492.7010498046875,56506600,0.0,0.0
2024-02-29,508.0700073242188,509.739990234375,505.3500061035156,508.0799865722656,494.4723205566406,83924800,0.0,0.0
2024-03-01,508.9800109863281,513.2899780273438,508.55999755859375,512.8499755859375,499.114501953125,76844800,0.0,0.0
2024-03-04,512.030029296875,514.2000122070312,512.0,512.2999877929688,498.5792846679688,49799300,0.0,0.0
2024-03-05,510.239990234375,510.7000122070313,504.9100036621094,507.1799926757813,493.596435546875,72855600,0.0,0.0
2024-03-06,510.5499877929688,512.0700073242188,508.4200134277344,509.75,496.09759521484375,68382400,0.0,0.0
2024-03-07,513.1400146484375,515.8900146484375,509.80999755859375,514.8099975585938,501.0220947265625,58652100,0.0,0.0
2024-03-08,515.4600219726562,518.219970703125,511.1300048828125,511.7200012207031,498.0148315429688,86532500,0.0,0.0
2024-03-11,510.4800109863281,511.8800048828125,508.5,511.2799987792969,497.5866394042969,62557200,0.0,0.0
2024-03-12,513.4500122070312,517.3800048828125,510.8599853515625,516.780029296875,502.9393005371094,73114400,0.0,0.0
2024-03-13,517.1099853515625,517.2899780273438,514.489990234375,515.969970703125,502.1509399414063,55104100,0.0,0.0
2024-03-14,516.969970703125,517.1300048828125,511.8200073242188,514.9500122070312,501.15826416015625,110171800,0.0,0.0
2024-03-15,510.2099914550781,511.7000122070313,508.1199951171875,509.8299865722656,497.717041015625,107646300,1.595,0.0
2024-03-18,514.0,515.47998046875,512.4400024414062,512.8599853515625,500.6751098632813,88893300,0.0,0.0
2024-03-19,512.1500244140625,516.0,511.1199951171875,515.7100219726562,503.4573974609375,60755300,0.0,0.0
2024-03-20,515.77001953125,520.6199951171875,515.0800170898438,520.47998046875,508.1139831542969,69594600,0.0,0.0
2024-03-21,523.3900146484375,524.1099853515625,521.9099731445312,522.2000122070312,509.7932434082031,60256100,0.0,0.0
2024-03-22,522.1099853515625,522.6099853515625,520.969970703125,521.2100219726562,508.8267211914063,79070800,0.0,0.0
2024-03-25,519.7999877929688,520.9500122070312,519.6099853515625,519.77001953125,507.4209289550781,48512100,0.0,0.0
2024-03-26,521.22998046875,521.5800170898438,518.4000244140625,518.8099975585938,506.4837341308594,65463700,0.0,0.0
2024-03-27,521.7100219726562,523.2100219726562,519.489990234375,523.1699829101562,510.7401123046875,82999800,0.0,0.0
2024-03-28,523.2100219726562,524.6099853515625,522.780029296875,523.0700073242188,510.6424255371094,96294900,0.0,0.0
2024-04-01,523.8300170898438,524.3800048828125,520.969970703125,522.1599731445312,509.7540893554688,62477500,0.0,0.0
2024-04-02,518.239990234375,518.97998046875,516.47998046875,518.8400268554688,506.5130310058594,74230300,0.0,0.0
2024-04-03,517.719970703125,520.9500122070312,517.6699829101562,519.4099731445312,507.0694580078125,59155800,0.0,0.0
2024-04-04,523.52001953125,523.8699951171875,512.760009765625,513.0700073242188,500.8801574707031,96858100,0.0,0.0
2024-04-05,514.4600219726562,520.4400024414062,514.010009765625,518.4299926757812,506.1127014160156,74546500,0.0,0.0
2024-04-08,519.1500244140625,520.1799926757812,517.8900146484375,518.719970703125,506.3959045410156,48401800,0.0,0.0
2024-04-09,520.5,520.75,514.3499755859375,519.3200073242188,506.9815979003906,68049200,0.0,0.0
2024-04-10,513.47998046875,516.1599731445312,512.0900268554688,514.1199951171875,501.9051208496094,82652800,0.0,0.0
2024-04-11,515.6799926757812,519.47998046875,512.0800170898438,518.0,505.6929626464844,70099000,0.0,0.0
2024-04-12,514.3699951171875,515.8200073242188,509.0799865722656,510.8500061035156,498.71282958984375,92561100,0.0,0.0
2024-04-15,515.1300048828125,515.2999877929688,503.5799865722656,504.4500122070313,492.4649353027344,92101400,0.0,0.0
2024-04-16,504.9400024414063,506.5,502.2099914550781,503.5299987792969,491.5667114257813,73484000,0.0,0.0
2024-04-17,506.0499877929688,506.2200012207031,499.1199951171875,500.5499877929688,488.6575622558594,75910300,0.0,0.0
2024-04-18,501.9800109863281,504.1300048828125,498.55999755859375,499.5199890136719,487.6519775390625,74548100,0.0,0.0
2024-04-19,499.4400024414063,500.4599914550781,493.8599853515625,495.1600036621094,483.3956298828125,102212600,0.0,0.0
2024-04-22,497.8299865722656,502.3800048828125,495.4299926757813,499.7200012207031,487.8473205566406,67961000,0.0,0.0
2024-04-23,501.7799987792969,506.0899963378906,499.5299987792969,505.6499938964844,493.6364135742188,64633600,0.0,0.0
2024-04-24,506.55999755859375,507.3699951171875,503.1300048828125,505.4100036621094,493.4020690917969,55928100,0.0,0.0
2024-04-25,499.1799926757813,504.2699890136719,497.489990234375,503.489990234375,491.5277099609375,69122400,0.0,0.0
2024-04-26,506.3500061035156,509.8800048828125,505.7000122070313,508.260009765625,496.1844177246094,64306100,0.0,0.0
2024-04-29,510.0899963378906,510.75,507.25,510.05999755859375,497.941650390625,46415400,0.0,0.0
2024-04-30,508.55999755859375,509.55999755859375,501.9800109863281,501.9800109863281,490.0536193847656,77483600,0.0,0.0
2024-05-01,501.3800048828125,508.1900024414063,499.8699951171875,500.3500061035156,488.46234130859375,80242800,0.0,0.0
2024-05-02,504.1499938964844,505.8900146484375,499.5499877929688,505.0299987792969,493.0310974121094,62550200,0.0,0.0
2024-05-03,511.1600036621094,512.5499877929688,508.55999755859375,511.2900085449219,499.1423645019531,72756700,0.0,0.0
2024-05-06,513.75,516.6099853515625,513.2999877929688,516.5700073242188,504.29693603515625,47264700,0.0,0.0
2024-05-07,517.5599975585938,518.5700073242188,516.4500122070312,517.1400146484375,504.8533630371094,52561300,0.0,0.0
2024-05-08,515.260009765625,517.739990234375,515.1400146484375,517.1900024414062,504.9022521972656,42047200,0.0,0.0
2024-05-09,517.3800048828125,520.2100219726562,516.7100219726562,520.1699829101562,507.81146240234375,43643700,0.0,0.0
2024-05-10,521.8099975585938,522.6400146484375,519.5900268554688,520.8400268554688,508.4655151367188,52233200,0.0,0.0
2024-05-13,522.5599975585938,522.6699829101562,519.739990234375,520.9099731445312,508.5337524414063,36716400,0.0,0.0
2024-05-14,521.1099853515625,523.8300170898438,520.5599975585938,523.2999877929688,510.86712646484375,57535900,0.0,0.0
2024-05-15,525.8300170898438,530.0800170898438,525.1799926757812,529.780029296875,517.193115234375,59504900,0.0,0.0
2024-05-16,529.8800048828125,531.52001953125,528.5399780273438,528.6900024414062,516.1290283203125,50244800,0.0,0.0
2024-05-17,528.8099975585938,529.52001953125,527.3200073242188,529.4500122070312,516.8709106445312,59187600,0.0,0.0
2024-05-20,529.5700073242188,531.5599975585938,529.1699829101562,530.0599975585938,517.4664306640625,37764200,0.0,0.0
2024-05-21,529.280029296875,531.52001953125,529.0700073242188,531.3599853515625,518.7354736328125,33437000,0.0,0.0
2024-05-22,530.6500244140625,531.3800048828125,527.5999755859375,529.8300170898438,517.2418823242188,48390000,0.0,0.0
2024-05-23,532.9600219726562,533.0700073242188,524.719970703125,525.9600219726562,513.4638061523438,57211200,0.0,0.0
2024-05-24,527.8499755859375,530.27001953125,526.8800048828125,529.4400024414062,516.8612060546875,41291100,0.0,0.0
2024-05-28,530.27001953125,530.510009765625,527.1099853515625,529.8099975585938,517.2223510742188,36269600,0.0,0.0
2024-05-29,525.6799926757812,527.3099975585938,525.3699951171875,526.0999755859375,513.6004638671875,45190300,0.0,0.0
2024-05-30,524.52001953125,525.2000122070312,521.3300170898438,522.6099853515625,510.1934509277344,46377600,0.0,0.0
2024-05-31,523.5900268554688,527.5,518.3599853515625,527.3699951171875,514.84033203125,90785800,0.0,0.0
2024-06-03,529.02001953125,529.3099975585938,522.5999755859375,527.7999877929688,515.2601928710938,46835700,0.0,0.0
2024-06-04,526.4600219726562,529.1500244140625,524.9600219726562,528.3900146484375,515.836181640625,34632700,0.0,0.0
2024-06-05,530.77001953125,534.6900024414062,528.72998046875,534.6699829101562,521.9669189453125,47610400,0.0,0.0
2024-06-06,534.97998046875,535.4199829101562,532.6799926757812,534.6599731445312,521.9571533203125,30808500,0.0,0.0
2024-06-07,533.6599731445312,536.8900146484375,532.5399780273438,534.010009765625,521.322509765625,43224500,0.0,0.0
2024-06-10,533.1799926757812,535.989990234375,532.5700073242188,535.6599731445312,522.9332885742188,35686100,0.0,0.0
2024-06-11,534.0700073242188,537.010009765625,532.0499877929688,536.9500122070312,524.1927490234375,36383400,0.0,0.0
2024-06-12,541.6300048828125,544.1199951171875,540.2999877929688,541.3599853515625,528.4978637695312,63251300,0.0,0.0
2024-06-13,543.1500244140625,543.3300170898438,539.5900268554688,542.4500122070312,529.56201171875,44760900,0.0,0.0
2024-06-14,540.8800048828125,542.8099975585938,539.8499755859375,542.780029296875,529.88427734375,40089900,0.0,0.0
2024-06-17,542.0800170898438,548.530029296875,541.6099853515625,547.0999755859375,534.1015625,55839500,0.0,0.0
2024-06-18,547.1599731445312,548.6199951171875,546.72998046875,548.489990234375,535.45849609375,41376400,0.0,0.0
2024-06-20,549.4400024414062,550.1199951171875,545.1799926757812,547.0,534.00390625,70328200,0.0,0.0
2024-06-21,544.4000244140625,545.6500244140625,543.02001953125,544.510009765625,533.2880859375,64338600,1.759,0.0
2024-06-24,544.3300170898438,546.9500122070312,542.6199951171875,542.739990234375,531.5545654296875,45528700,0.0,0.0
2024-06-25,543.989990234375,545.2000122070312,542.4400024414062,544.8300170898438,533.6015014648438,37936200,0.0,0.0
2024-06-26,543.6900024414062,546.239990234375,543.030029296875,545.510009765625,534.267333984375,38550600,0.0,0.0
2024-06-27,545.3699951171875,546.9600219726562,544.6099853515625,546.3699951171875,535.1096801757812,35041500,0.0,0.0
2024-06-28,547.1599731445312,550.280029296875,542.9500122070312,544.219970703125,533.0040283203125,76144500,0.0,0.0
2024-07-01,545.6300048828125,545.8800048828125,542.52001953125,545.3400268554688,534.1009521484375,40297800,0.0,0.0
2024-07-02,543.7000122070312,549.010009765625,543.6500244140625,549.010009765625,537.6952514648438,40434800,0.0,0.0
2024-07-03,548.6900024414062,551.8300170898438,548.6500244140625,551.4600219726562,540.0948486328125,32789900,0.0,0.0
2024-07-05,551.77001953125,555.0499877929688,551.1199951171875,554.6400146484375,543.2092895507812,41488400,0.0,0.0
2024-07-08,555.4400024414062,556.25,554.1900024414062,555.280029296875,543.8360595703125,36110500,0.0,0.0
2024-07-09,556.260009765625,557.1799926757812,555.52001953125,555.8200073242188,544.3649291992188,27289700,0.0,0.0
2024-07-10,557.0700073242188,561.6699829101562,556.77001953125,561.3200073242188,549.7515258789062,38701200,0.0,0.0
2024-07-11,561.4400024414062,562.3300170898438,555.8300170898438,556.47998046875,545.0113525390625,53054200,0.0,0.0
2024-07-12,557.6300048828125,563.6699829101562,557.1500244140625,559.989990234375,548.448974609375,53084400,0.0,0.0
2024-07-15,562.030029296875,564.8400268554688,559.6300048828125,561.530029296875,549.957275390625,40584300,0.0,0.0
2024-07-16,562.8699951171875,565.1599731445312,562.0999755859375,564.8599853515625,553.2186279296875,36475300,0.0,0.0
2024-07-17,558.7999877929688,560.510009765625,556.6099853515625,556.9400024414062,545.4618530273438,57119000,0.0,0.0
2024-07-18,558.510009765625,559.52001953125,550.4299926757812,552.6599731445312,541.2699584960938,56270400,0.0,0.0
2024-07-19,552.4199829101562,554.0800170898438,547.9099731445312,548.989990234375,537.6756591796875,65509100,0.0,0.0
2024-07-22,553.0,555.27001953125,551.02001953125,554.6500244140625,543.2190551757812,43346700,0.0,0.0
2024-07-23,554.5399780273438,556.739990234375,553.280029296875,553.780029296875,542.3670043945312,34439600,0.0,0.0
2024-07-24,548.8599853515625,549.1699829101562,540.2899780273438,541.22998046875,530.0756225585938,74515300,0.0,0.0
2024-07-25,541.3499755859375,547.4600219726562,537.4500122070312,538.4099731445312,527.313720703125,61158300,0.0,0.0
2024-07-26,542.280029296875,547.1900024414062,541.489990234375,544.4400024414062,533.2194213867188,53763800,0.0,0.0
2024-07-29,546.02001953125,547.0499877929688,542.719970703125,544.760009765625,533.5328369140625,39515800,0.0,0.0
2024-07-30,546.260009765625,547.3400268554688,538.52001953125,542.0,530.829833984375,46853600,0.0,0.0
2024-07-31,548.97998046875,553.5,547.5800170898438,550.8099975585938,539.458251953125,65663400,0.0,0.0
2024-08-01,552.5700073242188,554.8699951171875,539.4299926757812,543.010009765625,531.8189697265625,76428700,0.0,0.0
2024-08-02,535.75,536.989990234375,528.5999755859375,532.9000244140625,521.9173583984375,82789100,0.0,0.0
2024-08-05,511.6400146484375,523.5800170898438,510.2699890136719,517.3800048828125,506.7171630859375,146267400,0.0,0.0
2024-08-06,519.219970703125,529.75,517.8699951171875,522.1500244140625,511.3889465332031,84826300,0.0,0.0
2024-08-07,528.469970703125,531.5900268554688,518.0499877929688,518.6599731445312,507.970703125,70698300,0.0,0.0
2024-08-08,523.9099731445312,531.2899780273438,521.8400268554688,530.6500244140625,519.7136840820312,63276600,0.0,0.0
2024-08-09,529.8099975585938,534.510009765625,528.5599975585938,532.989990234375,522.0054321289062,45619600,0.0,0.0
2024-08-12,534.2100219726562,535.72998046875,530.9500122070312,533.27001953125,522.2797241210938,42542100,0.0,0.0
2024-08-13,536.530029296875,542.280029296875,536.280029296875,542.0399780273438,530.8689575195312,52333100,0.0,0.0
2024-08-14,542.8499755859375,544.9600219726562,540.1199951171875,543.75,532.5436401367188,42446900,0.0,0.0
2024-08-15,549.5,553.3599853515625,548.8800048828125,553.0700073242188,541.671630859375,60846800,0.0,0.0
2024-08-16,551.4199829101562,555.02001953125,551.260009765625,554.3099975585938,542.8860473632812,44430700,0.0,0.0
2024-08-19,554.72998046875,559.6099853515625,553.8599853515625,559.6099853515625,548.0767822265625,39121800,0.0,0.0
2024-08-20,559.1500244140625,560.8400268554688,557.3300170898438,558.7000122070312,547.185546875,33732300,0.0,0.0
2024-08-21,559.77001953125,562.1099853515625,554.72998046875,560.6199951171875,549.0661010742188,41514600,0.0,0.0
2024-08-22,562.5599975585938,563.1799926757812,554.97998046875,556.219970703125,544.7566528320312,56121500,0.0,0.0
2024-08-23,559.530029296875,563.0900268554688,557.2899780273438,562.1300048828125,550.544921875,50639400,0.0,0.0
2024-08-26,563.1799926757812,563.9099731445312,559.0499877929688,560.7899780273438,549.2325439453125,35788600,0.0,0.0
2024-08-27,559.489990234375,562.0599975585938,558.3200073242188,561.5599975585938,549.9866943359375,32693900,0.0,0.0
2024-08-28,561.2100219726562,561.6500244140625,555.0399780273438,558.2999877929688,546.7938232421875,41066000,0.0,0.0
2024-08-29,560.3099975585938,563.6799926757812,557.1799926757812,558.3499755859375,546.8427734375,38715200,0.0,0.0
2024-08-30,560.77001953125,564.2000122070312,557.1400146484375,563.6799926757812,552.0629272460938,62700100,0.0,0.0
2024-09-03,560.469970703125,560.8099975585938,549.510009765625,552.0800170898438,540.7020263671875,60600100,0.0,0.0
2024-09-04,550.2000122070312,554.4299926757812,549.4600219726562,550.9500122070312,539.5953369140625,47224900,0.0,0.0
2024-09-05,550.8900146484375,553.7999877929688,547.0999755859375,549.6099853515625,538.2828979492188,44264300,0.0,0.0
2024-09-06,549.9400024414062,551.5999755859375,539.4400024414062,540.3599853515625,529.2235717773438,68493800,0.0,0.0
2024-09-09,544.6500244140625,547.7100219726562,542.6799926757812,546.4099731445312,535.1488647460938,40445800,0.0,0.0
2024-09-10,548.3599853515625,549.1500244140625,543.3800048828125,548.7899780273438,537.4797973632812,36394600,0.0,0.0
2024-09-11,548.7000122070312,555.3599853515625,539.9600219726562,554.4199829101562,542.9937744140625,75248600,0.0,0.0
2024-09-12,555.010009765625,559.4000244140625,552.739990234375,559.0900268554688,547.567626953125,51819600,0.0,0.0
2024-09-13,559.7100219726562,563.030029296875,559.4500122070312,562.010009765625,550.427490234375,39310500,0.0,0.0
2024-09-16,561.739990234375,563.1099853515625,559.9000244140625,562.8400268554688,551.2402954101562,36656100,0.0,0.0
2024-09-17,565.0999755859375,566.5800170898438,560.7899780273438,563.0700073242188,551.4655151367188,49321000,0.0,0.0
2024-09-18,563.739990234375,568.6900024414062,560.8300170898438,561.4000244140625,549.8300170898438,59044900,0.0,0.0
2024-09-19,571.010009765625,572.8800048828125,568.0800170898438,570.97998046875,559.2124633789062,75315500,0.0,0.0
2024-09-20,567.8400268554688,569.3099975585938,565.1699829101562,568.25,558.245849609375,77503100,1.746,0.0
2024-09-23,569.3400268554688,570.3300170898438,568.0999755859375,569.6699829101562,559.6408081054688,44116900,0.0,0.0
2024-09-24,570.47998046875,571.3599853515625,567.5999755859375,571.2999877929688,561.2421264648438,46805700,0.0,0.0
2024-09-25,571.1400146484375,571.8900146484375,568.9099731445312,570.0399780273438,560.0042724609375,38428600,0.0,0.0
2024-09-26,574.3800048828125,574.7100219726562,569.9000244140625,572.2999877929688,562.2244873046875,48336000,0.0,0.0
2024-09-27,573.3900146484375,574.219970703125,570.4199829101562,571.469970703125,561.4091796875,42100900,0.0,0.0
2024-09-30,570.4199829101562,574.3800048828125,568.0800170898438,573.760009765625,563.6588134765625,63557400,0.0,0.0
2024-10-01,573.4000244140625,574.0599975585938,566.0,568.6199951171875,558.6093139648438,72668800,0.0,0.0
2024-10-02,567.7100219726562,569.9000244140625,565.27001953125,568.8599853515625,558.8450927734375,38097800,0.0,0.0
2024-10-03,567.3599853515625,569.7999877929688,565.489990234375,567.8200073242188,557.8233642578125,40846500,0.0,0.0
2024-10-04,572.3499755859375,573.3599853515625,568.0999755859375,572.97998046875,562.892578125,42939100,0.0,0.0
2024-10-07,571.2999877929688,571.9600219726562,566.6300048828125,567.7999877929688,557.8037109375,49964700,0.0,0.0
2024-10-08,570.4199829101562,573.780029296875,569.530029296875,573.1699829101562,563.0792236328125,37398700,0.0,0.0
2024-10-09,573.1599731445312,577.7100219726562,572.5499877929688,577.1400146484375,566.9793090820312,37912200,0.0,0.0
2024-10-10,575.77001953125,577.5800170898438,574.489990234375,576.1300048828125,565.9871215820312,44138100,0.0,0.0
2024-10-11,576.0499877929688,580.3300170898438,575.9099731445312,579.5800170898438,569.3763427734375,42268000,0.0,0.0
2024-10-14,581.219970703125,585.27001953125,580.72998046875,584.3200073242188,574.0328369140625,36217200,0.0,0.0
2024-10-15,584.5900268554688,584.9000244140625,578.5399780273438,579.780029296875,569.5728759765625,54203600,0.0,0.0
2024-10-16,579.780029296875,582.8300170898438,578.9600219726562,582.2999877929688,572.0484619140625,30725400,0.0,0.0
2024-10-17,585.9099731445312,586.1199951171875,582.1599731445312,582.3499755859375,572.0975952148438,34393700,0.0,0.0
2024-10-18,584.0700073242188,585.3900146484375,582.5800170898438,584.5900268554688,574.2981567382812,37416800,0.0,0.0
2024-10-21,583.8499755859375,584.8499755859375,580.5999755859375,583.6300048828125,573.3550415039062,36439000,0.0,0.0
2024-10-22,581.0499877929688,584.5,580.3800048828125,583.3200073242188,573.050537109375,34183800,0.0,0.0
2024-10-23,581.260009765625,581.7100219726562,574.4199829101562,577.989990234375,567.8142700195312,49314600,0.0,0.0
2024-10-24,579.97998046875,580.0599975585938,576.5700073242188,579.239990234375,569.0422973632812,34979900,0.0,0.0
2024-10-25,581.510009765625,584.4600219726562,578.0800170898438,579.0399780273438,568.8458862304688,47268200,0.0,0.0
2024-10-28,582.5800170898438,582.7100219726562,580.52001953125,580.8300170898438,570.6043701171875,30174700,0.0,0.0
2024-10-29,579.8499755859375,582.9099731445312,578.4299926757812,581.77001953125,571.5279541015625,42899700,0.0,0.0
2024-10-30,581.2899780273438,583.3200073242188,579.2899780273438,580.010009765625,569.798828125,41435800,0.0,0.0
2024-10-31,575.5599975585938,575.6300048828125,568.4400024414062,568.6400146484375,558.6289672851562,60182500,0.0,0.0
2024-11-01,571.3200073242188,575.5499877929688,570.6199951171875,571.0399780273438,560.9866943359375,45667500,0.0,0.0
2024-11-04,571.1799926757812,572.5,567.8900146484375,569.8099975585938,559.7783203125,38217000,0.0,0.0
2024-11-05,570.739990234375,576.739990234375,570.52001953125,576.7000122070312,566.547119140625,39478300,0.0,0.0
2024-11-06,589.2000122070312,591.9299926757812,585.3900146484375,591.0399780273438,580.6345825195312,68182000,0.0,0.0
2024-11-07,593.0800170898438,596.6500244140625,593.0,595.6099853515625,585.1242065429688,47233200,0.0,0.0
2024-11-08,596.1699829101562,599.6400146484375,596.1699829101562,598.1900024414062,587.65869140625,46444900,0.0,0.0
2024-11-11,599.8099975585938,600.1699829101562,597.0,598.760009765625,588.2186889648438,37586800,0.0,0.0
2024-11-12,598.6799926757812,599.2899780273438,594.3699951171875,596.9000244140625,586.3914184570312,43006100,0.0,0.0
2024-11-13,597.3699951171875,599.22998046875,594.9600219726562,597.1900024414062,586.67626953125,47388600,0.0,0.0
2024-11-14,597.3200073242188,597.8099975585938,592.6500244140625,593.3499755859375,582.9039306640625,38904100,0.0,0.0
2024-11-15,589.719970703125,590.2000122070312,583.8599853515625,585.75,575.4376831054688,75988800,0.0,0.0
2024-11-18,586.219970703125,589.489990234375,585.3400268554688,588.1500244140625,577.7954711914062,37001700,0.0,0.0
2024-11-19,584.7100219726562,591.0399780273438,584.030029296875,590.2999877929688,579.9076538085938,49412000,0.0,0.0
2024-11-20,590.3800048828125,590.7899780273438,584.6300048828125,590.5,580.1041259765625,50032600,0.0,0.0
2024-11-21,593.4000244140625,595.1199951171875,587.4500122070312,593.6699829101562,583.21826171875,46750300,0.0,0.0
2024-11-22,593.6599731445312,596.1500244140625,593.1500244140625,595.510009765625,585.02587890625,38226400,0.0,0.0
2024-11-25,599.52001953125,600.8599853515625,595.2000122070312,597.530029296875,587.0103759765625,42441400,0.0,0.0
2024-11-26,598.7999877929688,601.3300170898438,598.0700073242188,600.6500244140625,590.075439453125,45621300,0.0,0.0
2024-11-27,600.4600219726562,600.8499755859375,597.280029296875,598.8300170898438,588.2875366210938,34000200,0.0,0.0
2024-11-29,599.6599731445312,603.3499755859375,599.3800048828125,602.5499877929688,591.9419555664062,30177400,0.0,0.0
2024-12-02,602.969970703125,604.3200073242188,602.469970703125,603.6300048828125,593.0028686523438,31746000,0.0,0.0
2024-12-03,603.3900146484375,604.1599731445312,602.3400268554688,603.9099731445312,593.278076171875,26906600,0.0,0.0
2024-12-04,605.6300048828125,607.9099731445312,604.9500122070312,607.6599731445312,596.9619750976562,42787600,0.0,0.0
2024-12-05,607.6599731445312,608.47998046875,606.2999877929688,606.6599731445312,595.9795532226562,28762200,0.0,0.0
2024-12-06,607.4400024414062,609.0700073242188,607.02001953125,607.8099975585938,597.1094360351562,31241500,0.0,0.0
2024-12-09,607.6900024414062,607.8599853515625,604.0800170898438,604.6799926757812,594.0344848632812,34742700,0.0,0.0
2024-12-10,605.3699951171875,605.7999877929688,602.1300048828125,602.7999877929688,592.1876220703125,37234500,0.0,0.0
2024-12-11,605.780029296875,608.4299926757812,605.5,607.4600219726562,596.7655029296875,28677700,0.0,0.0
2024-12-12,606.5800170898438,607.1599731445312,604.3300170898438,604.3300170898438,593.690673828125,31543800,0.0,0.0
2024-12-13,606.4000244140625,607.1300048828125,602.8099975585938,604.2100219726562,593.57275390625,35904700,0.0,0.0
2024-12-16,606.0,607.780029296875,605.2100219726562,606.7899780273438,596.1072387695312,43695200,0.0,0.0
2024-12-17,604.1900024414062,605.1699829101562,602.8900146484375,604.2899780273438,593.6513671875,55773500,0.0,0.0
2024-12-18,603.97998046875,606.4099731445312,585.8900146484375,586.280029296875,575.9584350585938,108248700,0.0,0.0
2024-12-19,591.3599853515625,593.0,585.8499755859375,586.0999755859375,575.7815551757812,85919500,0.0,0.0
2024-12-20,581.77001953125,595.75,580.9099731445312,591.1500244140625,582.697265625,125716700,1.966,0.0
2024-12-23,590.8900146484375,595.2999877929688,587.6599731445312,594.6900024414062,586.1867065429688,57635800,0.0,0.0
2024-12-24,596.0599975585938,601.3400268554688,595.469970703125,601.2999877929688,592.7021484375,33160100,0.0,0.0
2024-12-26,599.5,602.47998046875,598.0800170898438,601.3400268554688,592.7415771484375,41219100,0.0,0.0
2024-12-27,597.5399780273438,597.780029296875,590.760009765625,595.010009765625,586.5020141601562,64969300,0.0,0.0
2024-12-30,587.8900146484375,591.739990234375,584.4099731445312,588.219970703125,579.8092041015625,56578800,0.0,0.0
2024-12-31,589.9099731445312,590.6400146484375,584.4199829101562,586.0800170898438,577.6998291015625,57052700,0.0,0.0
2025-01-02,589.3900146484375,591.1300048828125,580.5,584.6400146484375,576.2803344726562,50204000,0.0,0.0
2025-01-03,587.530029296875,592.5999755859375,586.4299926757812,591.9500122070312,583.4857788085938,37888500,0.0,0.0
2025-01-06,596.27001953125,599.7000122070312,593.5999755859375,595.3599853515625,586.8471069335938,47679400,0.0,0.0
2025-01-07,597.4199829101562,597.75,586.780029296875,588.6300048828125,580.2133178710938,60393100,0.0,0.0
2025-01-08,588.7000122070312,590.5800170898438,585.2000122070312,589.489990234375,581.0609741210938,47304700,0.0,0.0
2025-01-10,585.8800048828125,585.9500122070312,578.5499877929688,580.489990234375,572.1896362304688,73105000,0.0,0.0
2025-01-13,575.77001953125,581.75,575.3499755859375,581.3900146484375,573.0768432617188,47910100,0.0,0.0
2025-01-14,584.3599853515625,585.0,578.3499755859375,582.1900024414062,573.8653564453125,48420600,0.0,0.0
2025-01-15,590.3300170898438,593.9400024414062,589.2000122070312,592.780029296875,584.3040161132812,56900200,0.0,0.0
2025-01-16,594.1699829101562,594.3499755859375,590.9299926757812,591.6400146484375,583.1802368164062,43319700,0.0,0.0
2025-01-17,596.9600219726562,599.3599853515625,595.6099853515625,597.5800170898438,589.035400390625,58070600,0.0,0.0
2025-01-21,600.6699829101562,603.0599975585938,598.6699829101562,603.0499877929688,594.4270629882812,42532900,0.0,0.0
2025-01-22,605.9199829101562,607.8200073242188,605.3599853515625,606.4400024414062,597.7686767578125,48196000,0.0,0.0
2025-01-23,605.7999877929688,609.75,605.52001953125,609.75,601.0313110351562,41152100,0.0,0.0
2025-01-24,609.8099975585938,610.780029296875,606.7999877929688,607.969970703125,599.2767333984375,34604700,0.0,0.0
2025-01-27,594.8099975585938,599.6900024414062,594.6400146484375,599.3699951171875,590.7996826171875,70361100,0.0,0.0
2025-01-28,600.6199951171875,605.3699951171875,597.25,604.52001953125,595.8760375976562,44433300,0.0,0.0
2025-01-29,603.719970703125,604.1300048828125,599.219970703125,601.8099975585938,593.204833984375,37177400,0.0,0.0
2025-01-30,603.9600219726562,606.5999755859375,600.719970703125,605.0399780273438,596.3886108398438,39281300,0.0,0.0
2025-01-31,607.5,609.9600219726562,601.0499877929688,601.8200073242188,593.2147216796875,66566900,0.0,0.0
2025-02-03,592.6699829101562,600.2899780273438,590.489990234375,597.77001953125,589.22265625,65857200,0.0,0.0
2025-02-04,597.8300170898438,602.2999877929688,597.280029296875,601.780029296875,593.1752319335938,33457800,0.0,0.0
2025-02-05,600.6400146484375,604.3699951171875,598.5800170898438,604.219970703125,595.5803833007812,30653100,0.0,0.0
2025-02-06,605.989990234375,606.4500122070312,602.6300048828125,606.3200073242188,597.6502685546875,35771500,0.0,0.0
2025-02-07,606.8900146484375,608.1300048828125,600.0499877929688,600.77001953125,592.1796875,50788500,0.0,0.0
2025-02-10,604.030029296875,605.5,602.739990234375,604.8499755859375,596.2013549804688,26048700,0.0,0.0
2025-02-11,602.5499877929688,605.8599853515625,602.4299926757812,605.3099975585938,596.65478515625,30056700,0.0,0.0
2025-02-12,599.2000122070312,604.5499877929688,598.510009765625,603.3599853515625,594.732666015625,45076100,0.0,0.0
2025-02-13,604.47998046875,609.9400024414062,603.2000122070312,609.72998046875,601.0115966796875,40921300,0.0,0.0
2025-02-14,609.9400024414062,610.989990234375,609.0700073242188,609.7000122070312,600.9820556640625,26910400,0.0,0.0
2025-02-18,610.8800048828125,611.489990234375,608.3800048828125,611.489990234375,602.7463989257812,26749000,0.0,0.0
2025-02-19,610.0800170898438,613.22998046875,609.5599975585938,612.9299926757812,604.165771484375,31011100,0.0,0.0
2025-02-20,611.5399780273438,611.6799926757812,607.02001953125,610.3800048828125,601.65234375,36554000,0.0,0.0
2025-02-21,610.1599731445312,610.2999877929688,599.469970703125,599.9400024414062,591.361572265625,76519800,0.0,0.0
2025-02-24,602.02001953125,603.030029296875,596.489990234375,597.2100219726562,588.6705932617188,50737200,0.0,0.0
2025-02-25,597.1500244140625,597.8900146484375,589.5599975585938,594.239990234375,585.7431030273438,58266500,0.0,0.0
2025-02-26,595.9299926757812,599.5800170898438,591.8599853515625,594.5399780273438,586.0387573242188,43321600,0.0,0.0
2025-02-27,596.8499755859375,598.02001953125,584.6500244140625,585.0499877929688,576.6844482421875,74196700,0.0,0.0
2025-02-28,585.5599975585938,594.719970703125,582.4400024414062,594.1799926757812,585.6838989257812,88744100,0.0,0.0
2025-03-03,596.1799926757812,597.3400268554688,579.9000244140625,583.77001953125,575.4228515625,74249200,0.0,0.0
2025-03-04,579.7100219726562,585.3900146484375,572.25,576.8599853515625,568.611572265625,109648200,0.0,0.0
2025-03-05,576.6900024414062,584.8800048828125,573.0800170898438,583.0599975585938,574.7229614257812,71230500,0.0,0.0
2025-03-06,575.47998046875,580.1699829101562,570.1199951171875,572.7100219726562,564.52099609375,80094900,0.0,0.0
2025-03-07,570.9000244140625,577.3900146484375,565.6300048828125,575.9199829101562,567.6849975585938,81158800,0.0,0.0
2025-03-10,567.5900268554688,569.5399780273438,555.5900268554688,560.5800170898438,552.5643920898438,99326600,0.0,0.0
2025-03-11,559.4000244140625,564.02001953125,552.02001953125,555.9199829101562,547.9710693359375,88102100,0.0,0.0
2025-03-12,562.1699829101562,563.1099853515625,553.6900024414062,558.8699951171875,550.8787841796875,69588200,0.0,0.0
2025-03-13,558.489990234375,559.1099853515625,549.6799926757812,551.4199829101562,543.5353393554688,74079400,0.0,0.0
2025-03-14,556.1099853515625,563.8300170898438,551.489990234375,562.8099975585938,554.7625122070312,62660300,0.0,0.0
2025-03-17,562.7899780273438,569.7100219726562,562.3499755859375,567.1500244140625,559.0404052734375,49008700,0.0,0.0
2025-03-18,564.7999877929688,565.02001953125,559.0599975585938,561.02001953125,552.998046875,66041400,0.0,0.0
2025-03-19,562.8300170898438,570.9500122070312,561.6300048828125,567.1300048828125,559.0206909179688,66556000,0.0,0.0
2025-03-20,563.3300170898438,570.5700073242188,562.5999755859375,565.489990234375,557.4042358398438,62958200,0.0,0.0
2025-03-21,559.280029296875,564.8900146484375,558.030029296875,563.97998046875,557.5880126953125,83763000,1.696,0.0
2025-03-24,570.7999877929688,575.1500244140625,570.2000122070312,574.0800170898438,567.5736083984375,58766800,0.0,0.0
2025-03-25,575.2999877929688,576.4099731445312,573.6900024414062,575.4600219726562,568.9379272460938,38355700,0.0,0.0
2025-03-26,575.1900024414062,576.3300170898438,567.1900024414062,568.5900268554688,562.1458129882812,51848300,0.0,0.0
2025-03-27,567.1799926757812,570.9000244140625,564.9400024414062,567.0800170898438,560.6528930664062,42164200,0.0,0.0
2025-03-28,565.530029296875,566.27001953125,555.0700073242188,555.6599731445312,549.3623046875,71662700,0.0,0.0
2025-03-31,549.8300170898438,560.7100219726562,546.8699951171875,559.3900146484375,553.0501098632812,95328200,0.0,0.0
2025-04-01,557.4500122070312,562.9400024414062,553.6799926757812,560.969970703125,554.6121215820312,54609600,0.0,0.0
2025-04-02,555.0499877929688,567.4199829101562,554.8099975585938,564.52001953125,558.1219482421875,76014500,0.0,0.0
2025-04-03,545.1099853515625,547.969970703125,536.7000122070312,536.7000122070312,530.6172485351562,125986000,0.0,0.0
2025-04-04,523.6699829101562,525.8699951171875,505.05999755859375,505.2799987792969,499.5533447265625,217965100,0.0,0.0
2025-04-07,489.1900024414063,523.1699829101562,481.7999877929688,504.3800048828125,498.66357421875,256611400,0.0,0.0
2025-04-08,521.8599853515625,524.97998046875,489.1600036621094,496.4800109863281,490.8530883789063,165816600,0.0,0.0
2025-04-09,493.4400024414063,548.6199951171875,493.0499877929688,548.6199951171875,542.402099609375,241867300,0.0,0.0
2025-04-10,532.1699829101562,533.5,509.3200073242188,524.5800170898438,518.6346435546875,162331200,0.0,0.0
2025-04-11,523.010009765625,536.4299926757812,520.0700073242188,533.9400024414062,527.8885498046875,97866300,0.0,0.0
2025-04-14,544.0499877929688,544.280029296875,533.8599853515625,539.1199951171875,533.0098266601562,68034000,0.0,0.0
2025-04-15,539.6699829101562,543.22998046875,536.8099975585938,537.6099853515625,531.5169677734375,56892900,0.0,0.0
2025-04-16,531.6799926757812,537.8900146484375,520.2899780273438,525.6599731445312,519.7023315429688,83484800,0.0,0.0
2025-04-17,527.6400146484375,531.1699829101562,523.9099731445312,526.4099731445312,520.44384765625,79868100,0.0,0.0
2025-04-21,521.1599731445312,521.7000122070312,508.4599914550781,513.8800048828125,508.0558471679688,69368100,0.0,0.0
2025-04-22,520.1400146484375,529.2999877929688,519.1900024414062,527.25,521.2743530273438,75948100,0.0,0.0
2025-04-23,540.4299926757812,545.4299926757812,533.8800048828125,535.4199829101562,529.3517456054688,90590700,0.0,0.0
2025-04-24,536.719970703125,547.4299926757812,535.4500122070312,546.6900024414062,540.4940795898438,64150400,0.0,0.0
2025-04-25,546.6500244140625,551.0499877929688,543.6900024414062,550.6400146484375,544.3992919921875,61119600,0.0,0.0
2025-04-28,551.3900146484375,553.5499877929688,545.02001953125,550.8499755859375,544.6068725585938,47613800,0.0,0.0
2025-04-29,548.9099731445312,555.4500122070312,548.5499877929688,554.3200073242188,548.0375366210938,47775100,0.0,0.0
2025-04-30,547.5700073242188,556.52001953125,541.52001953125,554.5399780273438,548.2550659179688,93101500,0.0,0.0
2025-05-01,560.3699951171875,564.0700073242188,557.8599853515625,558.469970703125,552.1404418945312,63186100,0.0,0.0
2025-05-02,564.72998046875,568.3800048828125,562.3800048828125,566.760009765625,560.3365478515625,60717300,0.0,0.0
2025-05-05,562.5700073242188,566.6500244140625,561.7000122070312,563.510009765625,557.1233520507812,38659200,0.0,0.0
2025-05-06,557.9299926757812,563.3499755859375,556.9600219726562,558.7999877929688,552.466796875,48264700,0.0,0.0
2025-05-07,560.1500244140625,563.8200073242188,556.0399780273438,561.1500244140625,554.7901000976562,55588000,0.0,0.0
2025-05-08,565.239990234375,570.3099975585938,561.7000122070312,565.0599975585938,558.6558227539062,65130800,0.0,0.0
2025-05-09,566.47998046875,567.5,562.760009765625,564.3400268554688,557.9439697265625,37603400,0.0,0.0
2025-05-12,581.469970703125,583.0,577.0399780273438,582.989990234375,576.382568359375,78993600,0.0,0.0
2025-05-13,583.4099731445312,589.0800170898438,582.8400268554688,586.8400268554688,580.18896484375,67947200,0.0,0.0
2025-05-14,587.8099975585938,588.97998046875,585.5399780273438,587.5900268554688,580.9304809570312,66283500,0.0,0.0
2025-05-15,585.5599975585938,590.969970703125,585.0999755859375,590.4600219726562,583.7679443359375,71268100,0.0,0.0
2025-05-16,591.25,594.5,589.280029296875,594.2000122070312,587.465576171875,76052100,0.0,0.0
2025-05-19,588.0999755859375,595.5399780273438,588.0999755859375,594.8499755859375,588.1082153320312,68168500,0.0,0.0
2025-05-20,593.0900268554688,594.0499877929688,589.5999755859375,592.8499755859375,586.1307983398438,60614500,0.0,0.0
2025-05-21,588.4400024414062,592.5800170898438,581.8200073242188,582.8599853515625,576.2540893554688,95197700,0.0,0.0
2025-05-22,582.6599731445312,586.6199951171875,581.4099731445312,583.0900268554688,576.4815063476562,70860400,0.0,0.0
2025-05-23,575.97998046875,581.8099975585938,575.5999755859375,579.1099853515625,572.5465087890625,76029000,0.0,0.0
2025-05-27,586.0700073242188,591.3099975585938,578.4299926757812,591.1500244140625,584.4501342773438,72588500,0.0,0.0
2025-05-28,591.5599975585938,592.77001953125,586.989990234375,587.72998046875,581.0689086914062,68445500,0.0,0.0
2025-05-29,593.0599975585938,593.2000122070312,586.0700073242188,590.0499877929688,583.362548828125,69973300,0.0,0.0
2025-05-30,588.9299926757812,591.1300048828125,583.239990234375,589.3900146484375,582.7101440429688,90601200,0.0,0.0
2025-06-02,587.760009765625,592.7899780273438,585.0599975585938,592.7100219726562,585.992431640625,61630500,0.0,0.0
2025-06-03,592.3400268554688,597.0800170898438,591.8499755859375,596.0900268554688,589.3341674804688,63606200,0.0,0.0
2025-06-04,596.9600219726562,597.9500122070312,595.489990234375,595.9299926757812,589.1759643554688,57314200,0.0,0.0
2025-06-05,597.6300048828125,599.0,591.0499877929688,593.0499877929688,586.3285522460938,92278700,0.0,0.0
2025-06-06,598.6599731445312,600.8300170898438,596.8599853515625,599.1400146484375,592.349609375,66588700,0.0,0.0
2025-06-09,599.719970703125,601.25,598.489990234375,599.6799926757812,592.8834228515625,53016400,0.0,0.0
2025-06-10,600.219970703125,603.469970703125,599.0900268554688,603.0800170898438,596.2449340820312,66247000,0.0,0.0
2025-06-11,604.1900024414062,605.0599975585938,599.27001953125,601.3599853515625,594.5443725585938,73658200,0.0,0.0
2025-06-12,600.010009765625,603.75,599.52001953125,603.75,596.9072875976562,64129000,0.0,0.0
2025-06-13,598.5,601.8499755859375,595.47998046875,597.0,590.2338256835938,89506000,0.0,0.0
2025-06-16,600.4000244140625,604.4500122070312,600.219970703125,602.6799926757812,595.8494873046875,79984100,0.0,0.0
2025-06-17,600.2100219726562,601.75,596.760009765625,597.530029296875,590.7578125,82209400,0.0,0.0
2025-06-18,598.4400024414062,601.219970703125,596.469970703125,597.4400024414062,590.6688232421875,76605000,0.0,0.0
2025-06-20,598.3800048828125,599.4600219726562,592.8599853515625,594.280029296875,589.2816162109375,94051400,1.761,0.0
2025-06-23,595.0399780273438,600.5399780273438,591.8900146484375,600.1500244140625,595.1022338867188,87426000,0.0,0.0
2025-06-24,604.3300170898438,607.8499755859375,603.4099731445312,606.780029296875,601.676513671875,67735300,0.0,0.0
2025-06-25,607.9099731445312,608.6099853515625,605.5399780273438,607.1199951171875,602.0136108398438,62114800,0.0,0.0
2025-06-26,608.989990234375,612.3099975585938,608.3699951171875,611.8699951171875,606.7236328125,78548400,0.0,0.0
2025-06-27,612.8800048828125,616.3900146484375,610.8300170898438,614.9099731445312,609.7380981445312,86258400,0.0,0.0
2025-06-30,617.3800048828125,619.219970703125,615.0399780273438,617.8499755859375,612.6533813476562,92502500,0.0,0.0
2025-07-01,616.3599853515625,618.8300170898438,615.52001953125,617.6500244140625,612.455078125,70030100,0.0,0.0
2025-07-02,617.239990234375,620.489990234375,616.6099853515625,620.4500122070312,615.2315063476562,66510400,0.0,0.0
2025-07-03,622.4500122070312,626.280029296875,622.4299926757812,625.3400268554688,620.0803833007812,51065800,0.0,0.0
2025-07-07,623.3599853515625,624.030029296875,617.8699951171875,620.6799926757812,615.4595336914062,74814500,0.0,0.0
2025-07-08,621.3499755859375,622.1099853515625,619.52001953125,620.3400268554688,615.1224365234375,59024600,0.0,0.0
2025-07-09,622.77001953125,624.719970703125,620.9099731445312,624.0599975585938,618.8110961914062,66113300,0.0,0.0
2025-07-10,624.2000122070312,626.8699951171875,623.010009765625,625.8200073242188,620.5563354492188,57529000,0.0,0.0
2025-07-11,622.739990234375,624.8599853515625,621.530029296875,623.6199951171875,618.3748168945312,63670200,0.0,0.0
2025-07-14,623.1599731445312,625.1599731445312,621.7999877929688,624.8099975585938,619.5548095703125,51898500,0.0,0.0
2025-07-15,627.52001953125,627.8599853515625,622.0599975585938,622.1400146484375,616.9072875976562,74317300,0.0,0.0
2025-07-16,623.739990234375,624.72998046875,618.0499877929688,624.219970703125,618.9697265625,88987500,0.0,0.0
2025-07-17,624.4000244140625,628.4000244140625,624.1799926757812,628.0399780273438,622.7576293945312,68885700,0.0,0.0
2025-07-18,629.2999877929688,629.469970703125,626.4600219726562,627.5800170898438,622.3014526367188,65621600,0.0,0.0
2025-07-21,628.77001953125,631.5399780273438,628.3400268554688,628.77001953125,623.4815063476562,63375000,0.0,0.0
2025-07-22,629.0999755859375,629.72998046875,626.1900024414062,628.8599853515625,623.5707397460938,60046300,0.0,0.0
2025-07-23,631.5499877929688,634.2100219726562,629.72998046875,634.2100219726562,628.8757934570312,70511000,0.0,0.0
2025-07-24,634.5999755859375,636.1500244140625,633.989990234375,634.4199829101562,629.0839233398438,71307100,0.0,0.0
2025-07-25,635.0900268554688,637.5800170898438,634.8400268554688,637.0999755859375,631.7413940429688,56865400,0.0,0.0
2025-07-28,637.47998046875,638.0399780273438,635.5399780273438,636.9400024414062,631.5828247070312,54917100,0.0,0.0
2025-07-29,638.3499755859375,638.6699829101562,634.3400268554688,635.260009765625,629.9169311523438,60556300,0.0,0.0
2025-07-30,635.9199829101562,637.6799926757812,631.5399780273438,634.4600219726562,629.1236572265625,80418900,0.0,0.0
2025-07-31,639.4600219726562,639.8499755859375,630.77001953125,632.0800170898438,626.763671875,103385200,0.0,0.0
2025-08-01,626.2999877929688,626.3400268554688,619.2899780273438,621.719970703125,616.4907836914062,140103600,0.0,0.0
2025-08-04,625.6699829101562,631.219970703125,625.5800170898438,631.1699829101562,625.8612670898438,73218000,0.0,0.0
2025-08-05,631.7899780273438,632.6099853515625,627.0399780273438,627.969970703125,622.688232421875,68051400,0.0,0.0
2025-08-06,629.0499877929688,633.4400024414062,628.1300048828125,632.780029296875,627.457763671875,64357500,0.0,0.0
2025-08-07,636.239990234375,636.97998046875,629.1099853515625,632.25,626.9321899414062,74205800,0.0,0.0
2025-08-08,634.0599975585938,637.6500244140625,633.739990234375,637.1799926757812,631.82080078125,64051600,0.0,0.0
2025-08-11,637.4600219726562,638.9500122070312,634.6599731445312,635.9199829101562,630.5713500976562,58742300,0.0,0.0
2025-08-12,638.2899780273438,642.8499755859375,636.7899780273438,642.6900024414062,637.284423828125,64730800,0.0,0.0
2025-08-13,644.9099731445312,646.1900024414062,642.6799926757812,644.8900146484375,639.4658813476562,60092800,0.0,0.0
2025-08-14,642.7899780273438,645.6199951171875,642.3400268554688,644.9500122070312,639.5254516601562,59327500,0.0,0.0
2025-08-15,645.989990234375,646.0900268554688,642.52001953125,643.4400024414062,638.0281372070312,68592500,0.0,0.0
2025-08-18,642.8599853515625,644.0,642.1799926757812,643.2999877929688,637.8892822265625,43804900,0.0,0.0
2025-08-19,643.1199951171875,644.1099853515625,638.47998046875,639.8099975585938,634.4286499023438,69750700,0.0,0.0
2025-08-20,639.4000244140625,639.6599731445312,632.9500122070312,638.1099853515625,632.7429809570312,88890300,0.0,0.0
2025-08-21,636.280029296875,637.969970703125,633.8099975585938,635.5499877929688,630.2044677734375,54805800,0.0,0.0
2025-08-22,637.760009765625,646.5,637.25,645.3099975585938,639.88232421875,84083200,0.0,0.0
2025-08-25,644.0399780273438,645.2899780273438,642.3499755859375,642.469970703125,637.0662841796875,51274300,0.0,0.0
2025-08-26,642.2000122070312,645.510009765625,641.5700073242188,645.1599731445312,639.7335815429688,51581600,0.0,0.0
2025-08-27,644.5700073242188,647.3699951171875,644.4199829101562,646.6300048828125,641.1912841796875,48341100,0.0,0.0
2025-08-28,647.239990234375,649.47998046875,645.3400268554688,648.9199829101562,643.4619750976562,61519500,0.0,0.0
2025-08-29,647.469970703125,647.8400268554688,643.1400146484375,645.0499877929688,639.6245727539062,74522200,0.0,0.0
2025-09-02,637.5,640.489990234375,634.9199829101562,640.27001953125,634.884765625,81983500,0.0,0.0
2025-09-03,642.6699829101562,644.2100219726562,640.4600219726562,643.739990234375,638.3255615234375,70820900,0.0,0.0
2025-09-04,644.4199829101562,649.1500244140625,643.510009765625,649.1199951171875,643.6602783203125,65219200,0.0,0.0
2025-09-05,651.47998046875,652.2100219726562,643.3300170898438,647.239990234375,641.796142578125,85178900,0.0,0.0
2025-09-08,648.6199951171875,649.8400268554688,647.22998046875,648.8300170898438,643.3727416992188,63133100,0.0,0.0
2025-09-09,648.969970703125,650.8599853515625,647.219970703125,650.3300170898438,644.8601684570312,66133900,0.0,0.0
2025-09-10,653.6199951171875,654.5499877929688,650.6300048828125,652.2100219726562,646.724365234375,78034500,0.0,0.0
2025-09-11,654.1799926757812,658.3300170898438,653.5900268554688,657.6300048828125,652.0988159179688,69934400,0.0,0.0
2025-09-12,657.5999755859375,659.1099853515625,656.9000244140625,657.4099731445312,651.8805541992188,72780100,0.0,0.0
2025-09-15,659.6400146484375,661.0399780273438,659.3400268554688,660.9099731445312,655.3511352539062,63772400,0.0,0.0
2025-09-16,661.469970703125,661.780029296875,659.2100219726562,660.0,654.4488525390625,61169000,0.0,0.0
2025-09-17,660.010009765625,661.719970703125,654.2999877929688,659.1799926757812,653.6356811523438,101952200,0.0,0.0
2025-09-18,661.8900146484375,664.8900146484375,660.27001953125,662.260009765625,656.6898803710938,90459200,0.0,0.0
2025-09-19,662.3300170898438,664.5499877929688,660.3699951171875,663.7000122070312,659.9423217773438,97945600,1.831,0.0
2025-09-22,662.2000122070312,667.2899780273438,662.1699829101562,666.8400268554688,663.0645751953125,69452200,0.0,0.0
2025-09-23,666.719970703125,667.3400268554688,661.97998046875,663.2100219726562,659.4551391601562,81708900,0.0,0.0
2025-09-24,664.510009765625,664.6099853515625,659.6699829101562,661.0999755859375,657.3569946289062,68082200,0.0,0.0
2025-09-25,657.9400024414062,659.4099731445312,654.4099731445312,658.0499877929688,654.3242797851562,89622100,0.0,0.0
2025-09-26,659.510009765625,662.3699951171875,657.8800048828125,661.8200073242188,658.072998046875,69179200,0.0,0.0
2025-09-29,664.3599853515625,665.280029296875,661.8599853515625,663.6799926757812,659.9224243164062,73499000,0.0,0.0
2025-09-30,662.9299926757812,666.6500244140625,661.6099853515625,666.1799926757812,662.4082641601562,86288000,0.0,0.0
2025-10-01,663.1699829101562,669.3699951171875,663.0599975585938,668.4500122070312,664.6654052734375,72545400,0.0,0.0
2025-10-02,670.4500122070312,670.5700073242188,666.780029296875,669.219970703125,665.4309692382812,56896000,0.0,0.0
2025-10-03,669.989990234375,672.6799926757812,668.1599731445312,669.2100219726562,665.421142578125,70494400,0.0,0.0
2025-10-06,671.6199951171875,672.510009765625,669.4600219726562,671.6099853515625,667.8074951171875,54623300,0.0,0.0
2025-10-07,672.5399780273438,672.989990234375,667.6699829101562,669.1199951171875,665.3316040039062,72020100,0.0,0.0
2025-10-08,670.25,673.2100219726562,669.4199829101562,673.1099853515625,669.2990112304688,60702200,0.0,0.0
2025-10-09,673.530029296875,673.9400024414062,669.2100219726562,671.1599731445312,667.3600463867188,66501900,0.0,0.0
2025-10-10,672.1300048828125,673.9500122070312,652.8400268554688,653.02001953125,649.32275390625,159422600,0.0,0.0
2025-10-13,660.6500244140625,665.1300048828125,659.77001953125,663.0399780273438,659.2860107421875,79560500,0.0,0.0
2025-10-14,657.1699829101562,665.8300170898438,653.1699829101562,662.22998046875,658.4805908203125,88779600,0.0,0.0
2025-10-15,666.8200073242188,670.22998046875,658.9299926757812,665.1699829101562,661.4039306640625,81702600,0.0,0.0
2025-10-16,666.8200073242188,668.7100219726562,657.1099853515625,660.6400146484375,656.8995971679688,110563300,0.0,0.0
2025-10-17,659.5,665.760009765625,658.1400146484375,664.3900146484375,660.62841796875,96500900,0.0,0.0
2025-10-20,667.3200073242188,672.2100219726562,667.27001953125,671.2999877929688,667.499267578125,60493400,0.0,0.0
2025-10-21,671.4400024414062,672.989990234375,669.97998046875,671.2899780273438,667.4893188476562,56249000,0.0,0.0
2025-10-22,672.0,672.0,663.2999877929688,667.7999877929688,664.0191040039062,80564000,0.0,0.0
2025-10-23,668.1199951171875,672.7100219726562,667.7999877929688,671.760009765625,667.9566650390625,65604500,0.0,0.0
2025-10-24,676.4600219726562,678.469970703125,675.6500244140625,677.25,673.4155883789062,74356500,0.0,0.0
2025-10-27,682.72998046875,685.5399780273438,682.1199951171875,685.239990234375,681.3603515625,63339800,0.0,0.0
2025-10-28,687.0499877929688,688.9099731445312,684.8300170898438,687.0599975585938,683.1700439453125,61738100,0.0,0.0
2025-10-29,688.719970703125,689.7000122070312,682.8699951171875,687.3900146484375,683.4982299804688,85657100,0.0,0.0
2025-10-30,683.9000244140625,685.9400024414062,679.8300170898438,679.8300170898438,675.9810180664062,76335800,0.0,0.0
2025-10-31,685.0399780273438,685.0800170898438,679.239990234375,682.0599975585938,678.1983032226562,87164100,0.0,0.0
2025-11-03,685.6699829101562,685.7999877929688,679.9400024414062,683.3400268554688,679.4711303710938,57315000,0.0,0.0
2025-11-04,676.1099853515625,679.9600219726562,674.5800170898438,675.239990234375,671.4169921875,78427000,0.0,0.0
2025-11-05,674.97998046875,680.8599853515625,674.1699829101562,677.5800170898438,673.7437133789062,74402400,0.0,0.0
2025-11-06,676.469970703125,677.3800048828125,668.719970703125,670.3099975585938,666.514892578125,85035300,0.0,0.0
2025-11-07,667.9099731445312,671.0800170898438,661.2100219726562,670.969970703125,667.1710815429688,100592400,0.0,0.0
2025-11-10,677.239990234375,682.1799926757812,675.030029296875,681.4400024414062,677.5818481445312,75842900,0.0,0.0
2025-11-11,679.9500122070312,683.5700073242188,678.72998046875,683.0,679.1329956054688,58953400,0.0,0.0
2025-11-12,684.7899780273438,684.9600219726562,680.9500122070312,683.3800048828125,679.5109252929688,62312500,0.0,0.0
2025-11-13,680.5,680.8599853515625,670.52001953125,672.0399780273438,668.235107421875,103457800,0.0,0.0
2025-11-14,665.3800048828125,675.6599731445312,663.27001953125,671.9299926757812,668.1256713867188,96846700,0.0,0.0
2025-11-17,669.7000122070312,673.7100219726562,662.1699829101562,665.6699829101562,661.901123046875,90456100,0.0,0.0
2025-11-18,662.0999755859375,665.1199951171875,655.8599853515625,660.0800170898438,656.3427734375,114467500,0.0,0.0
2025-11-19,660.780029296875,667.3400268554688,658.75,662.6300048828125,658.8783569335938,94703000,0.0,0.0
2025-11-20,672.9099731445312,675.5599975585938,651.8900146484375,652.530029296875,648.8355712890625,165293500,0.0,0.0
2025-11-21,655.0499877929688,664.5499877929688,650.8499755859375,659.030029296875,655.2987670898438,123956200,0.0,0.0
2025-11-24,662.6900024414062,670.0599975585938,661.5900268554688,668.72998046875,664.9437866210938,80437900,0.0,0.0
2025-11-25,668.6300048828125,676.2100219726562,664.47998046875,675.02001953125,671.1982421875,81077100,0.0,0.0
2025-11-26,677.6300048828125,681.7000122070312,676.719970703125,679.6799926757812,675.8318481445312,71879600,0.0,0.0
2025-11-28,680.8599853515625,683.6699829101562,680.5,683.3900146484375,679.5208129882812,49212000,0.0,0.0
2025-12-01,678.8099975585938,682.989990234375,678.739990234375,680.27001953125,676.41845703125,61201200,0.0,0.0
2025-12-02,681.9199829101562,683.8200073242188,679.3300170898438,681.530029296875,677.67138671875,62953800,0.0,0.0
2025-12-03,680.5700073242188,684.9099731445312,679.6900024414062,683.8900146484375,680.0180053710938,57238500,0.0,0.0
2025-12-04,685.2999877929688,685.3699951171875,681.3400268554688,684.3900146484375,680.51513671875,61970300,0.0,0.0
2025-12-05,685.469970703125,688.3900146484375,684.5800170898438,685.6900024414062,681.8078002929688,79241000,0.0,0.0
2025-12-08,686.5900268554688,686.6400146484375,681.5700073242188,683.6300048828125,679.7594604492188,55231500,0.0,0.0
2025-12-09,683.1500244140625,685.3900146484375,682.5900268554688,683.0399780273438,679.1727905273438,58310100,0.0,0.0
2025-12-10,682.5599975585938,688.969970703125,681.3099975585938,687.5700073242188,683.6771850585938,85671300,0.0,0.0
2025-12-11,685.1400146484375,689.25,682.1699829101562,689.1699829101562,685.26806640625,86173700,0.0,0.0
2025-12-12,688.1699829101562,688.8800048828125,679.1699829101562,681.760009765625,677.9000854492188,113160300,0.0,0.0
2025-12-15,685.739990234375,685.760009765625,679.25,680.72998046875,676.8758544921875,90811000,0.0,0.0
2025-12-16,679.22998046875,681.0800170898438,674.97998046875,678.8699951171875,675.0264282226562,122030600,0.0,0.0
2025-12-17,679.8900146484375,680.4400024414062,671.2000122070312,671.4000244140625,667.5986938476562,110625200,0.0,0.0
2025-12-18,677.5999755859375,680.739990234375,674.9000244140625,676.469970703125,672.6399536132812,108650100,0.0,0.0
2025-12-19,676.5900268554688,681.0900268554688,676.469970703125,680.5900268554688,678.7363891601562,103599500,1.993,0.0
2025-12-22,683.9400024414062,685.3599853515625,680.5900268554688,684.8300170898438,682.96484375,69556700,0.0,0.0
2025-12-23,683.9199829101562,688.2000122070312,683.8699951171875,687.9600219726562,686.0863037109375,64840000,0.0,0.0
2025-12-24,687.9500122070312,690.8300170898438,687.7999877929688,690.3800048828125,688.4996948242188,39445600,0.0,0.0
2025-12-26,690.6400146484375,691.6599731445312,689.27001953125,690.3099975585938,688.4298706054688,41613300,0.0,0.0
2025-12-29,687.5399780273438,689.2000122070312,686.0700073242188,687.8499755859375,685.9765625,62559500,0.0,0.0
2025-12-30,687.4500122070312,688.5599975585938,686.5800170898438,687.010009765625,685.138916015625,47160700,0.0,0.0
2025-12-31,687.1400146484375,687.3599853515625,681.7100219726562,681.9199829101562,680.062744140625,74144800,0.0,0.0
